<?xml version="1.0" encoding="UTF-8"?>
<?xml-model href="http://www.tei-c.org/release/xml/tei/custom/schema/relaxng/tei_lite.rng" type="application/xml" schematypens="http://relaxng.org/ns/structure/1.0"?
<?xml-model href="http://www.tei-c.org/release/xml/tei/custom/schema/relaxng/tei_lite.rng" type="application/xml" schematypens="http://purl.oclc.org/dsdl/schematron"?>
<TEI xmlns="http://www.tei-c.org/ns/1.0">
  <teiHeader>
    <fileDesc>
      <titleStmt>
        <title>Mary Magdalene Conversion Legend</title>
        <author ref="#PseudoIsidor">Pseudo Isidor</author>
      <respStmt>
                    <!-- ID equals student name as soon as assigned -->
                    <name xml:id="NS">Jenny Koerber</name>
                    <resp>TEI encoder</resp>
                </respStmt>
</titleStmt>
      <editionStmt>
                <edition>
                    <title>Mary Magdalene Conversion Legend - Digital Edition</title>
                    <date when="2017-08-25">August 25, 2017</date>
                </edition>
            </editionStmt>
<publicationStmt>
        <p>Publication information</p>
      <authority>
                  <ref target=""></ref>
                </authority>
                <availability status="free"><p>Published under <ref target=""></ref></p></availability>
</publicationStmt>
      <sourceDesc>
        <msDesc>
                    <!-- (manuscript identifier) contains the information required to identify the manuscript being described -->
                    <msIdentifier>
                        <settlement>Berlin</settlement>
                        <repository>Staatsbibliothek Preußischer Kulturbesitz</repository>
                        <idno>Ms. germ. quart. 261</idno>
                    </msIdentifier>
                    <!-- history groups elements (such as origin or accquisition) describing the full history of a manuscript or manuscript part -->
                    <msContents><p>A collection of Christian legenda, miracles and exempla</p></msContents>
                    <physicDesc><material>paper</material>: 263 leaves : with a few coloured marks</physicDesc>
                    <history>
                        <layoutDesc><layout><p>Written in one column throughout</p></layout></layoutDesc>
                        <origin>
                            <p>Charterhouse St Barbara<origPlace>Cologne</origPlace> <origDate notAfter="1600" notBefore="1500">16th cent.</origDate></p>
                        </origin>
                        <provenance><p>Bibliothèque Nationale<Place>Paris</Place><date>1797-1816</date></p></provenance>
                    </history>
                </msDesc>
                 <!-- (witness list) lists definitions for all the witnesses referred to by a critical apparatus, optionally grouped hierarchically -->
                <listWit>
                    <!-- if an apparatus is included in xml file, all witnesses should be listed - in our case this will be done through the platform  -->
                    <witness xml:id="B1">B1</witness>
                </listWit>
      </sourceDesc>
    </fileDesc>
  <!-- (encoding description) documents the relationship between an electronic text and the source or sources from which it was derived. -->
        <encodingDesc>
            <!-- (schema reference) describes or points to a related customization or schema file -->
            <schemaRef n="lbp-critical-1.0.0" url="https://raw.githubusercontent.com/lombardpress/lombardpress-schema/develop/src/out/critical.rng"/>
            <editorialDecl>
                <!-- (editorial practice declaration) provides details of editorial principles and practices applied during the encoding of a text. -->  
                <p>Encoding of this text has followed the published guidlines on...</p>
            </editorialDecl>
        </encodingDesc>
        <!-- (revision description) summarizes the revision history for a file.  -->
        <revisionDesc status="draft">
            <!-- listChange groups a number of change descriptions (in reverse order!) associated with either the creation of a source text or the revision of an encoded text. -->
            <listChange>
                <change when="2017-08-28" status="draft" n="0.0.0"><p>Change date when editing file for the first time</p></change>
                <change when="2017-08-25" status="draft" n="0.0.0"><p>Created file for the first time.</p></change>                
            </listChange>
        </revisionDesc>
</teiHeader>
  <text>
    <body>
      <pb edRef="#B1" facs="#B1_186r" n="fol. 186r"/>
      <ab xml:id="#B1_legend_title"><lb facs="#B1_186r_a_01"/><head><hi rend="rubr_underline">Dyt is dat leven der <choice><abbr>selig<am>&#795;</am></abbr><expan>selig<ex>er</ex></expan></choice> <name type="person" nymRef="Mary_Magdalene"><choice><orig>m</orig><reg resp="editor" type="capit">M</reg></choice>arien <choice><abbr><orig>m</orig><reg resp="editor" type="capit">M</reg>agdalene&#x305;</abbr><expan>magdalenen</expan></choice></name></hi></head></ab>
<lb facs="#B1_186r_a_02"/><ab xml:id="#B1_genealogy"><name rend="rubr_underline" type="person" nymRef="Mary_Magdalene"><head><hi rend="init_lombard_rubr_decor">M</hi></head>aria <choice><orig>m</orig><reg resp="editor" type="capit">M</reg></choice>agdalena</name> was geboeren van<lb/>
<lb facs="#B1_186r_a_03"/>edelem <choice><abbr>sta<am>m&#x305;</am>e</abbr><expan>stam<ex>m</ex>e</expan></choice> van eyme <choice><abbr>errliche&#x305;</abbr><expan>errlichen</expan></choice> ge<add place="rmargin"><metamark type="double_hyphen" source="manuscript" function="word_division">=</metamark></add><lb/>
<lb facs="#B1_186r_a_04"/>slecht van der stat <name rend="rubr_underline" type="place" nymRef="Jerusalem"><choice><abbr>Jhrlm&#834;</abbr><expan>Jherusalem</expan></choice></name><pc resp="editor">.</pc> Ir vader heysch <name rend="rubr_underline" type="person" nymRef="Syrus">Cerus</name><lb/>
<lb facs="#B1_186r_a_05"/>ir moder <name rend="rubr_underline" type="person" nymRef="Eucharia">Eucharia</name> Ind sy hatten zwae <choice><abbr>docht<am>&#795;</am></abbr><expan>docht<ex>er</ex></expan></choice> ind<lb/>
<lb facs="#B1_186r_a_06"/>eynen son<pc source="manuscript">.</pc> <choice><orig>d</orig><reg resp="editor" type="capit">D</reg></choice>e <choice><abbr>ey&#x305;</abbr><expan>eyn</expan></choice> <choice><abbr>docht<am>&#795;</am></abbr><expan>docht<ex>er</ex></expan></choice> heisch <name rend="rubr_underline" type="person" nymRef="Mary_Magdalene"><choice><abbr><orig>m</orig><reg resp= "editor" type="capit">M</reg><am>&#771;</am></abbr><expan>m<ex>aria</ex></expan></choice></name><pc source="manuscript">,</pc> de ander <name rend="rubr_underline" type="person" nymRef="Martha"><choice><orig>m</orig><reg resp="editor" type="capit">M</reg></choice>artha</name><lb/>
<lb facs="#B1_186r_a_07"/>ind der son heisch <name rend="rubr_underline" type="person" nymRef="Lazarus"><choice><orig>l</orig><reg resp="editor" type="capit">L</reg></choice>azarus</name> und der was den unse <name type="person" nymRef="Jesus_Christ">here</name> up<lb/>
<lb facs="#B1_186r_a_08"/>erweckde van deme dode<pc resp="editor">.</pc></ab><ab xml:id="#B1_heritage">Ind na deme dode<lb/>
<lb facs="#B1_186r_a_09"/>yrre alderen deylten de kynder ir <choice><abbr>ved<am>&#795;liche</am></abbr><expan>ved<ex>erliche</ex></expan></choice> ervve<pc resp="editor">.</pc><lb/>
<lb facs="#B1_186r_a_10"/><name rend="rubr_underline" type="person" nymRef="Lazarus"><choice><orig>l</orig><reg resp="editor" type="capit">L</reg></choice>azarus</name> nam <choice><abbr>ey&#x305;</abbr><expan>eyn</expan></choice> groesse deyl in der stat van <name rend="rubr_underline" type="place" nymRef="Jerusalem"><choice><abbr><orig>j</orig><reg resp="editor" type="capit">J</reg>hrlm&#834;</abbr><expan>Jherusalem</expan></choice></name> <del rend="rubr_strikethrough"><name rend="rubr_underline" type="person" nymRef="Mary_Magdalene"><choice><abbr><orig>m</orig><reg resp= "editor" type="capit">M</reg><am>&#771;</am></abbr><expan>m<ex>aria</ex></expan></choice></name></del><lb/> 
<lb facs="#B1_186r_a_11"/><choice><abbr>id&#x305;</abbr><expan>ind</expan></choice> oiffde sych in der <choice><abbr>ritt<am>&#795;</am>schaff</abbr><expan>ritt<ex>er</ex>schaff</expan></choice> want he was <choice><abbr>ey&#x305;</abbr><expan>eyn</expan></choice> <choice><abbr>ritt<am>&#795;</am></abbr><expan>ritt<ex>er</ex></expan></choice><pc resp="editor">.</pc> <name rend="rubr_underline" type="person" nymRef="Martha"><choice><orig>m</orig><reg resp="editor" type="capit">M</reg></choice>artha</name><lb/>
<lb facs="#B1_186r_a_12"/>geloeffde dem <name type="person" nymRef="Jesus_Christ">heren</name> zo denen in <del rend="rubr_strikethrough">ritt</del> reynicht Ind<lb/>
<lb facs="#B1_186r_a_13"/>wart eyn herbrigemersche der <choice><abbr>pylgrime&#x305;</abbr><expan>pylgrimen</expan></choice> Ind <choice><abbr>sunderliche&#x305;</abbr><expan>sunderlichen</expan></choice><pc resp="editor">.</pc><lb/>
<lb facs="#B1_186r_a_14"/><choice><orig>u</orig><reg resp="editor" type="capit">U</reg></choice>mb irs h<pc source="manuscript">.</pc> levens wylle was sy wurdich zo herbrichen<lb/>
<lb facs="#B1_186r_a_15"/>unssen heren <name rend="rubr_underline" type="person" nymRef="Jesus_Christ"><choice><abbr><choice><orig>j</orig><reg resp="editor" type="capit">J</reg></choice>hm&#834; &#43859;m</abbr><expan>Jhesum Christum</expan></choice></name> syn l<pc source="manuscript">.</pc> moder <choice><orig>I</orig><reg resp="editor" >i</reg></choice>nd de apostelen<pc resp="editor">.</pc> Ind ir<lb/>
<lb facs="#B1_186r_a_16"/>ander deyl was dat stetgen  <name rend="rubr_underline" type="place" nymRef="Bethany"><choice><orig>b</orig><reg resp="editor" type="capit">B</reg></choice>ethania</name> gelegen na by <name rend="rubr_underline" type="place" nymRef="Jerusalem"><choice><abbr><orig>j</orig><reg resp="editor" type="capit">J</reg>hrlm&#834;</abbr><expan>Jherusalem</expan></choice></name><lb/>
<lb facs="#B1_186r_a_17"/>Ind wat ihr <choice><abbr>ov<am>&#795;</am>quam</abbr><expan>ov<ex>er</ex>quam</expan></choice> van eren rentten dat gaff sy den ar<add place="rmargin"><metamark type="double_hyphen" source="manuscript" function="word_division">=</metamark></add><lb/>
<lb facs="#B1_186r_a_18"/>men umb gotz wyllen<pc resp="editor">.</pc> <name rend="rubr_underline" type="person" nymRef="Mary_Magdalene"><choice><orig>m</orig><reg resp="editor" type="capit">M</reg></choice>aria </name>nam zo <choice><abbr>ire&#x305;</abbr><expan>iren</expan></choice> <choice><abbr>ey&#x305;</abbr><expan>eyn</expan></choice> deyl dat<lb/>
<lb facs="#B1_186r_a_19"/>sloss <name type="place" subtype="residence" nymRef="magdalum"><choice><abbr><orig>m</orig><reg resp="editor" type="capit">M</reg>agdalu&#x305;</abbr><expan><ex>Magdalum</ex></expan></choice></name> Ind da van hatte sy den namen <name type="person" rend="rubr_underline" nymRef="Mary_Magdalene"><choice><abbr><orig>m</orig><reg resp="editor" type="capit">M</reg>agdal<am>e&#x305;</am>a</abbr><expan><ex>Magdalena</ex></expan></choice></name><pc resp="editor">.</pc></ab><lb/>
<lb facs="#B1_186r_a_20"/><ab xml:id="#B1_MaryMagdalene_mismanagement">Ind alle ir goit braicht sy zo in groessen swaren <choice><abbr>su&#x305;den</abbr><expan>sunden</expan></choice><lb/>
<lb facs="#B1_186r_a_21"/>myt boessen geselschaff Ind der boesse geist braicht sy zo<lb/>
<lb facs="#B1_186r_a_22"/>va<subst><del rend="rubr_strikethrough">ll</del><add place="above"><unclear>ne</unclear></add></subst> zo manchen <choice><abbr>su&#x305;den</abbr><expan>sunden</expan></choice><pc source="manuscript">,</pc> zo dem erster mayl in <unclear><choice><abbr>hoverde<am>i&#x305;</am>e</abbr><expan>hoverdei<ex>ne</ex></expan></choice></unclear><lb/>
<lb facs="#B1_186r_a_23"/>want sy was ho<choice><orig>u</orig><reg resp="editor">v</reg></choice>erdich van hertzen dat ir doicht dat<lb/>
<lb facs="#B1_186r_a_24"/>ir nemant gelich en was in <choice><abbr>scho<am>y&#x305;</am>heit</abbr><expan>schoy<ex>n</ex>heit</expan></choice><pc resp="editor">.</pc> Ouch so was sy<lb/>
</ab><pb/>
<pb edRef="#B1" facs="#B1_186v" n="fol. 186v"/>
<lb facs="#B1_186v_a_01"/><ab><choice><abbr>hov<am>&#795;</am>dich</abbr><expan>hov<ex>er</ex>dich</expan></choice> in worden <choice><orig>I</orig><reg resp="editor">i</reg></choice>nd in wercken myt <choice><abbr>cleyd<am>e&#785;</am>n</abbr><expan>cleyde<ex>re</ex>n</expan></choice> myt<lb/>
<lb facs="#B1_186v_a_02"/>zerrheit yrs lychams<pc resp="editor">.</pc> Sy was ouch gyrich van zijt<lb/>
<lb facs="#B1_186v_a_03"/>lichen dyngen<pc source="manuscript">,</pc> got und ere<pc source="manuscript">.</pc> Und waillust der werelt<pc resp="editor">.</pc> Ouch<lb/>
<lb facs="#B1_186v_a_04"/>was sy <subst> <del rend="rubr_strikethrough" place="inline">gyrich</del> <add>unkuisch</add></subst> van worden <choice><orig>I</orig><reg resp="editor">i</reg></choice>nd wercken<pc source="manuscript">.</pc> also<lb/>
<lb facs="#B1_186v_a_05"/>dat sy ere goit geruicht verlorre <choice><orig>I</orig><reg resp="editor" >i</reg></choice>nd yren <choice><abbr>eygene&#x305;</abbr><expan>eygenen</expan> </choice><choice><abbr>name&#x305;</abbr><expan>namen</expan></choice><lb/>
<lb facs="#B1_186v_a_06"/><choice><orig>I</orig><reg resp="editor" >i</reg></choice>nd ouch also swerrlichen dat sy <choice><abbr>ey&#x305;</abbr><expan>eyn</expan></choice> offenbare <choice><abbr>su&#x305;dery&#x305;ne</abbr><expan>sunderynne</expan></choice><lb/>
<lb facs="#B1_186v_a_07"/>wart genant<pc resp="editor">.</pc></ab> Als ouch spricht <name type="person" nymRef="Luke">Lucas</name> der <choice><abbr>ewa&#x305;gelista</abbr><expan>ewangelista</expan></choice><pc source="manuscript">,</pc> <choice><abbr>wa&#x305;t</abbr><expan>want</expan></choice><lb/>
<lb facs="#B1_186v_a_08"/>sy <choice><abbr>su&#x305;tge</abbr><expan>suntge</expan></choice> de swerrlich myt yrme gesijcht<pc resp="editor">.</pc> Ir <choice><abbr>sust<am>&#795;</am></abbr><expan>sust<ex>er</ex></expan></choice> <name rend="rubr_underline" type="person" nymRef="Martha"><choice><orig>m</orig><reg resp="editor" type="capit">M</reg></choice>artha</name><lb/>
<lb facs="#B1_186v_a_09"/>claigde dat <choice><abbr>leve&#x305;</abbr><expan>leven</expan></choice> yrre <choice><abbr>sust<am>&#795;</am></abbr><expan>sust<ex>er</ex></expan></choice> der <name type="person" nymRef="Virgin_Mary">moder</name><name rend="rubr_underline" type="person" nymRef="Jesus_Christ"><choice><orig>c</orig><reg resp="editor" type="capit">C</reg></choice>hristi</name> myt <choice><abbr>schrye&#x305;<abbr>de&#x305;</abbr></abbr><expan>schryenden</expan></choice><lb/>
<lb facs="#B1_186v_a_10"/>ougen <choice><orig>I</orig><reg resp="editor" >i</reg></choice>nd batte sy dat sy den <name type="person" nymRef="Jesus_Christ">heren</name> vur sy woulde bydden<pc resp="editor">.</pc><lb/>
<lb facs="#B1_186v_a_11"/><ab xml:id="#B1_Martha_confronts_Mary"> Der leirre <name type="person" nymRef= "Pseudo_Isidore" ><choice><orig>y</orig><reg resp="editor" type="capit">Y</reg></choice>sidorus</name> spricht<pc source="manuscript">,</pc> dat dese susteren quamen<lb/>
<lb facs="#B1_186v_a_12"/>zo samen zo  <name type="place" nymRef="Bethany"><choice><orig>b</orig><reg resp="editor" type="capit">B</reg></choice>ethanien</name><pc resp="editor">.</pc> Ind <name rend="rubr_underline" type="person" nymRef="Mary_Magdalene"><choice><abbr><orig>m</orig><reg resp= "editor" type="capit">M</reg><am>&#771;</am></abbr><expan>m<ex>aria</ex></expan>
</choice><choice><orig>m</orig><reg resp="editor" type="capit">M</reg></choice>agdalena</name> geynck vur<lb/>
<lb facs="#B1_186v_a_13"/>den spiegel stayn <choice><orig>I</orig><reg resp="editor" >i</reg></choice>nd vlechde ir <choice><abbr>schoy&#x305;</abbr><expan>schoyn</expan></choice> harr <choice><orig>I</orig><reg resp="editor" >i</reg></choice>nd zerrde<lb/>
<lb facs="#B1_186v_a_14"/>yren licham<pc resp="editor">.</pc> Do sprach <name rend="rubr_underline" type="person" nymRef="Martha"><choice><orig>m</orig><reg resp="editor" type="capit">M</reg></choice>artha</name> yrre <choice><abbr>sust<am>&#795;</am></abbr><expan>sust<ex>er</ex></expan></choice> zo myt cle<add place="rmargin"><metamark type="double_hyphen" source="manuscript" function="word_division">=</metamark></add><lb/>
<lb facs="#B1_186v_a_15"/>glicher <choice><abbr>sty&#x305;men</abbr><expan>stymmen</expan></choice><pc resp="editor">:</pc> <pc resp="editor">"</pc><choice><orig>a</orig><reg resp="editor" type="capit">A</reg></choice>lsus<pc source="manuscript">,</pc> leiff <choice><abbr>sust<am>&#795;</am></abbr><expan>sust<ex>er</ex></expan></choice> we zerrt ir uren<lb/>
<lb facs="#B1_186v_a_16"/>licham also sere <choice><orig>I</orig><reg resp="editor">i</reg></choice>nd ure <choice><abbr>schoy&#x305;</abbr><expan>schoyn</expan></choice> sele de geschaffen is<lb/>
<lb facs="#B1_186v_a_17"/>na deme gotlichen bylde<pc source="manuscript">,</pc> be<choice><orig>u</orig><reg resp="editor">v</reg></choice>leckt ir myt <choice><abbr>ure&#x305;</abbr><expan>uren</expan></choice> <choice><abbr>groesse&#x305;</abbr><expan>groessen</expan></choice><lb/>
<lb facs="#B1_186v_a_18"/><choice><abbr>su&#x305;den</abbr><expan>sunden</expan></choice><pc resp="editor">.</pc> Ich bydden uch <choice><abbr>my&#x305;n</abbr><expan>myn</expan></choice> leve <choice><abbr>sust<am>&#795;</am></abbr><expan>sust<ex>er</ex></expan></choice> gedenckt dat<lb/>
<lb facs="#B1_186v_a_19"/>ure lycham hait de <subst><del rend="rubr_strikethrough">schoult</del> <add><unclear>schoynheit</unclear></add></subst> van der selen <choice><orig>I</orig><reg resp="editor">i</reg></choice>nd dat <subst><del rend="rubr_strikethrough">dy&#x305;<choice></choice> dyn</del> <add>ure </add> </subst><choice><abbr>schoy&#x305;</abbr><expan>schoyn</expan></choice><lb/>
<lb facs="#B1_186v_a_20"/>licham dat ir zerrt myt goulde und myt syl<choice><orig>u</orig><reg resp="editor">v</reg></choice>er sal wer<add place="rmargin"><metamark type="double_hyphen" source="manuscript" function="word_division">=</metamark></add><lb/>
<lb facs="#B1_186v_a_21"/>den <choice><abbr>ey&#x305;</abbr><expan>eyn</expan></choice> spyse der woerme<pc resp="editor">!</pc><pc resp="editor">"</pc> Do antworde ir <name rend="rubr_underline" type="person" nymRef="Mary_Magdalene"><choice><orig>m</orig><reg resp="editor" type="capit">M</reg></choice>aria</name><choice><orig>I</orig><reg resp="editor">i</reg></choice>nd sprach<pc resp="editor">:</pc><lb/>
<lb facs="#B1_186v_a_22"/><choice><sic>ind sprach</sic></choice><pc resp="editor">"</pc><choice><abbr><choice><orig>m</orig><reg resp="editor" type="capit">M</reg></choice>y&#x305;n</abbr><expan>myn</expan></choice> usserkoeren lieve <choice><abbr>sust<am>&#795;</am></abbr><expan>sust<ex>er</ex></expan></choice><pc resp="editor">.</pc> <choice><orig>n</orig><reg resp="editor" type="capit">N</reg></choice>a dem dat ich<lb/>
<lb facs="#B1_186v_a_23"/>also <choice><abbr>schoy&#x305;</abbr><expan>schoyn</expan></choice> byn an myme licham <choice><orig>I</orig><reg resp="editor">i</reg></choice>nd rych byn van ertz</ab><pb/>
<pb edRef="#B1" facs="#B1_187r" n="fol. 187r"/>
<lb facs="#B1_187r_a_01"/><ab>en goiden<pc source="manuscript">,</pc> so bydden ich dich bys zo vreden <choice><orig>I</orig><reg resp="editor">i</reg></choice>nd lays mych<lb/>
<lb facs="#B1_187r_a_02"/><lb facs="#B1_187r_a_01"/>myn goit <choice><abbr>ve<am>&#795;</am>tzeren</abbr><expan>vertzeren</expan></choice> myt vrouden myt den lieffhaveren deser<lb/>
<lb facs="#B1_187r_a_03"/>werelt <choice><orig>I</orig><reg resp="editor">i</reg></choice>nd lais uns nu zo samen vroelich syn<pc source="manuscript">,</pc> wer weyss<lb/>
<lb facs="#B1_187r_a_04"/>we lange<pc resp="editor">.</pc><pc resp="editor">"</pc> Des <choice><abbr>andere&#x305;</abbr><expan>anderen</expan></choice> dachs zoich <name rend="rubr_underline" type="person" nymRef="Mary_Magdalene"><choice><abbr><orig>m</orig><reg resp= "editor" type="capit">M</reg><am>&#771;</am></abbr><expan>m<ex>aria</ex></expan>
</choice></name> zo huyss <choice><orig>I</orig><reg resp="editor">i</reg></choice>nd<lb/>
<lb facs="#B1_187r_a_05"/><name rend="rubr_underline" type="person" nymRef="Martha"><choice><orig>m</orig><reg resp="editor" type="capit">M</reg></choice>artha</name> schrey und <choice><abbr>wey&#x305;de</abbr><expan>weynde</expan></choice> <choice><abbr>se<am>&#795;</am></abbr><expan>sere</expan></choice> dat ir <choice><abbr>sust<am>&#795;</am></abbr><expan>sust<ex>er</ex></expan></choice> so wylde was<pc resp="editor">.</pc></ab><lb/>
<lb facs="#B1_187r_a_06"/><ab xml:id="#B1_MaryMagdalene_lovers">Dar na <choice><abbr>ov<am>&#795;</am></abbr><expan>over</expan></choice> zwene maynde hatten de <choice><abbr>ju&#x305;gelynck&#x305;ne</abbr><expan>jungelynck</expan></choice> van <name rend="rubr_underline" type="place" nymRef="Jerusalem"><choice><abbr><orig>j</orig><reg resp="editor" type="capit">J</reg>hrlm&#834;</abbr><expan>iherusalem</expan></choice></name><lb/>
<lb facs="#B1_187r_a_07"/>eynen hoff <choice><orig>I</orig><reg resp="editor">i</reg></choice>nd <choice><abbr>ey&#x305;</abbr><expan>eyn</expan></choice> vroelicheit<pc source="manuscript">,</pc> dar zo wart <name rend="rubr_underline" type="person" nymRef="Mary_Magdalene"><choice><abbr><orig>m</orig><reg resp= "editor" type="capit">M</reg><am>&#771;</am></abbr><expan>m<ex>aria</ex></expan>
</choice><choice><orig>m</orig><reg resp="editor" type="capit">M</reg></choice>agdalena</name><lb/>
<lb facs="#B1_187r_a_08"/>gebeden <choice><orig>I</orig><reg resp="editor">i</reg></choice>nd sy quam myt groesser kostlicht ind<lb/>
<lb facs="#B1_187r_a_09"/>zerrheit irs lichams als <choice><abbr>ey&#x305;</abbr><expan>eyn</expan></choice> <choice><abbr>lieffhau<am>&#795;</am>sche</abbr><expan>lieffha<choice><orig>u</orig><reg resp="editor">v</reg></choice>ersche</expan></choice> deser werelt <choice><orig>I</orig><reg resp="editor">i</reg></choice>nd<lb/>
<lb facs="#B1_187r_a_10"/>sprungen und dantzden ij dach <choice><orig>I</orig><reg resp="editor">i</reg></choice>nd ij nacht so dat sy nau<add place="rmargin"><metamark type="double_hyphen" source="manuscript" function="word_division">=</metamark></add><lb/>
<lb facs="#B1_187r_a_11"/>we spise nemen moicht van vroelicheit <choice><orig>I</orig><reg resp="editor">i</reg></choice>nd wyldicheit<pc resp="editor">.</pc></ab><lb/>
<lb facs="#B1_187r_a_12"/><ab xml:id="#B1_market_scene">Ind in der <choice><abbr>selv<am>&#795;</am></abbr><expan>selver</expan></choice> zijt <choice><abbr>ve<am>&#795;</am>nam</abbr><expan>vernam</expan></choice> <name rend="rubr_underline" type="person" nymRef="Martha"><choice><orig>m</orig><reg resp="editor" type="capit">M</reg></choice>artha</name> ir <choice><abbr>sust<am>&#795;</am></abbr><expan>sust<ex>er</ex></expan></choice> dat der <choice><abbr>he<am>&#795;</am></abbr><expan>here</expan></choice> <name rend="rubr_underline" type="person" nymRef="Jesus_Christ"><choice><orig>j</orig><reg resp="editor" type="capit">J</reg></choice>esus christus</name><lb/>
<lb facs="#B1_187r_a_13"/>was in dem <name rend="rubr_underline" type="place" nymRef="Galilee">galileischen lande</name> <choice><orig>I</orig><reg resp="editor">i</reg></choice>nd woulde er zo ir ko<add place="rmargin"><metamark type="double_hyphen" source="manuscript" function="word_division">=</metamark></add><lb/>
<lb facs="#B1_187r_a_14"/>men zo  <name rend="rubr_underline" type="place" nymRef="Bethany"><choice><orig>b</orig><reg resp="editor" type="capit">B</reg></choice>ethanien</name><pc resp="editor">.</pc> Do geyncken <name rend="rubr_underline" type="person" nymRef="Martha"><choice><orig>m</orig><reg resp="editor" type="capit">M</reg></choice>artha</name> <choice><orig>I</orig><reg resp="editor">i</reg></choice>nd <name rend="rubr_underline" type="person" nymRef="Martilla"><choice><orig>m</orig><reg resp="editor" type="capit">M</reg></choice>arcella</name><pc resp="editor">,</pc> de <name rend="rubr_underline" type="person" nymRef="Martha"><choice><orig>m</orig><reg resp="editor" type="capit">M</reg></choice>arthen</name> mait<lb/>
<lb facs="#B1_187r_a_15"/>was<pc resp="editor">,</pc> des morgens vroe in de stat <name rend="rubr_underline" type="place" nymRef="Jerusalem"><choice><abbr><orig>j</orig><reg resp="editor" type="capit">J</reg>Jhrlm&#834;</abbr><expan>Jherusalem</expan></choice></name> zo gelden spise<lb/>
<lb facs="#B1_187r_a_16"/>vur den <name type="person" nymRef="Jesus_Christ">heren</name> <choice><orig>I</orig><reg resp="editor">i</reg></choice>nd syn <choice><abbr>yu&#x305;geren</abbr><expan>yungeren</expan></choice><pc source="manuscript">,</pc> so quamen sy van deme<lb/>
<lb facs="#B1_187r_a_17"/>raytzhuiss myt pyfen und myt <choice><abbr>blasu&#x305;gen</abbr><expan>blasungen</expan></choice><pc resp="editor">.</pc> <name rend="rubr_underline" type="person" nymRef="Mary_Magdalene"><choice><orig>m</orig><reg resp="editor" type="capit">M</reg></choice>aria</name> <name><choice><orig>m</orig><reg resp="editor" type="capit">M</reg></choice><choice><abbr>agdale&#x305;a</abbr><expan>Magda<ex>lena</ex></expan></choice></name><lb/>
<lb facs="#B1_187r_a_18"/><choice><abbr>gey&#x305;ck</abbr><expan>geynck</expan></choice> vur in deme rey myt <choice><abbr>hov<am>&#795;</am>dichen</abbr><expan>hoverdichem</expan></choice> hertzen<pc source="manuscript">,</pc> dyt<lb/>
<lb facs="#B1_187r_a_19"/>sach <name rend="rubr_underline" type="person" nymRef="Martilla"><choice><orig>m</orig><reg resp="editor" type="capit">M</reg></choice>arcella</name> dat <name rend="rubr_underline" type="person" nymRef="Mary_Magdalene"><choice><abbr><orig>m</orig><reg resp= "editor" type="capit">M</reg><am>&#771;</am></abbr><expan>m<ex>aria</ex></expan>
</choice></name> geleyt wart in groessen eren ind<lb/>
<lb facs="#B1_187r_a_20"/>vroelicheit<pc resp="editor">.</pc> Do saicht sy zo yrre vrauwen <name rend="rubr_underline" type="person" nymRef="Martha"><choice><orig>m</orig><reg resp="editor" type="capit">M</reg></choice>artha</name><pc resp="editor">:</pc><lb/>
<lb facs="#B1_187r_a_21"/><pc resp="editor">"</pc><choice><orig>i</orig><reg resp="editor" type="capit">I</reg></choice>unffer seyt ure <choice><abbr>sust<am>&#795;</am></abbr><expan>sust<ex>er</ex></expan></choice><pc resp="editor">!</pc><pc resp="editor">"</pc><pc source="manuscript">,</pc> do sach <name type="person" nymRef="Martha"><choice><orig>m</orig><reg resp="editor" type="capit">M</reg></choice>artha</name> umb ind wart<lb/>
<lb facs="#B1_187r_a_22"/><choice><abbr>bitt<am>&#795;</am>lichen</abbr><expan>bitterlichen</expan></choice> <choice><abbr>schreye&#x305;de</abbr><expan>schreyende</expan></choice> ind wranck ir hende zo <choice><abbr>same&#x305;</abbr><expan>samen</expan></choice> ind<lb/>
<lb facs="#B1_187r_a_23"/>sprach <choice><abbr>y&#x305;ne&#x305;clichen</abbr><expan>ynnenclichen</expan></choice><pc resp="editor">:</pc> <pc resp="editor">"</pc>O <choice><abbr>my&#x305;</abbr><expan>myn</expan></choice> got ind <choice><abbr>my&#x305;</abbr><expan>myn</expan></choice> schepper<pc resp="editor">,</pc>we wail<lb/>
<lb facs="#B1_187r_a_24"/>dat mych noch tunckt dat <choice><abbr>my&#x305;</abbr><expan>myn</expan></choice> <choice><abbr>sust<am>&#795;</am></abbr><expan>sust<ex>er</ex></expan></choice> gedeynt hat deme
</ab><pb/>
<pb edRef="#B1" facs="#B1_187v" n="fol. 187v"/>
<lb facs="#B1_187v_a_01"/><ab>boesen geist<pc resp="editor">.</pc> <choice><orig>n</orig><reg resp="editor" type="capit">N</reg></choice>ochtant bidden ich dich dattu sy anseyn<lb/>
<lb facs="#B1_187v_a_02"/>wyls myt dynen <choice><abbr>bar&#x305;hertzichen</abbr><expan>barmhertzichen</expan></choice> ougen ind gyff ir eynen<lb/>
<lb facs="#B1_187v_a_03"/><choice><abbr>andere&#x305;</abbr><expan>anderen</expan></choice> <choice><abbr>sy&#x305;ne</abbr><expan>synne</expan></choice> dat sy ir le<choice><orig>u</orig><reg resp="editor">v</reg></choice>en bessen<pc resp="editor">!</pc><pc resp="editor">"</pc> Ind myt desen beden<lb/>
<lb facs="#B1_187v_a_04"/>bleyff <name rend="rubr_underline" type="person" nymRef="Martha"><choice><orig>m</orig><reg resp="editor" type="capit">M</reg></choice>artha</name> <choice><abbr>stay&#x305;</abbr><expan>stayn</expan></choice> ind <choice><abbr>v<am>&#795;</am>leitte</abbr><expan>verleytte</expan></choice> na yrre <choice><abbr>sust<am>&#795;</am></abbr><expan>sust<ex>er</ex></expan></choice> <name rend="rubr_underline" type="person" nymRef="Mary_Magdalene"><choice><orig>m</orig><reg resp="editor" type="capit">M</reg></choice>arien</name><pc resp="editor">.</pc><lb/>
<lb facs="#B1_187v_a_05"/>Do <name rend="rubr_underline" type="person" nymRef="Mary_Magdalene"><choice><abbr><orig>m</orig><reg resp= "editor" type="capit">M</reg><am>&#834;</am></abbr><expan>m<ex>aria</ex></expan></choice></name> quam zo yrre <choice><abbr>sust<am>&#795;</am></abbr><expan>sust<ex>er</ex></expan></choice><pc source="manuscript">,</pc> do sprach sy <name rend="rubr_underline" type="person" nymRef="Martha"><choice><abbr><orig>m</orig><reg resp="editor" type="capit">M</reg>arte&#x305;</abbr><expan>marten</expan></choice></name> zo ind<lb/>
<lb facs="#B1_187v_a_06"/>vraichde sy wat sy so vroe woulde ind wat sy so vroe<lb/>
<lb facs="#B1_187v_a_07"/>in der stat dede<pc resp="editor">.</pc> <name rend="rubr_underline" type="person" nymRef="Martha"><choice><orig>m</orig><reg resp="editor" type="capit">M</reg></choice>artha</name> de h<pc source="manuscript">.</pc> <choice><abbr><orig>j</orig><reg resp="editor" type="capit">J</reg>u&#x305;ffer</abbr><expan>junffer</expan></choice> antworde yr myt<lb/>
<lb facs="#B1_187v_a_08"/>groessen <del rend="rubr_strikethrough">stat</del> oitmoidicht<pc source="manuscript">,</pc> dat sy were komen spise zo gelden<lb/>
<lb facs="#B1_187v_a_09"/>vur eren gast<pc source="manuscript">,</pc> do en hatten de zwae neyt vyl wort<lb/>
<lb facs="#B1_187v_a_10"/>zo samen umb des volcks wyllen dat da by <choice><abbr>stuy&#x305;t</abbr><expan>stuynt</expan></choice><pc resp="editor">.</pc> Mer<lb/>
<lb facs="#B1_187v_a_11"/><name rend="rubr_underline" type="person" nymRef="Mary_Magdalene"><choice><abbr><orig>m</orig><reg resp= "editor" type="capit">M</reg><am>&#771;</am></abbr><expan>m<ex>aria</ex></expan>
</choice></name> sprach myt lachendem munde<pc resp="editor">:</pc><pc resp="editor">"</pc> <choice><orig>l</orig><reg resp="editor" type="capit">L</reg></choice>eiff <choice><abbr>sust<am>&#795;</am></abbr><expan>sust<ex>er</ex></expan></choice><pc resp="editor">,</pc> geilt ouch<lb/>
<lb facs="#B1_187v_a_12"/>get vur mych ich wyl zo dir komen und wylle myt dir<lb/>
<lb facs="#B1_187v_a_13"/>essen<pc resp="editor">.</pc><pc resp="editor">"</pc> her up spricht sent <name rend="rubr_underline" type="person" nymRef="Augustine">Augustinus</name><pc source="manuscript">,</pc> dat <name rend="rubr_underline" type="person" nymRef="Mary_Magdalene"><choice><abbr><orig>m</orig><reg resp= "editor" type="capit">M</reg><am>&#771;</am></abbr><expan>m<ex>aria</ex></expan>
</choice></name> <choice><abbr>by&#x305;ne&#x305;</abbr><expan>bynnen</expan></choice> <choice><abbr>alle&#x305;</abbr><expan>allen</expan></choice><lb/>
<lb facs="#B1_187v_a_14"/>yren dagen ney bessen mailzijten ass dan dese want he<lb/>
<lb facs="#B1_187v_a_15"/>wart sy bekerrt van erem <choice><abbr>su&#x305;dlichen</abbr><expan>sundlichen</expan></choice> leven<pc resp="editor">.</pc> </ab> <ab xml:id="#B1_Mary_at_Marthas_house">Des <choice><abbr>andere&#x305;</abbr><expan>anderen</expan></choice><lb/> dachs van groessen moidicheit geynck <name rend="rubr_underline" type="person" nymRef="Mary_Magdalene"><choice><abbr><orig>m</orig><reg resp= "editor" type="capit">M</reg><am>&#771;</am></abbr><expan>m<ex>aria</ex></expan>
</choice></name> alle <choice><abbr>hey&#x305;lichen</abbr><expan>heymlichen</expan></choice><lb/>
<lb facs="#B1_187v_a_16"/>uff <name rend="rubr_underline" type="place" nymRef="Jerusalem"><choice><abbr><orig>j</orig><reg resp="editor" type="capit">J</reg>hrlm&#834;</abbr><expan>Jherusalem</expan></choice></name> <choice><orig>I</orig><reg resp="editor">i</reg></choice>nd quam zo <name rend="rubr_underline" type="person" nymRef="Martha"><choice><orig>m</orig><reg resp="editor" type="capit">M</reg></choice>arta</name> yrre <choice><abbr>sust<am>&#795;</am></abbr><expan>sust<ex>er</ex></expan></choice> huiss zo <name rend="rubr_underline" type="place" nymRef="Bethany"><choice><orig>b</orig><reg resp="editor" type="capit">B</reg></choice>etha<add place="rmargin"><metamark type="double_hyphen" source="manuscript" function="word_division">=</metamark></add><lb/>
<lb facs="#B1_187v_a_17"/>nien</name> de sy lefflichen yntfeynck myt vroelicheit <choice><orig>I</orig><reg resp="editor">i</reg></choice>nd<lb/>
<lb facs="#B1_187v_a_18"/>heysch sy gayn sytzen<pc resp="editor">.</pc> Do sprach <name rend="rubr_underline" type="person" nymRef="Mary_Magdalene"><choice><abbr><orig>m</orig><reg resp= "editor" type="capit">M</reg><am>&#771;</am></abbr><expan>m<ex>aria</ex></expan></choice></name><pc resp="editor">:</pc> <pc resp="editor">"</pc>Och leve <choice><abbr>sust<am>&#795;</am></abbr><expan>sust<ex>er</ex></expan></choice><pc resp="editor">,</pc><lb/>
<lb facs="#B1_187v_a_19"/>des is myr groess van noeden und ich behoeven is wail<lb/>
<lb facs="#B1_187v_a_20"/>dat ich mych resten want ich han zwene <choice><abbr>gantz<am>&#795;</am></abbr><expan>gantzer</expan></choice> dage<lb/>
<lb facs="#B1_187v_a_21"/><choice><orig>I</orig><reg resp="editor">i</reg></choice>nd in naicht gesprungen ind vroelichen gewest myt<lb/>
<lb facs="#B1_187v_a_22"/>den <choice><abbr>ju&#x305;gelyngen</abbr><expan>jungelyngen</expan></choice>jungelingen van <name rend="rubr_underline" type="place" nymRef="Jerusalem"><choice><abbr><orig>j</orig><reg resp="editor" type="capit">J</reg>hrlm&#834;</abbr><expan>Jherusalem</expan></choice></name> <choice><orig>I</orig><reg resp="editor">i</reg></choice>nd en han ney so vroelich<lb/>
<lb facs="#B1_187v_a_23"/>gewest in alle den dagen <choice><abbr>my&#x305;s</abbr><expan>myns</expan></choice> <choice><abbr>leve&#x305;s</abbr><expan>levens</expan></choice> als nu ind ich 
</ab><pb/>
<pb edRef="#B1" facs="#B1_188r" n="fol. 188r"/>
<lb facs="#B1_188r_a_01"/><ab>han de gantze stat van <name rend="rubr_underline" type="place" nymRef="Jerusalem"><choice><abbr><orig>j</orig><reg resp="editor" type="capit">J</reg>hrlm&#834;</abbr><expan>Jherusalem</expan></choice></name> vroelich gemaicht<pc resp="editor">.</pc><pc resp="editor">"</pc><lb/>
<lb facs="#B1_188r_a_02"/>recht off sy sagen woulde<pc source="manuscript">,</pc> <pc resp="editor">"</pc>nu en danssen ich nimmerme<pc resp="editor">.</pc><pc resp="editor">"</pc><lb/>
<lb facs="#B1_188r_a_03"/><name rend="rubr_underline" type="person" nymRef="Martha"><choice><orig>m</orig><reg resp="editor" type="capit">M</reg></choice>artha</name> de h <choice><abbr>ju&#x305;ffer</abbr><expan>junffer</expan></choice> antworde yrre <choice><abbr>sust<am>&#795;</am></abbr><expan>sust<ex>er</ex></expan></choice> alle <choice><abbr>vrage&#x305;de</abbr><expan>vragende</expan></choice><lb/>
<lb facs="#B1_188r_a_04"/>ind sprach<pc resp="editor">:</pc> <pc resp="editor">"</pc><choice><orig>l</orig><reg resp="editor" type="capit">L</reg></choice>eyve <choice><abbr>sust<am>&#795;</am></abbr><expan>sust<ex>er</ex></expan></choice><pc resp="editor">,</pc> na dem dattu so vroelichen bys<lb/>
<lb facs="#B1_188r_a_05"/>gewest<pc source="manuscript">,</pc> haistu ouch in den koenynck der alle hertzen vroe<add place="rmargin"><metamark type="double_hyphen" source="manuscript" function="word_division">=</metamark></add><lb/>
<lb facs="#B1_188r_a_06"/>lichen kan machen ind der der <choice><abbr>schoy&#x305;ste</abbr><expan>schoynste</expan></choice> is <choice><abbr>bove&#x305;</abbr><expan>boven</expan></choice> allen <choice><abbr>koeny&#x305;n</abbr><expan>koenyn</expan></choice><lb/>
<lb facs="#B1_188r_a_07"/>cken<pc resp="editor">?</pc><pc resp="editor">"</pc> Do sprach <name type="person" nymRef="Mary_Magdalene"><choice><abbr><orig>m</orig><reg resp= "editor" type="capit">M</reg><am>&#771;</am></abbr><expan>m<ex>aria</ex></expan>
</choice></name> und saicht<pc source="manuscript">,</pc> <pc resp="editor">"</pc>by uns en waren <choice><abbr>gey&#x305;</abbr><expan>geyn</expan></choice> <choice><abbr>koeny&#x305;ck</abbr><expan>koenynck</expan></choice><pc resp="editor">.</pc><lb/>
<lb facs="#B1_188r_a_08"/><choice><orig>w</orig><reg resp="editor" type="capit">W</reg></choice>en meynstu<pc source="manuscript">,</pc> meynstu den keysen <name rend="rubr_underline" type="person" role="emperor" nymRef="Tiberius" ><choice><abbr><choice><orig>t</orig><reg resp="editor" type="capit">T</reg></choice>iberi<am>&#42864;</am></abbr><expan><ex>Tyberius</ex></expan></choice></name><pc resp="editor">?</pc> <pc resp="editor">"</pc><name type="person" nymRef="Martha"><choice><orig>m</orig><reg resp="editor" type="capit">M</reg></choice>artha</name> sprach<pc resp="editor">:</pc> <lb/>
<lb facs="#B1_188r_a_09"/><pc resp="editor">"</pc><choice><orig>i</orig><reg resp="editor" type="capit">I</reg></choice>ch en meynen neyt <name rend="rubr_underline" type="person" role= "emperor" nymRef="Tiberius"><choice><abbr><choice><orig>t</orig><reg resp="editor" type="capit">T</reg></choice>iberi<am>&#42864;</am></abbr><expan><ex>Tyberius</ex></expan></choice></name><pc source="manuscript">,</pc> der da is <choice><abbr>ey&#x305;</abbr><expan>eyn</expan></choice> <choice><abbr>koeny&#x305;ck</abbr><expan>koenynck</expan></choice> der<lb/>
<lb facs="#B1_188r_a_10"/><choice><abbr>my&#x305;schen</abbr><expan>mynschen</expan></choice><pc source="manuscript">,</pc> mer ich meynen den <choice><abbr>koeny&#x305;ck</abbr><expan>koenynck</expan></choice> alre <choice><abbr>koeny&#x305;ck</abbr><expan>koenynck</expan></choice><lb/>
<lb facs="#B1_188r_a_11"/>ind <choice><abbr>rycht<am>&#795;</am></abbr><expan>rychter</expan></choice> hemelreichs ind ertriechs<pc source="manuscript">,</pc> der da ys <choice><abbr>ey&#x305;</abbr><expan>eyn</expan></choice> verloesser<lb/>
<lb facs="#B1_188r_a_12"/>der <name type="org" subtype="religion" nymRef="Children_of_Israel"><choice><abbr>kynd<am>&#795;</am></abbr><expan>kynder</expan></choice> van<hi rend="rubr_underline"> Israhel</hi></name> ind der da in ewe draigt alle <choice><abbr>schoy&#x305;</abbr><expan>schoyn</expan></choice><lb/>
<lb facs="#B1_188r_a_13"/>heit der werelt<pc source="manuscript">,</pc> want syn vader is got und syn moder is<lb/>
<lb facs="#B1_188r_a_14"/><choice><abbr>ey&#x305;</abbr><expan>eyn</expan></choice> reyne <choice><abbr>ju&#x305;ffer</abbr><expan>junffer</expan></choice><pc source="manuscript">,</pc> de geboeren ys van deme koenynck<lb/>
<lb facs="#B1_188r_a_15"/>lichen <name type="org" subtype="religion" nymRef="Tribe_of_David"><choice><abbr>sta<am>m&#x305;</am>e</abbr><expan>stam<ex>m</ex>e</expan></choice> her <name rend="rubr_underline" type="person" nymRef="David"><choice><orig>d</orig><reg resp="editor" type="capit">D</reg></choice>avitz</name></name><pc resp="editor">.</pc><pc resp="editor">"</pc> Do vraichde <name rend="rubr_underline" type="person" nymRef="Mary_Magdalene"><choice><orig>m</orig><reg resp="editor" type="capit">M</reg></choice>aria</name> nadem<lb/>
<lb facs="#B1_188r_a_16"/>leffha<choice><orig>u</orig><reg resp="editor">v</reg></choice>er deser werelt ind sprach<pc resp="editor">:</pc> <pc resp="editor">"</pc>Och l. <choice><abbr>sust<am>&#795;</am></abbr><expan>sust<ex>er</ex></expan></choice><pc resp="editor">,</pc> ich byd<add place="rmargin"><metamark type="double_hyphen" source="manuscript" function="word_division">=</metamark></add><lb/>
<lb facs="#B1_188r_a_17"/>den dich sage myr doch<pc source="manuscript">,</pc> wer deser schoyn  <choice><abbr>koeny&#x305;ck</abbr><expan>koenynck</expan></choice> is<lb/>
<lb facs="#B1_188r_a_18"/>da du so groesse dynck aff spreichs<pc resp="editor">.</pc> Is he also <choice><abbr>schoy&#x305;</abbr><expan>schoyn</expan></choice><pc resp="editor">?</pc><lb/>
<lb facs="#B1_188r_a_19"/>ich en wylle in <choice><abbr>v<am>&#795;wen</am></abbr><expan>v<ex>erwen</ex></expan></choice> myt myme gelde ind goide zo<lb/>
<lb facs="#B1_188r_a_20"/>myr nemen zo myme le<choice><orig>u</orig><reg resp="editor">v</reg></choice>en ind syn <choice><abbr>vru&#x305;tschaff</abbr><expan>vruntschaff</expan></choice> wyl ich<lb/>
<lb facs="#B1_188r_a_21"/>krychen<pc resp="editor">.</pc><pc resp="editor">"</pc> Mer <name type="person" nymRef="Martha"><choice><orig>m</orig><reg resp="editor" type="capit">M</reg></choice>artha</name> antworde ir<pc resp="editor">:</pc> <pc resp="editor">"</pc><choice><orig>l</orig><reg resp="editor" type="capit">L</reg></choice>eiff <choice><abbr>sust<am>&#795;</am></abbr><expan>sust<ex>er</ex></expan></choice><pc resp="editor">,</pc> den koe<add place="rmargin"><metamark type="double_hyphen" source="manuscript" function="word_division">=</metamark></add><lb/>
<lb facs="#B1_188r_a_22"/>nynck den ich meynen is myn l<pc resp="editor">.</pc> here <name rend="rubr_underline" type="person" nymRef="Jesus_Christ"> <choice><abbr>Ihs &#43859;p&#771;&#42859;</abbr><expan>Ihesus Christus</expan></choice></name><pc source="manuscript">,</pc> der da is <choice><abbr>ey&#x305;</abbr><expan>eyn</expan></choice><lb/>
<lb facs="#B1_188r_a_23"/>artzeden den selen<pc resp="editor">!</pc> <pc resp="editor">"</pc>Ind myt den worden weynde <name rend="rubr_underline" type="person" nymRef="Martha"><choice><orig>m</orig><reg resp="editor" type="capit">M</reg></choice>artha</name><lb/>
<lb facs="#B1_188r_a_24"/>dar umb dat <name rend="rubr_underline" type="person" nymRef="Mary_Magdalene"><choice><orig>m</orig><reg resp="editor" type="capit">M</reg></choice>aria </name> dat neit geistlichen up en nam 
</ab><pb/>
<pb edRef="#B1" facs="#B1_188v" n="fol. 188v"/>
<lb facs="#B1_188v_a_01"/><ab>mer vleischlichen<pc resp="editor">.</pc> Als <name rend="rubr_underline" type="person" nymRef="Mary_Magdalene"><choice><abbr><orig>m</orig><reg resp= "editor" type="capit">M</reg><am>&#771;</am></abbr><expan>m<ex>aria</ex></expan>
</choice></name> sach dat ir <choice><abbr>sust<am>&#795;</am></abbr><expan>sust<ex>er</ex></expan></choice> weynde<lb/>
<lb facs="#B1_188v_a_02"/>do vraichde sy <name rend="rubr_underline" type="person" nymRef="Martha"><choice><sic><choice><orig>m</orig><reg resp="editor" type="capit">M</reg></choice>artha</sic><corr><choice><abbr><orig>m</orig><reg resp= "editor" type="capit">M</reg><am>&#771;</am></abbr><expan>m<ex>aria</ex></expan>
</choice></corr></choice></name> ind sprach<pc resp="editor">:</pc> <pc resp="editor">"</pc><choice><orig>l</orig><reg resp="editor" type="capit">L</reg></choice>e<choice><orig>u</orig><reg resp="editor">v</reg>e</choice> <choice><abbr>sust<am>&#795;</am></abbr><expan>sust<ex>er</ex></expan></choice><pc resp="editor">,</pc> wair umb<lb/>
<lb facs="#B1_188v_a_03"/>weynstu allezijt als ich by dich komen is dat myn<lb/>
<lb facs="#B1_188v_a_04"/>schoult saege it myr<pc resp="editor">?</pc> <choice><orig>i</orig><reg resp="editor" type="capit">I</reg></choice>ch wylle van dir bly<choice><orig>u</orig><reg resp="editor">v</reg></choice>en<pc resp="editor">.</pc><pc resp="editor">"</pc> Do sprach<lb/>
<lb facs="#B1_188v_a_05"/><name rend="rubr_underline" type="person" nymRef="Martha"><choice><orig>m</orig><reg resp="editor" type="capit">M</reg></choice>artha</name><pc resp="editor">:</pc> <pc resp="editor">"</pc>Och l<pc resp="editor">.</pc> <choice><abbr>sust<am>&#795;</am></abbr><expan>sust<ex>er</ex></expan></choice> in mach ich neyt wail schreyen<lb/>
<lb facs="#B1_188v_a_06"/>want ich hoiren alle zijt dattu dyn got geruicht<pc source="manuscript">,</pc> dat<lb/>
<lb facs="#B1_188v_a_07"/><choice><abbr>bess<am>&#795;</am></abbr><expan>besser</expan></choice> is dan goult ind sylver hais verloeren und dyn<lb/>
<lb facs="#B1_188v_a_08"/>geselschaffen is neyt got und du be<choice><orig>u</orig><reg resp="editor">v</reg></choice>lecks dyn <choice><abbr>schoy&#x305;</abbr><expan>schoyn</expan></choice><lb/>
<lb facs="#B1_188v_a_09"/>sele myt groessen swaeren <choice><abbr>su&#x305;den</abbr><expan>sunden</expan></choice> ind alle zijt moess<lb/>
<lb facs="#B1_188v_a_10"/>ich dyn boese geruicht hoiren wa ich byn<pc resp="editor">.</pc><pc resp="editor">"</pc> <name rend="rubr_underline" type="person" nymRef="Mary_Magdalene"><choice><orig>m</orig><reg resp="editor" type="capit">M</reg></choice>agdalena</name><lb/>
<lb facs="#B1_188v_a_11"/>en <choice><abbr>kuy&#x305;t</abbr><expan>kuynt</expan></choice> sych neyt langer inthalden ind saicht myt schry<add place="rmargin"><metamark type="double_hyphen" source="manuscript" function="word_division">=</metamark></add><lb/>
<lb facs="#B1_188v_a_12"/>enden ougen<pc resp="editor">:</pc> <pc resp="editor">"</pc>Och <choice><abbr>my&#x305;</abbr><expan>myn</expan></choice> l<pc resp="editor">.</pc> <choice><abbr>sust<am>&#795;</am></abbr><expan>sust<ex>er</ex></expan></choice><pc resp="editor">,</pc> alle is it dat ich <choice><abbr>my&#x305;</abbr><expan>myn</expan></choice><lb/>
<lb facs="#B1_188v_a_13"/>got geruicht <choice><abbr>ve&#785;loren</abbr><expan>verloren</expan></choice> han<pc source="manuscript">,</pc> giff myr doch <choice><abbr>eyne&#x305;</abbr><expan>eynen</expan></choice> goiden<lb/>
<lb facs="#B1_188v_a_14"/>rayt dat ich <choice><abbr>my&#x305;</abbr><expan>myn</expan></choice> leven mach besseren ind <choice><abbr>my&#x305;</abbr><expan>myn</expan></choice> groesse<lb/>
<lb facs="#B1_188v_a_15"/><choice><abbr>su&#x305;den</abbr><expan>sunden</expan></choice> da ich <choice><abbr>y&#x305;ne</abbr><expan>ynne</expan></choice> byn<pc resp="editor">.</pc><pc resp="editor">"</pc> <name rend="rubr_underline" type="person" nymRef="Martha"><choice><orig>m</orig><reg resp="editor" type="capit">M</reg></choice>artha</name> antworde<pc resp="editor">:</pc> <pc resp="editor">"</pc><choice><orig>i</orig><reg resp="editor" type="capit">I</reg></choice>ch en kan<lb/>
<lb facs="#B1_188v_a_16"/>dir geynen <choice><abbr>besse&#785;n</abbr><expan>besseren</expan></choice> rayt <choice><abbr>geg<am>&#795;</am></abbr><expan>gegeben</expan></choice><pc source="manuscript">,</pc> dan beyde ind bleyff he<lb/>
<lb facs="#B1_188v_a_17"/>by myr <choice><abbr>ey&#x305;</abbr><expan>eyn</expan></choice> kuirte wyle<pc source="manuscript">,</pc> hude off <choice><abbr>moi&#x305;</abbr><expan>moin</expan></choice> <choice><abbr>ku&#x305;pt</abbr><expan>kumpt</expan></choice> der artze der<lb/>
<lb facs="#B1_188v_a_18"/>selen <name rend="rubr_underline" type="person" nymRef="Jesus_Christ"><choice><abbr>Ihus &#43859;p&#771;&#42859;</abbr><expan>Ihesus Christus</expan></choice></name> <choice><abbr>my&#x305;</abbr><expan>myn</expan></choice> hoichste troist ind <choice><abbr>my&#x305;</abbr><expan>myn</expan></choice> alre lieffste<lb/>
<lb facs="#B1_188v_a_19"/>gast<pc source="manuscript">,</pc> bydde yn dat he dir affwesch dyn <choice><abbr>su&#x305;de&#x305;</abbr><expan>sunden</expan></choice> ind dat<lb/>
<lb facs="#B1_188v_a_20"/>he dir wylle <choice><abbr>ve&#785;geven</abbr><expan>vergeven</expan></choice> alle dyn <choice><abbr>su&#x305;den</abbr><expan>sunden</expan></choice><pc resp="editor">.</pc><pc resp="editor">"</pc> </ab> <ab xml:id="#B1_Jesus_enters">Do <name rend="rubr_underline" type="person" nymRef="Mary_Magdalene"><choice><abbr><orig>m</orig><reg resp= "editor" type="capit">M</reg><am>&#771;</am></abbr><expan>m<ex>aria</ex></expan></choice></name> dese wort<lb/>
<lb facs="#B1_188v_a_21"/>hoirte ey dat sy dar up antworde<pc source="manuscript">,</pc> sach de mayt uff de<lb/>
<lb facs="#B1_188v_a_22"/>duyren ind sach <name rend="rubr_underline" type="person" nymRef="Jesus_Christ"><choice><abbr>Ihm&#x305;</abbr><expan>Ihesum</expan></choice></name> komen myt <choice><abbr>syne&#x305;</abbr><expan>synen</expan></choice> <choice><abbr>iu&#x305;ge&#785;n</abbr><expan>iungeren</expan></choice><pc source="manuscript">,</pc> do<lb/>
<lb facs="#B1_188v_a_23"/>sprach sy zo <name rend="rubr_underline" type="person" nymRef="Martha"><choice><orig>m</orig><reg resp="editor" type="capit">M</reg></choice>artham</name><pc resp="editor">:</pc> <pc resp="editor">"</pc><choice><abbr><orig>j</orig><reg resp="editor" type="capit">J</reg>u&#x305;ffer</abbr><expan>junffer</expan></choice> der <choice><abbr>he<am>&#795;</am></abbr><expan>here</expan></choice> <name type="person" nymRef="Jesus_Christ"></name> <choice><abbr>ku&#x305;pt</abbr><expan>kumpt</expan></choice><pc resp="editor">.</pc><pc resp="editor">"</pc> Do <choice><abbr>stuy&#x305;t</abbr><expan>stuynt</expan></choice>
</ab><pb/>
<pb edRef="#B1" facs="#B1_189r" n="fol. 189r"/>
<lb facs="#B1_189r_a_01"/><ab><name rend="rubr_underline" type="person" nymRef="Martha"><choice><orig>m</orig><reg resp="editor" type="capit">M</reg></choice>artha</name> up myt <choice><abbr>groijsse&#x305;</abbr><expan>groijssen</expan></choice> vroelicht ind ouch <name rend="rubr_underline" type="person" nymRef="Mary_Magdalene"><choice><abbr><orig>m</orig><reg resp= "editor" type="capit">M</reg><am>&#771;</am></abbr><expan>m<ex>aria</ex></expan>
</choice></name><pc resp="editor">,</pc> ind<lb/>
<lb facs="#B1_189r_a_02"/><name rend="rubr_underline" type="person" nymRef="Martha"><choice><orig>m</orig><reg resp="editor" type="capit">M</reg></choice>artha</name> sprach<pc resp="editor">:</pc> <pc resp="editor">"</pc><choice><abbr><orig>m</orig><reg resp="editor" type="capit">M</reg>y&#x305;</abbr><expan>myn</expan></choice> l<pc resp="editor">.</pc> suster<pc resp="editor">,</pc> bys nu vroelichen want he<lb/>
<lb facs="#B1_189r_a_03"/>ys also liefflichen in synen worden dattu in allen dy<lb/>
<lb facs="#B1_189r_a_04"/>nen dagen ney des gelichs gehoirt en hais<pc resp="editor">!</pc><pc resp="editor">"</pc> Do sprach<lb/>
<lb facs="#B1_189r_a_05"/><name rend="rubr_underline" type="person" nymRef="Mary_Magdalene"><choice><abbr><orig>m</orig><reg resp= "editor" type="capit">M</reg><am>&#771;</am></abbr><expan>m<ex>aria</ex></expan>
</choice></name><pc resp="editor">:</pc> <pc resp="editor">"</pc><choice><orig>l</orig><reg resp="editor" type="capit">L</reg></choice>. suster<pc resp="editor">,</pc> wylch is der <name type="person" nymRef="Jesus_Christ">here</name><pc resp="editor">?</pc><pc resp="editor">"</pc><pc source="manuscript">,</pc> do gaff sy ir <choice><abbr>ey&#x305;</abbr><expan>eyn</expan></choice> zeichen dat<lb/>
<lb facs="#B1_189r_a_06"/>sy in kante vor den anderen <choice><abbr>iu&#x305;ge&#785;n</abbr><expan>iungeren</expan></choice> ind do der here <name rend="rubr_underline" type="person" nymRef="Jesus_Christ"><choice><abbr>Ihu&#x305;&#42864;</abbr><expan>Ihesum</expan></choice></name><lb/>
<lb facs="#B1_189r_a_07"/>in geynck in dat huyss<pc source="manuscript">,</pc> <choice><abbr>stuy&#x305;t</abbr><expan>stuynt</expan></choice> <name rend="rubr_underline" type="person" nymRef="Mary_Magdalene"><choice><orig>m</orig><reg resp="editor" type="capit">M</reg></choice>aria</name> by der duyren ind<lb/>
<lb facs="#B1_189r_a_08"/>schaymde sych<pc source="manuscript">,</pc> <name rend="rubr_underline" type="person" nymRef="Martha"><choice><orig>m</orig><reg resp="editor" type="capit">M</reg></choice>artha</name> <choice><abbr>gey&#x305;ck</abbr><expan>geynck</expan></choice> deme <name type="person" nymRef="Jesus_Christ">heren</name> untquam ind<lb/>
<lb facs="#B1_189r_a_09"/>myt gebouchden kneen<pc source="manuscript">,</pc> heysch sy in wylkome ind <choice><abbr>y&#x305;t</abbr><expan>ynt</expan></choice><lb/>
<lb facs="#B1_189r_a_10"/>feynck in myt groessen eiwirdicheit<pc resp="editor">.</pc> <name type="person" nymRef="Jesus_Christ"><choice><orig>u</orig><reg resp="editor" type="capit">U</reg></choice>nse l<pc source="manuscript">.</pc> here</name><choice><abbr>gey&#x305;ck</abbr><expan>geynck</expan></choice><lb/>
<lb facs="#B1_189r_a_11"/>vur <name rend="rubr_underline" type="person" nymRef="Mary_Magdalene"><choice><orig>m</orig><reg resp="editor" type="capit">M</reg></choice>arien</name> hynne in dat huiss ind en sprach ir neit zo<pc resp="editor">.</pc><lb/>
<lb facs="#B1_189r_a_12"/>Do sprach <name rend="rubr_underline" type="person" nymRef="Martha"><choice><orig>m</orig><reg resp="editor" type="capit">M</reg></choice>artha</name><pc resp="editor">:</pc> <pc resp="editor">"</pc><name type="person" nymRef="Jesus_Christ"><choice><orig>l</orig><reg resp="editor" type="capit">L</reg></choice><pc resp="editor">.</pc> here</name>seyt dit is <choice><abbr>my&#x305;</abbr><expan>myn</expan></choice> <choice><abbr>sust<am>&#795;</am></abbr><expan>sust<ex>er</ex></expan></choice> <name type="person" nymRef="Mary_Magdalene"><choice><abbr><orig>m</orig><reg resp= "editor" type="capit">M</reg><am>&#771;</am></abbr><expan>m<ex>aria</ex></expan></choice></name><pc resp="editor">"</pc><pc source="manuscript">,</pc> recht<lb/>
<lb facs="#B1_189r_a_13"/>off sy saegen woulde<pc source="manuscript">,</pc> <pc resp="editor">"</pc><choice><orig>d</orig><reg resp="editor" type="capit">D</reg></choice>it is dar umb ich alle zijt <choice><abbr>weyne&#x305;</abbr><expan>weynen</expan></choice><lb/>
<lb facs="#B1_189r_a_14"/>ind schreyen dat sy also sweirlichen hat gesuntget<pc resp="editor">.</pc><lb/>
<lb facs="#B1_189r_a_15"/>Suich sy doch an myt den ougen dynre grunderloesse<lb/>
<lb facs="#B1_189r_a_16"/>barmhertzicht ind vergiff ir alle ir <choice><abbr>su&#x305;den</abbr><expan>sunden</expan></choice><pc resp="editor">.</pc><pc resp="editor">"</pc> Do kerrde<lb/>
<lb facs="#B1_189r_a_17"/>sych der her umb ind sach sy an myt den ougen synre<lb/>
<lb facs="#B1_189r_a_18"/><choice><abbr>gru&#x305;derloessen</abbr><expan>grunderloessen</expan></choice> barmhertzicht<pc source="manuscript">,</pc> </ab> <ab xml:id="#B1_Mary_retreats"><name rend="rubr_underlinee" type="person" nymRef="Mary_Magdalene"><choice><abbr><orig>m</orig><reg resp= "editor" type="capit">M</reg><am>&#771;</am></abbr><expan>m<ex>aria</ex></expan></choice></name> van groessen schempden de<lb/>
<lb facs="#B1_189r_a_19"/>sy kreych in deme anseyn geynck sy in de slaiffka<add place="rmargin"><metamark type="double_hyphen" source="manuscript" function="word_division">=</metamark></add><lb/>
<lb facs="#B1_189r_a_20"/>mer yrre <choice><abbr>sust<am>&#795;</am></abbr><expan>sust<ex>er</ex></expan></choice> ind veyl myt groessen ruwen ind<lb/>
<lb facs="#B1_189r_a_21"/>weynen up de erde ind ir <choice><abbr>su&#x305;den</abbr><expan>sunden</expan></choice> waren ir leyt van<lb/>
<lb facs="#B1_189r_a_22"/>gantzen hertzen ind sy o<choice><orig>u</orig><reg resp="editor">v</reg></choice>erlaichte alle ir <choice><abbr>su&#x305;den</abbr><expan>sunden</expan></choice> de sy<lb/>
<lb facs="#B1_189r_a_23"/>ey gedayn haite<pc resp="editor">.</pc> <name rend="rubr_underline" type="person" nymRef="Martha"><choice><orig>m</orig><reg resp="editor" type="capit">M</reg></choice>artha</name> bleyff staynde by deme heren
</ab><pb/>
<pb edRef="#B1" facs="#B1_189v" n="fol. 189v"/>
<lb facs="#B1_189v_a_01"/><ab>ind sprach myt eme <choice><abbr>vru&#x305;tlichen</abbr><expan>vruntlichen</expan></choice><pc resp="editor">.</pc> <choice><orig>i</orig><reg resp="editor" type="capit">I</reg></choice>n der <choice><abbr>selve&#x305;</abbr><expan>selven</expan></choice> <choice><abbr>stuy&#x305;t</abbr><expan>stuynt</expan></choice> quam<lb/>
<lb facs="#B1_189v_a_02"/><name type="person" nymRef="Simon" ><choice><abbr><choice><orig>s</orig><reg resp="editor" type="capit">S</reg></choice>imo&#x305;</abbr><expan></expan></choice> leprosus</name> ind batte den <name type="person" nymRef="Jesus_Christ">heren</name>zo gast myt <choice><abbr>syne&#x305;</abbr><expan>synen</expan></choice><lb/>
<lb facs="#B1_189v_a_03"/><choice><abbr>yu&#x305;geren</abbr><expan>yungeren</expan></choice> ind do yt quam an de malzijt <choice><abbr>gey&#x305;ck</abbr><expan>geynck</expan></choice> der <name type="person" nymRef="Jesus_Christ">here</name> in<lb/>
<lb facs="#B1_189v_a_04"/><name rend="rubr_underline" type="person" nymRef="Simon" ><choice><orig>s</orig><reg resp="editor" type="capit">S</reg></choice>ymons</name> huyss </ab> <ab xml:id="#B1_Martha_encourages_Mary">ind <name rend="rubr_underline" type="person" nymRef="Martha"><choice><orig>m</orig><reg resp="editor" type="capit">M</reg></choice>artha</name> <choice><abbr>gey&#x305;ck</abbr><expan>geynck</expan></choice> zo yrre <choice><abbr>sust<am>&#795;</am></abbr><expan>sust<ex>er</ex></expan></choice> ind<lb/>
<lb facs="#B1_189v_a_05"/>saicht ir dat der <name type="person" nymRef="Jesus_Christ">here</name> e wech were<pc resp="editor">.</pc> Do sprach <name rend="rubr_underline" type="person" nymRef="Mary_Magdalene"><choice><orig>m</orig><reg resp="editor" type="capit">M</reg></choice>agdalena</name><pc resp="editor">:</pc><lb/>
<lb facs="#B1_189v_a_06"/><pc resp="editor">"</pc>Och l<pc resp="editor">.</pc> <choice><abbr>sust<am>&#795;</am></abbr><expan>sust<ex>er</ex></expan></choice><pc resp="editor">,</pc> du hatz myr gesaicht dat der <name type="person" nymRef="Jesus_Christ">here</name> also lieff<lb/>
<lb facs="#B1_189v_a_07"/>lichen were in syme angesicht ich sagen dir dat ich in alle<lb/>
<lb facs="#B1_189v_a_08"/>myme le<choice><orig>u</orig><reg resp="editor">v</reg></choice>en ney vreysslicher angesicht en han geseyn<lb/>
<lb facs="#B1_189v_a_09"/>als myr der <name type="person" nymRef="Jesus_Christ">here</name> bewyllde do he mych ansach<pc resp="editor">.</pc> It <choice><abbr>gey&#x305;ck</abbr><expan>geynck</expan></choice><lb/>
<lb facs="#B1_189v_a_10"/>myr durch <choice><abbr>my&#x305;</abbr><expan>myn</expan></choice> hertz<pc source="manuscript">,</pc> also dat ich bekant alle <choice><abbr>my&#x305;</abbr><expan>myn</expan></choice> <choice><abbr>su&#x305;den</abbr><expan>sunden</expan></choice><lb/>
<lb facs="#B1_189v_a_11"/>de ich ey han gedain<pc resp="editor">.</pc><pc resp="editor">"</pc> <name rend="rubr_underline" type="person" nymRef="Martha"><choice><orig>m</orig><reg resp="editor" type="capit">M</reg></choice>artha</name> sprach<pc resp="editor">:</pc> <pc resp="editor">"</pc><choice><orig>l</orig><reg resp="editor" type="capit">L</reg></choice><pc source="manuscript">.</pc> <choice><abbr>sust<am>&#795;</am></abbr><expan>sust<ex>er</ex></expan></choice> syt zo vreden<lb/>
<lb facs="#B1_189v_a_12"/>ind halt uch wail, der <name type="person" nymRef="Jesus_Christ">here</name> sal uch noch <choice><abbr>ve&#785;geven</abbr><expan>vergeven</expan></choice> alle ure<lb/>
<lb facs="#B1_189v_a_13"/><choice><abbr>su&#x305;den</abbr><expan>sunden</expan></choice> ind ich wylle gayn ind denen eme zo der tayffelen<lb/>
<lb facs="#B1_189v_a_14"/>in <name type="person" nymRef="Simon" ><choice><orig>s</orig><reg resp="editor" type="capit">S</reg></choice>ymons</name> huiss da sal he essen<pc source="manuscript">,</pc> kum ouch dar<pc resp="editor">.</pc><pc resp="editor">"</pc> <name rend="rubr_underline" type="person" nymRef="Mary_Magdalene"><choice><abbr><orig>m</orig><reg resp= "editor" type="capit">M</reg><am>&#771;</am></abbr><expan>m<ex>aria</ex></expan>
</choice></name> sloich<lb/>
<lb facs="#B1_189v_a_15"/>ir angesycht zo der erden ind en antworde ir neyt </ab> <ab xml:id="#B1_Martha_in_Simons_house">ind<lb/>
<lb facs="#B1_189v_a_16"/><name rend="rubr_underline" type="person" nymRef="Martha"><choice><orig>m</orig><reg resp="editor" type="capit">M</reg></choice>artha</name> <choice><abbr>gey&#x305;ck</abbr><expan>geynck</expan></choice> in dat huiss <name rend="rubr_underline" type="person" nymRef="Simon" ><choice><orig>s</orig><reg resp="editor" type="capit">S</reg></choice>ymons</name><pc source="manuscript">,</pc> deme <name type="person" nymRef="Jesus_Christ">heren</name> zo denen<pc resp="editor">.</pc><lb/>
<lb facs="#B1_189v_a_17"/>Der <name type="person" nymRef="Jesus_Christ">here</name> vraichde ind sprach<pc resp="editor">:</pc> <pc resp="editor">"</pc><name rend="rubr_underline" type="person" nymRef="Martha"><choice><orig>m</orig><reg resp="editor" type="capit">M</reg></choice>artha</name><pc resp="editor">,</pc> wa ys dyn <choice><abbr>sust<am>&#795;</am></abbr><expan>sust<ex>er</ex></expan></choice> wylt<lb/>
<lb facs="#B1_189v_a_18"/>sy neyt ouch her komen<pc resp="editor">.</pc><pc resp="editor">"</pc> <name rend="rubr_underline" type="person" nymRef="Martha"><choice><orig>m</orig><reg resp="editor" type="capit">M</reg></choice>artha</name> antworde dem <name type="person" nymRef="Jesus_Christ">heren</name><lb/>
<lb facs="#B1_189v_a_19"/>ind sprach<pc resp="editor">:</pc> <pc resp="editor">"</pc>Och l<pc source="manuscript">.</pc> <name type="person" nymRef="Jesus_Christ">here</name><pc resp="editor">,</pc> <choice><abbr>my&#x305;</abbr><expan>myn</expan></choice> <choice><abbr>sust<am>&#795;</am></abbr><expan>sust<ex>er</ex></expan></choice> licht ind schreyt ind kloit.<lb/>
<lb facs="#B1_189v_a_20"/>dattu sy so strenckichen an hais geseyn<pc source="manuscript">,</pc> her umb bydden<lb/>
<lb facs="#B1_189v_a_21"/>ich dich wanttu bys <choice><abbr>ey&#x305;</abbr><expan>eyn</expan></choice> troster alre bedroyffder hertzen<lb/>
<lb facs="#B1_189v_a_22"/>kumpt sy her<pc source="manuscript">,</pc> sprich ir doch <choice><abbr>ey&#x305;</abbr><expan>eyn</expan></choice> goitlich wort zo<pc resp="editor">.</pc><pc resp="editor">"</pc> Der <name type="person" nymRef="Jesus_Christ">here</name><lb/>
<lb facs="#B1_189v_a_23"/>sprach<pc resp="editor">:</pc> <pc resp="editor">"</pc><name rend="rubr_underline" type="person" nymRef="Martha"><choice><orig>m</orig><reg resp="editor" type="capit">M</reg></choice>artha</name> <choice><abbr>my&#x305;</abbr><expan>myn</expan></choice> l<pc source="manuscript">.</pc> vruntynne<pc resp="editor">,</pc> ich geloe<choice><orig>u</orig><reg resp="editor">v</reg></choice>en dir<pc source="manuscript">,</pc> kumpt
</ab><pb/>
<pb edRef="#B1" facs="#B1_190r" n="fol.190r"/>
<lb facs="#B1_190r_a_01"/><ab>sy her ich wylle ir <choice><abbr>vru&#x305;tlichen</abbr><expan>vruntlichen</expan></choice> zo sprechen<pc resp="editor">.</pc><pc resp="editor">"</pc> </ab> <ab xml:id="#B1_Gregory_comment">S Sanct <name type="person" nymRef="Gregory">Gre<add place="rmargin"><metamark type="double_hyphen" source="manuscript" function="word_division">=</metamark></add><lb/>
<lb facs="#B1_190r_a_02"/>gorius</name> spricht als ich dencken<pc source="manuscript">,</pc> we <name rend="rubr_underline" type="person" nymRef="Mary_Magdalene"><choice><orig>m</orig><reg resp="editor" type="capit">M</reg></choice>aria </name> geynck in dat<lb/>
<lb facs="#B1_190r_a_03"/>huyss <name rend="rubr_underline" type="person" nymRef="Simon"><choice><orig>s</orig><reg resp="editor" type="capit">S</reg></choice>ymons</name> ungelaeden ind ungebeden ind we dat<lb/>
<lb facs="#B1_190r_a_04"/>sy dert ir trene ussgoiss up de voise uns <name type="person" nymRef="Jesus_Christ">heren</name> ind we sy<lb/>
<lb facs="#B1_190r_a_05"/>myt yrme hayr de voese des <name type="person" nymRef="Jesus_Christ">heren</name> druichde so en kan<lb/>
<lb facs="#B1_190r_a_06"/>sych <choice><abbr>my&#x305;</abbr><expan>myn</expan></choice> hertz ind ougen neyt langer inthalden van<lb/>
<lb facs="#B1_190r_a_07"/>schreyen ind weynen<pc resp="editor">.</pc> </ab> <ab xml:id="#B1_Mary_in_Simons_house"><name rend="rubr_underline" type="person" nymRef= "Pseudo_Isidore" >Isydorus</name> spricht do der <name type="person" nymRef="Jesus_Christ"><choice><abbr>hee&#785;</abbr><expan>here</expan></choice></name> woult<lb/>
<lb facs="#B1_190r_a_08"/>gayn sytzen zo der tayffelen<pc source="manuscript">,</pc> do <choice><abbr>stuy&#x305;t</abbr><expan>stuynt</expan></choice> he eirst up synen<lb/>
<lb facs="#B1_190r_a_09"/>gebendiden beynen ind loeffde synen h<pc source="manuscript">.</pc> vader ind geynck<lb/>
<lb facs="#B1_190r_a_10"/>do sytzen zo der tayffelen<pc source="manuscript">,</pc> do quam <name rend="rubr_underline" type="person" nymRef="Mary_Magdalene"><choice><abbr><orig>m</orig><reg resp= "editor" type="capit">M</reg><am>&#771;</am></abbr><expan>m<ex>aria</ex></expan></choice></name> in dat huyss van<lb/>
<lb facs="#B1_190r_a_11"/>aichten zo ind goess deme <name type="person" nymRef="Jesus_Christ">heren</name> de wailriechende<lb/>
<lb facs="#B1_190r_a_12"/>salff up syn houfft ind veyl vur de voese des <name type="person" nymRef="Jesus_Christ">heren</name><lb/>
<lb facs="#B1_190r_a_13"/>ind kussde sy eme ind weynde also lange dat der here<lb/>
<lb facs="#B1_190r_a_14"/>sprach<pc resp="editor">:</pc> <pc resp="editor">"</pc><name rend="rubr_underline" type="person" nymRef="Mary_Magdalene"><choice><abbr><orig>m</orig><reg resp= "editor" type="capit">M</reg><am>&#771;</am></abbr><expan>m<ex>aria</ex></expan></choice></name><pc resp="editor">,</pc> dir synt alle dyn <choice><abbr>su&#x305;den</abbr><expan>sunden</expan></choice> verge<choice><orig>u</orig><reg resp="editor">v</reg></choice>en ganck in<lb/>
<lb facs="#B1_190r_a_15"/>vreden<pc resp="editor">"</pc><pc source="manuscript">,</pc> <name rend="rubr_underline" type="person" nymRef="Mary_Magdalene"><choice><orig>m</orig><reg resp="editor" type="capit">M</reg></choice>aria </name> <choice><abbr>stuy&#x305;t</abbr><expan>stuynt</expan></choice> up in groesser gotlichen leffden<lb/>
<lb facs="#B1_190r_a_16"/>ind was gesunt an selen ind lijff ind sy geynck weder<lb/>
<lb facs="#B1_190r_a_17"/>in <name rend="rubr_underline" type= "person" nymRef= "Martha"> <choice><orig>m</orig><reg resp="editor" type="capit">M</reg></choice>arthen</name> yrre <choice><abbr>sust<am>&#795;</am></abbr><expan>sust<ex>er</ex></expan></choice> huyss ind veyl up de erde<lb/>
<lb facs="#B1_190r_a_18"/>ind danckde myt <choice><abbr>weyne&#x305;den</abbr><expan>weynenden</expan></choice> ougen goede vur syn<lb/>
<lb facs="#B1_190r_a_19"/>groesse waildeden<pc resp="editor">.</pc> </ab> <ab xml:id="#B1_VirginMary_visits"> <choice><orig>i</orig><reg resp="editor" type="capit">I</reg></choice>n der sel<choice><orig>u</orig><reg resp="editor">v</reg></choice>er zijt hoirt <name rend="rubr_underline" type="person" nymRef="Virgin_Mary"><choice><orig>m</orig><reg resp="editor" type="capit">M</reg></choice>aria</name> de <lb/>
<lb facs="#B1_190r_a_20"/>moder <name type="person" nymRef="Jesus_Christ"><choice><orig>c</orig><reg resp="editor" type="capit">C</reg></choice>hristi</name> dat der <name rend="rubr_underline" type="person" nymRef="Jesus_Christ">here</name> ir l<pc resp="editor">.</pc> kynt was zo <name rend="rubr_underline" type="place" nymRef="Bethany"><choice><orig>b</orig><reg resp="editor" type="capit">B</reg></choice>ethanien</name><pc source="manuscript">,</pc> her<add place="rmargin"><metamark type="double_hyphen" source="manuscript" function="word_division">=</metamark></add><lb/>
<lb facs="#B1_190r_a_21"/>umb quam sy dar<pc source="manuscript">,</pc> zo sprechen ir le<choice><orig>u</orig><reg resp="editor">v</reg></choice>e kynt ind als sy<lb/>
<lb facs="#B1_190r_a_22"/>vernam dat he hatte <name rend="rubr_underline" type="person" nymRef="Mary_Magdalene"><choice><abbr><orig>m</orig><reg resp="editor" type="capit">M</reg>arie&#x305;</abbr><expan>Marien</expan></choice> magdalenen</name> <choice><abbr>ve&#785;geven</abbr><expan>vergeven</expan></choice> alle<lb/>
<lb facs="#B1_190r_a_23"/>yr <choice><abbr>su&#x305;den</abbr><expan>sunden</expan></choice><pc resp="editor">.</pc> Do <choice><abbr>gey&#x305;ck</abbr><expan>geynck</expan></choice> sy zo ir in dat huiss yrre <choice><abbr>sust<am>&#795;</am></abbr><expan>sust<ex>er</ex></expan></choice><lb/>
<lb facs="#B1_190r_a_24"/>umb sy zo trosten zo eyme gotlichen le<choice><orig>u</orig><reg resp="editor">v</reg></choice>en ind
</ab><pb/>
<pb edRef="#B1" facs="#B1_190v" n="fol. 190v"/>
<lb facs="#B1_190v_a_01"/><ab>woulde sy myt ussereckden armen <choice><abbr>umbva&#x305;gen</abbr><expan>umbvangen</expan></choice><pc resp="editor">.</pc> <name rend="rubr_underline" type="person" nymRef="Mary_Magdalene"><choice><abbr><orig>m</orig><reg resp= "editor" type="capit">M</reg><am>&#771;</am></abbr><expan>m<ex>aria</ex></expan>
</choice> mag<add place="rmargin"><metamark type="double_hyphen" source="manuscript" function="word_division">=</metamark></add><lb/>
<lb facs="#B1_190v_a_02"/>dalena</name> sprach<pc resp="editor">:</pc> <pc resp="editor">"</pc>O du alre h<pc source="manuscript">.</pc><pc source="manuscript">,</pc> <choice><abbr>ey&#x305;</abbr><expan>eyn</expan></choice> <choice><abbr>schry&#x305;</abbr><expan>schryn</expan></choice> des hoegen <choice><orig>g</orig><reg resp="editor" type="capit">G</reg></choice>otz<pc resp="editor">,</pc><lb/>
<lb facs="#B1_190v_a_03"/>gayt van myr want <choice><abbr>my&#x305;</abbr><expan>myn</expan></choice> <choice><abbr>su&#x305;dige</abbr><expan>sundige</expan></choice> lichamen is neyt vur<lb/>
<lb facs="#B1_190v_a_04"/>dich an zo tasten den lycham<pc source="manuscript">,</pc> da <choice><abbr>my&#x305;</abbr><expan>myn</expan></choice> <choice><abbr>gesu&#x305;tmache&#785;</abbr><expan>gesuntmacher</expan></choice> in be<add place="rmargin"><metamark type="double_hyphen" source="manuscript" function="word_division">=</metamark></add><lb/>
<lb facs="#B1_190v_a_05"/>slossen hayt gewest christo muynt<pc resp="editor">.</pc><pc resp="editor">"</pc> Do sprach <name rend="rubr_underline" type="person" nymRef="Virgin_Mary"><choice><orig>m</orig><reg resp="editor" type="capit">M</reg></choice>aria</name> de moder<lb/>
<lb facs="#B1_190v_a_06"/><name type="person" nymRef="Jesus_Christ"><choice><orig>g</orig><reg resp="editor" type="capit">G</reg></choice>otz</name><pc resp="editor">:</pc> <pc resp="editor">"</pc>O fonteyn <choice><abbr>my&#x305;s</abbr><expan>myns</expan></choice> kyntz ind myns ich <choice><abbr>beke&#x305;ne&#x305;</abbr><expan>bekennen</expan></choice> van<lb/>
<lb facs="#B1_190v_a_07"/>gotz wegen dattu bys reyn ann selen ind an lijff van<lb/>
<lb facs="#B1_190v_a_08"/>allen vlecken<pc resp="editor">"</pc> ind de <name rend="rubr_underline" type="person" nymRef="Virgin_Mary">moder gotz</name> nam sy <choice><abbr>vru&#x305;tlichen</abbr><expan>vruntlichen</expan></choice> in<lb/>
<lb facs="#B1_190v_a_09"/>ir armen ind kuyssde sy<pc resp="editor">.</pc> Do de zwae <choice><abbr>suste&#785;n</abbr><expan>susteren</expan></choice> unssen l<pc source="manuscript">.</pc><lb/>
<lb facs="#B1_190v_a_10"/>vrauwen de myt ir komen waren ind <name rend="rubr_underline" type="person" nymRef="Martilla"><choice><orig>m</orig><reg resp="editor" type="capit">M</reg></choice>arcella</name><pc source="manuscript">,</pc><lb/>
<lb facs="#B1_190v_a_11"/>dat dese zwae <name rend="rubr_underline" type="person" nymRef="Virgin_Mary"><choice><orig>m</orig><reg resp="editor" type="capit">M</reg></choice>arien</name> de moder <name type="person" nymRef="Jesus_Christ"><choice><orig>g</orig><reg resp="editor" type="capit">G</reg></choice>arthaotz</name> ind <name rend="rubr_underline" type="person" nymRef="Mary_Magdalene"><choice><abbr><orig>m</orig><reg resp= "editor" type="capit">M</reg><am>&#771;</am></abbr><expan>m<ex>aria</ex></expan></choice><choice><orig>m</orig><reg resp="editor" type="capit">M</reg></choice>agdalena</name><lb/>
<lb facs="#B1_190v_a_12"/>woirden upgeha<choice><orig>u</orig><reg resp="editor">v</reg></choice>en van der erden zwae ellen hoege<lb/>
<lb facs="#B1_190v_a_13"/>ind worden weder neder gesatte <choice><abbr>eirwe&#785;decliche&#x305;</abbr><expan>eirwerdenclichen</expan></choice> up de<lb/>
<lb facs="#B1_190v_a_14"/>erde<pc resp="editor">.</pc> </ab> <ab xml:id="#B1_Mary_rest_of_life">Dar na was <name rend="rubr_underline" type="person" nymRef="Mary_Magdalene"><choice><abbr><orig>m</orig><reg resp= "editor" type="capit">M</reg><am>&#771;</am></abbr><expan>m<ex>aria</ex></expan></choice><choice><orig>m</orig><reg resp="editor" type="capit">M</reg></choice>agdalena</name><lb/> 
<lb facs="#B1_190v_a_15"/>alle de zijt irs <choice><abbr>leve&#x305;s</abbr><expan>levens</expan></choice><lb/>
<lb facs="#B1_190v_a_16"/>in deme deynste gotz ind voilchde eme na ind hoirt<lb/>
<lb facs="#B1_190v_a_17"/>syn goide lere ind was by eme zo syme doit zo ind<lb/>
<lb facs="#B1_190v_a_18"/>na der hemel vart uns <name type="person" nymRef="Jesus_Christ">heren</name> geynck sy in de woestenye<lb/>
<lb facs="#B1_190v_a_19"/>ind dede groesse <choice><abbr>pe&#x305;tencie</abbr><expan>pentencie</expan></choice> ind nam da <choice><abbr>gey&#x305;</abbr><expan>geyn</expan></choice> spise <choice><abbr>by&#x305;ne&#x305;</abbr><expan>bynnen</expan></choice><lb/>
<lb facs="#B1_190v_a_20"/>alle eren le<choice><orig>u</orig><reg resp="editor">v</reg></choice>edagen mer<pc resp="editor">.</pc> <choice><orig>d</orig><reg resp="editor" type="capit">D</reg></choice>e h<pc source="manuscript">.</pc> engel <choice><abbr>name&#x305;</abbr><expan>namen</expan></choice> sy up des<lb/>
<lb facs="#B1_190v_a_21"/>dags zo vij mailen ind <del rend="rubr_strikethrough">d</del> <choice><abbr>sunge&#x305;</abbr><expan>sungen</expan></choice> ind loeffden den <name type="person" nymRef="Jesus_Christ">heren</name><lb/>
<lb facs="#B1_190v_a_22"/>dar na als sy starff namen de h<pc source="manuscript">.</pc> <choice><abbr>e&#x305;gel</abbr><expan>engel</expan></choice> ir sele ind <choice><abbr>vorrt<am>&#795;</am></abbr><expan>vorrten</expan></choice><lb/>
<lb facs="#B1_190v_a_23"/>sy myt groessen vrouden in dat ewige le<choice><orig>u</orig><reg resp="editor">v</reg></choice>en<pc resp="editor">.</pc> Amen<pc resp="editor">.</pc></ab>
    </body>
  </text>
</TEI>