<?xml version="1.0" encoding="UTF-8"?>
<?xml-model href="http://www.tei-c.org/release/xml/tei/custom/schema/relaxng/tei_lite.rng" type="application/xml" schematypens="http://relaxng.org/ns/structure/1.0"?
<?xml-model href="http://www.tei-c.org/release/xml/tei/custom/schema/relaxng/tei_lite.rng" type="application/xml" schematypens="http://purl.oclc.org/dsdl/schematron"?>
<TEI xmlns="http://www.tei-c.org/ns/1.0">
    <teiHeader>
        <fileDesc>
            <titleStmt> 
                <title>Mary Magdalene Conversion Legend</title>
                <author ref="#PseudoIsidore">Pseudo Isidore</author>
                <respStmt>
                    <name xml:id="Avantika_Kumar">Avantika Kumar</name>
                    <resp>TEI encoder</resp>
                </respStmt>
                <respStmt>
                    <name xml:id="Becky_Jarvis">Becky Jarvis</name>
                    <resp>TEI encoder</resp>
                </respStmt>
            </titleStmt>
            <editionStmt>
                <edition>
                    <title>Mary Magdalene Conversion Legend - Digital Edition</title>
                    <date when="2019-02-26">February 26, 2019</date>
                </edition>
            </editionStmt>
            <publicationStmt>
                <authority>
                    <ref target=""></ref>
                </authority>
                <availability status="free"><p>Published under <ref target=""></ref></p></availability>
            </publicationStmt>
            <sourceDesc>
                <msDesc>
                    <msIdentifier>
                        <settlement>Brussels</settlement>
                        <repository>Bibliothèque Royale de Belgique</repository>
                        <idno>MS. 7917</idno>
                    </msIdentifier>
					<physDesc>
						<objectDesc form="codex">
							<supportDesc material="parch">
								<support>Parchment.</support>
								<extent>204 folios
									<dimensions scope="all" type="folio" unit="millimeters">
										<height>317</height>
										<width>228</width>
									</dimensions>
								</extent>
							</supportDesc>
							<layoutDesc>
								<layout columns="2" ruledLines="42">In double columns, 42 ruled lines.</layout>
							</layoutDesc>
						</objectDesc>
					</physDesc>
						<msContents>
							<msItem n="1">
							<locus>fol. 1-2</locus>
							<title>Index</title>
							<author></author>
						</msItem>
						<msItem n="2">
							<locus>fol. 3-6</locus>
							<title>Nativitas gloriosissime Christique martiris Katherine</title>
							<author></author>
						</msItem>
						<msItem n="3">
							<locus>fol. 6v-18</locus>
							<title>Passio gloriose virginis Katherine</title>
							<author></author>
						</msItem>
						<msItem n="4">
							<locus>fol. 18-23v</locus>
							<title>Quaedam gloriosa que Deus noster per eam in quibusdam locis operari dignatus est</title>
							<author></author>
						</msItem> 
						<msItem n="4">
							<locus>fol. 23v-25</locus>
							<title>Inventio corporis eiusdem virginis</title>
							<author></author>
						</msItem> 
						<msItem n="5">
							<locus>fol. 25-38v</locus>
							<title>Vita, passio necnon transloatio beate Barbare virginis</title>
							<author></author>
						</msItem>
						<msItem n="6">
							<locus>fol. 38v-41</locus>
							<title>Translatio eiusdem sanctissime martiris virginisque Christi Barbare</title>
							<author></author>
						</msItem>
						<msItem n="7">
							<locus>fol. 48v-50</locus>
							<title>Passio sancte Lucie virginis</title>
							<author></author>
						</msItem>
						<msItem n="8">
							<locus>fol. 41-48v</locus>
							<title>Miracula que Deus per eandem virginem operatus est</title>
							<author></author>
						</msItem>
						<msItem n="9">
							<locus>fol. 48v-50</locus>
							<title>Passio sancte Lucie virginis</title>
							<author></author>
						</msItem>
						<msItem n="10">
							<locus>fol. 50-51v</locus>
							<title>Vita sancte Marthe virginis et hospite Domini nostri</title>
							<author></author>
						</msItem>
						<msItem n="11">
							<locus>fol. 51v-52v</locus>
							<title>Passio sanctissime virginis Christi Martine. Inc. Martina virgo nobilis et splendida, Rome senatorum progenie orta</title>
							<author></author>
						</msItem>
						<msItem n="12">
							<locus>fol. 52v-53</locus>
							<title>Passio sancte Prisce virginis Cristi. Inc. Beata Prisca Rome orta ex nobili prosapia</title>
							<author></author>
						</msItem>
						<msItem n="13">
							<locus>fol. 53-55v</locus>
							<title>[Passio sanctae Agnetis]</title>
							<author></author>
						</msItem>
						<msItem n="14">
							<locus>fol. 55v-63v</locus>
							<title>Epitaphium beatissimi Iheronimi ad Eustochium de vita Paule vidue</title>
							<author></author>
						</msItem>
						<msItem n="15">
							<locus>fol. 64-64v</locus>
							<title>Vita sancte Aldegundis virginis. Inc. Tempore Dagoberti regis Francie oritur puella quaedam</title>
							<author></author>
						</msItem>
						<msItem n="16">
							<locus>fol. 64v-65v</locus>
							<title>Vita sancte Waldetrudis sororis sancte Aldegundis virginis. Inc. Sancta Waldetrudis tempore Dagoberti regis clarissimis orta parentibus</title>
							<author></author>
						</msItem>
						<msItem n="17">
							<locus>fol. 65v-67v</locus>
							<title>Passio sanctae Agathae virginis et martiris</title>
							<author></author>
						</msItem>
						<msItem n="18">
							<locus>fol. 67v-76v</locus>
							<title>Vita et passio gloriosissimae virginis et martiris Appollonie</title>
							<author></author>
						</msItem>
						<msItem n="19">
							<locus>fol. 76v-78</locus>
							<title>Passio sanctissime virginis et martiris Christi Appollonie</title>
							<author></author>
						</msItem>
						<msItem n="20">
							<locus>fol. 78</locus>
							<title>De episcopo [Pragensi Ernesto] non reedificante ecclesiam eius</title>
							<author></author>
						</msItem>
						<msItem n="21">
							<locus>fols. 78-81</locus>
							<title>Passio sancte Dorothee virginis</title>
							<author></author>
						</msItem>
						<msItem n="22">
							<locus>fols. 81-99v</locus>
							<title>Vita sancte Gheertrudis virginis et abbatisse</title>
							<author></author>
						</msItem>
						<msItem n="23">
							<locus>fols. 99v-106</locus>
							<title>Vita beate Marie Egipiacae</title>
							<author></author>
						</msItem>
						<msItem n="24">
							<locus>fols. 106-112</locus>
							<title>Vita beatissime ac Deo dilectissime virginis ac paradoxae Waldburgis</title>
							<author></author>
						</msItem>
						<msItem n="25">
							<locus>fols. 112-114v</locus>
							<title>Vita sancte Monice</title>
							<author></author>
						</msItem>
						<msItem n="26">
							<locus>fols. 114v-115</locus>
							<title>De sancte Petronilla. Inc. Sancta Petronilla cuius vitam sanctus Marcellus scripsit</title>
							<author></author>
						</msItem>
						<msItem n="27">
							<locus>fols. 115-116</locus>
							<title>Vita sancte Pharahildis cuius corpus requiescit in Gandavo</title>
							<author></author>
						</msItem>
						<msItem n="28">
							<locus>fols. 116-121</locus>
							<title>Vita sancte Lutgardis virginis et monealis</title>
							<author></author>
						</msItem>
						<msItem n="29">
							<locus>fols. 121-122</locus>
							<title>Edeltrudis virginis et reginae</title>
							<author></author>
						</msItem>
						<msItem n="30">
							<locus>fols. 122-122v</locus>
							<title>Ynnus venerabilis Bede</title>
							<author></author>
						</msItem>
						<msItem n="31">
							<locus>fols. 122v-142v</locus>
							<title>Iacobi Aconensis episcopi [vita] sancte ancille Christi Marie de Oegnies</title>
							<author></author>
						</msItem>
						<msItem n="32">
							<locus>fols. 143-146</locus>
							<title>Passio beate Margarete virginis</title>
							<author></author>
						</msItem>
						<msItem n="33">
							<locus>fols. 146-147</locus>
							<title>Vita sancte Praxedis virginis</title>
							<author></author>
						</msItem>
						<msItem n="34">
							<locus>fols. 147-148</locus>
							<title>Conversio beate Marie Magdalene ex Ysidero de vita et obitu sanctorum</title>
							<author></author>
						</msItem>
						<msItem n="35">
							<locus>fols. 148-149</locus>
							<title>Beate Mariae Magdalene transitus</title>
							<author></author>
						</msItem>
						<msItem n="36">
							<locus>fols. 149-150v</locus>
							<title>Sermo de translatione beate Marie Magdalene</title>
							<author></author>
						</msItem>
						<msItem n="37">
							<locus>fols. 151-152v</locus>
							<title>De bona indole sancte Christine</title>
							<author></author>
						</msItem>
						<msItem n="38">
							<locus>fols. 152v-154</locus>
							<title>Conversio sancte Affre martiris cum aliis</title>
							<author></author>
						</msItem>
						<msItem n="39">
							<locus>fols. 154v-157</locus>
							<title>Sancte Eufemic virginis et martiris</title>
							<author></author>
						</msItem>
						<msItem n="40">
							<locus>fols. 157-158v</locus>
							<title>Sancte Hildegardis virginis</title>
							<author></author>
						</msItem>
						<msItem n="41">
							<locus>fols. 159-162</locus>
							<title>Passio sancte Tecle virginis et martiris</title>
							<author></author>
						</msItem>
						<msItem n="42">
							<locus>fols. 162-165</locus>
							<title>Vita sancte Pelagie ad Christum converse</title>
							<author></author>
						</msItem>
						<msItem n="43">
							<locus>fols. 165-166v</locus>
							<title>Passio sanctarum Perpetue et Felicitatis martyrum</title>
							<author></author>
						</msItem>
						<msItem n="44">
							<locus>fols. 166v-168</locus>
							<title>Passio sanctarum undecim milium virginum</title>
							<author></author>
						</msItem>
						<msItem n="45">
							<locus>fols. 168-169v</locus>
							<title>Vita sancte Ode vidue</title>
							<author></author>
						</msItem>
						<msItem n="46">
							<locus>fols. 169v-170</locus>
							<title>Vita sancte Ermelendis virginis</title>
							<author></author>
						</msItem>
						<msItem n="47">
							<locus>fols. 171-176v</locus>
							<title>Vita mirabilis Christinae descripta a fratre Thoma suppriore conventus Lovaniensis Ordinis Fratrum Predicatorum</title>
							<author></author>
						</msItem>
						<msItem n="48">
							<locus>fols. 177-197</locus>
							<title>Fratris Theodorici...vita sanctissime Elysabeth regis Ungariae filie</title>
							<author></author>
						</msItem>
						<msItem n="49">
							<locus>fols. 197-198v</locus>
							<title>Bulla canonizationis eiusdem</title>
							<author></author>
						</msItem>
						<msItem n="50">
							<locus>fols. 198v-204</locus>
							<title>Passio sancte Cecilie virginis</title>
							<author></author>
						</msItem>
					</msContents>
					<history>
						<origin>
							<p>
								<origPlace></origPlace> in the
								<origDate  notAfter="1500" notBefore="1400">15th cent.</origDate>
							</p>
						</origin>
					</history>
    			</msDesc>
                <listWit>
                    <witness xml:id="A">A</witness>
                </listWit>
            </sourceDesc>
        </fileDesc>
        <encodingDesc>
            <schemaRef n="lbp-critical-1.0.0" url="https://raw.githubusercontent.com/lombardpress/lombardpress-schema/develop/src/out/critical.rng"/>
            <editorialDecl>
                <p>Encoding of this text has followed the published guidelines on http://www.tei-c.org, Guidelines for Electronic Text Encoding and Interchange, Version 3.2.0. Last updated on 10th July 2017, revision 0fcf651</p>
            </editorialDecl>
        </encodingDesc>
        <revisionDesc status="draft">
            <listChange>
                <change when="2019-02-12" status="draft" n="0.0.0"><p>Change date when editing file for the first time</p></change>
                <change when="2019-02-05" status="draft" n="0.0.0"><p>Created file for the first time.</p></change>
            </listChange>
        </revisionDesc>
    </teiHeader>
	<text>
    	<body>
			<pb edRef="#Latin-A" facs="#Latin-A_147r" n="fol. 147r"/><cb edRef="#Latin-A" facs="#Latin-A_147ra" n="fol. 147ra"/>   
			<lb facs="#Latin-A_147r_a_02"/> Conversio beate <name type="person" nymRef="Mary_Magdalene"><choice><orig>m</orig><reg resp="editor" type="capit">M</reg></choice>arie <choice><orig>m</orig><reg resp="editor" type="capit">M</reg></choice>agdalene</name>. <choice><orig>e</orig><reg resp="editor" type="capit">E</reg></choice>x
			<lb facs="#Latin-A_147r_a_03"/> <name type="person" nymRef="Pseudo_Isidore"><choice><orig>y</orig><reg resp="editor" type="capit">Y</reg></choice>sidero</name> de vita et obitu sanctorum<pc resp="editor">.</pc>
			<lb facs="#Latin-A_147r_a_04"/> <hi rend="init_lombard">F</hi><choice><orig><hi rend = "rubr">U</hi></orig><reg type="capit" resp="editor">u</reg></choice>it in <name type="place" nymRef="Jerusalem"><choice><abbr><choice><orig>i</orig><reg resp="editor" type="capit">I</reg></choice>h<am>r'l'</am>m</abbr><expan><choice><orig>i</orig><reg resp="editor" type="capit">I</reg></choice>h<ex>erusale</ex>m</expan></choice></name> nobilis
			<lb facs="#Latin-A_147r_a_05"/> <choice><abbr>quid<am>a&#x304;</am></abbr><expan>quid<ex>am</ex></expan></choice> de stirpe regia
			<lb facs="#Latin-A_147r_a_06"/> <choice><abbr>no<am>i&#x305;</am>e</abbr><expan>no<ex>min</ex>e</expan></choice> <name type="person" nymRef="Lazarus"><choice><orig>l</orig><reg resp="editor" type="capit">L</reg></choice>azarus</name><pc><choice><orig>&#x02FA;</orig><reg resp="editor" type="punct">,</reg></choice></pc> habens
			<lb facs="#Latin-A_147r_a_07"/> duas sorores<pc resp="editor">,</pc> scilicet
			<lb facs="#Latin-A_147r_a_08"/> <name type="person" nymRef="Martha"><choice><abbr><choice><orig>m</orig><reg resp="editor" type="capit">M</reg></choice>arth<am>a&#x304;</am></abbr><expan><choice><orig>m</orig><reg resp="editor" type="capit">M</reg></choice>arth<ex>am</ex></expan></choice></name> virgine<pc resp="editor">,</pc> vita et moribus reli
			<lb facs="#Latin-A_147r_a_09"/> giosam<pc><choice><orig>:</orig><reg resp="editor" type="punct">,</reg></choice></pc> sed <name type="person" nymRef="Mary_Magdalene"><choice><abbr><choice><orig>m</orig><reg resp="editor" type="capit">M</reg></choice>ari<am>a&#x304;</am></abbr><expan><choice><orig>m</orig><reg resp="editor" type="capit">M</reg></choice>ari<ex>am</ex></expan></choice></name><pc resp="editor">,</pc> <choice><abbr>lasciv<am>a&#x304;</am></abbr><expan>lasciv<ex>am</ex></expan></choice> <choice><abbr>puell<am>a&#x304;</am></abbr><expan>puell<ex>am</ex></expan></choice><pc resp="editor">,</pc> ad
			<lb facs="#Latin-A_147r_a_10"/> mundi <choice><abbr>pomp<am>a&#x304;</am></abbr><expan>pomp<ex>am</ex></expan></choice> totaliter deditam.
			<lb facs="#Latin-A_147r_a_11"/> <name type="person" nymRef="Martha"><hi rend = "rubr">M</hi>artha</name> autem <choice><abbr>german<am>u&#x304;</am></abbr><expan>german<ex>um</ex></expan></choice><pc resp="editor">,</pc> scilicet <name type="person" nymRef="Lazarus"><choice><abbr><choice><orig>l</orig><reg resp="editor" type="capit">L</reg></choice>a
			<lb facs="#Latin-A_147r_a_12"/> zar<am>u&#x304;</am></abbr><expan><choice><orig>l</orig><reg resp="editor" type="capit">L</reg></choice>azar<ex>um</ex></expan></choice></name><pc resp="editor">,</pc> armis <choice><abbr>militarib<am>&#xA76A;</am></abbr><expan>militarib<ex>us</ex></expan></choice> videns <choice><abbr>im
			<lb facs="#Latin-A_147r_a_13"/> plicat<am>u&#x304;</am></abbr><expan>implicat<ex>um</ex></expan></choice><pc><choice><orig>.</orig><reg resp="editor" type="punct">,</reg></choice></pc> <name type="person" nymRef="Mary_Magdalene"><choice><abbr><choice><orig>m</orig><reg resp="editor" type="capit">M</reg></choice>ari<am>a&#x304;</am></abbr><expan><choice><orig>m</orig><reg resp="editor" type="capit">M</reg></choice>ari<ex>am</ex></expan></choice></name> <choice><abbr>quoq<am>&#xA76A;</am></abbr><expan>quoq<ex>ue</ex></expan></choice> <choice><abbr>soror<am>e&#x304;</am></abbr><expan>soror<ex>em</ex></expan></choice> <choice><abbr>su<am>a&#x304;</am></abbr><expan>su<ex>am</ex></expan></choice> prodi
			<lb facs="#Latin-A_147r_a_14"/> gam<pc resp="editor">,</pc> velut fidelissima <choice><abbr>m<am>r&#x304;</am></abbr><expan>m<ex>ater</ex></expan></choice> <choice><abbr>reddit<am><sup>&#xA76F;</sup></am></abbr><expan>reddit<ex>us</ex></expan></choice> et
			<lb facs="#Latin-A_147r_a_15"/> <choice><abbr>tem<am>&#xA751;</am>alia</abbr><expan>tem<ex>por</ex>alia</expan></choice> prudenter conseruabat<pc resp="editor">,</pc>
			<lb facs="#Latin-A_147r_a_16"/> sagaci tuitione reipublice <choice><abbr><am>p&#x304;</am>fuit</abbr><expan><ex>prae</ex>fuit</expan></choice><pc resp="editor">,</pc> <choice><abbr><hi rend = "rubr">C</hi>as
			<lb facs="#Latin-A_147r_a_17"/> tr<am>u&#x304;</am></abbr><expan>Castr<ex>um</ex></expan></choice> <name type="place" subtype="residence" nymRef="Magdalum"><choice><abbr><choice><orig>m</orig><reg resp="editor" type="capit">M</reg></choice>agdal<am>u&#x304;</am></abbr><expan><choice><orig>m</orig><reg resp="editor" type="capit">M</reg></choice>agdal<ex>um</ex></expan></choice></name> <choice><abbr>no<am>i&#x305;</am>e</abbr><expan>no<ex>min</ex>e</expan></choice> sorori pro dote <choice><abbr>de
			<lb facs="#Latin-A_147r_a_18"/> putat<am>u&#x304;</am></abbr><expan>deputat<ex>um</ex></expan></choice>, et <name type="place" nymRef="Bethany"><choice><abbr><choice><orig>b</orig><reg resp="editor" type="capit">B</reg></choice>ethani<am>a&#x304;</am></abbr><expan><choice><orig>b</orig><reg resp="editor" type="capit">B</reg></choice>ethani<ex>am</ex></expan></choice></name> <choice><abbr>c<am>u&#x304;</am></abbr><expan>c<ex>um</ex></expan></choice> <choice><abbr><am>&#xA751;</am>te</abbr><expan><ex>par</ex>te</expan></choice> ciuitatis
			<lb facs="#Latin-A_147r_a_19"/> <name type="place" nymRef="Jerusalem"><choice><abbr><choice><orig>i</orig><reg resp="editor" type="capit">I</reg></choice>herusal<am>e&#x304;</am></abbr><expan><choice><orig>i</orig><reg resp="editor" type="capit">I</reg></choice>herusal<ex>em</ex></expan></choice></name> <choice><abbr><am>&#xA751;</am>spicaci</abbr><expan><ex>per</ex>spicaci</expan></choice> regimine guber
			<lb facs="#Latin-A_147r_a_20"/> nauit<pc><choice><orig>:</orig><reg resp="editor" type="punct">,</reg></choice></pc> <choice><abbr>c<am>u&#x304;</am></abbr><expan>c<ex>um</ex></expan></choice> celi regina <choice><abbr>m<am>r&#x305;</am>e</abbr><expan>m<ex>atr</ex>e</expan></choice> <name type="person" nymRef="Jesus_Christ"><choice><abbr><am>xp&#x304;i</am></abbr><expan><ex>Christi</ex></expan></choice></name> affec
			<lb facs="#Latin-A_147r_a_21"/> tuose verba <name type="person" nymRef="Jesus_Christ"><choice><abbr><am>xp&#x304;i</am></abbr><expan><ex>Christi</ex></expan></choice></name> <choice><abbr>c<am>o&#x304;</am>seruabat</abbr><expan>c<ex>on</ex>seruabat</expan></choice> <choice><abbr><hi rend = "rubr">l</hi>asciu<am>a&#x304;</am></abbr><expan>lasciu<ex>am</ex></expan></choice><pc resp="editor">,</pc>
			<lb facs="#Latin-A_147r_a_22"/> <choice><abbr>aut<am>e&#x304;</am></abbr><expan>aut<ex>em</ex></expan></choice> <choice><abbr>soror<am>e&#x304;</am></abbr><expan>soror<ex>em</ex></expan></choice> suam <choice><abbr>n<am>u&#x304;</am>c</abbr><expan>n<ex>un</ex>c</expan></choice> blandis <choice><abbr>sermo
			<lb facs="#Latin-A_147r_a_23"/> nib<am>&#xA76A;</am></abbr><expan>sermonib<ex>us</ex></expan></choice> <choice><abbr>n<am>u&#x304;</am>c</abbr><expan>n<ex>un</ex>c</expan></choice> duris <choice><abbr>correptionib<am>&#xA76A;</am></abbr><expan>correptionib<ex>us</ex></expan></choice> redar
			<lb facs="#Latin-A_147r_a_24"/> guens<pc resp="editor">.</pc> <choice><abbr><hi rend = "rubr">Q</hi>u<am>a&#x304;</am></abbr><expan>Qu<ex>am</ex></expan></choice> <choice><abbr>c<am>u&#x304;</am></abbr><expan>c<ex>um</ex></expan></choice> una <choice><abbr>dier<am>u&#x304;</am></abbr><expan>dier<ex>um</ex></expan></choice> vultu <choice><abbr>n<am>o&#x304;</am></abbr><expan>n<ex>on</ex></expan></choice>
			<lb facs="#Latin-A_147r_a_25"/> <choice><abbr>tam<am>e&#x304;</am></abbr><expan>tam<ex>en</ex></expan></choice> sereno ad <name type="person" nymRef="God"><choice><abbr><choice><orig>d</orig><reg resp="editor" type="capit">D</reg></choice>e<am>u&#x304;</am></abbr><expan><choice><orig>d</orig><reg resp="editor" type="capit">D</reg></choice>e<ex>um</ex></expan></choice></name> <choice><abbr>colend<am>u&#x304;</am></abbr><expan>colend<ex>um</ex></expan></choice> allice
			<lb facs="#Latin-A_147r_a_26"/> ret<pc><choice><orig>:</orig><reg resp="editor" type="punct">,</reg></choice></pc> inter multa que locuta est ait<pc resp="editor">:</pc>
			<lb facs="#Latin-A_147r_a_27"/> Soror mea <choice><abbr><am>p&#x304;</am>dilect<am>a&#x304;</am></abbr><expan><ex>prae</ex>dilect<ex>am</ex></expan></choice><pc resp="editor">,</pc> stature tue <choice><abbr>eleg<am>a&#x304;</am>
			<lb facs="#Latin-A_147r_a_28"/> cia</abbr><expan>eleg<ex>an</ex>cia</expan></choice><pc resp="editor">,</pc> faciei tue pulchritudo <choice><abbr>cor<am>&#xA751;</am>alis</abbr><expan>cor<ex>por</ex>alis</expan></choice><pc><choice><orig>.</orig><reg resp="editor" type="punct">,</reg></choice></pc>
			<lb facs="#Latin-A_147r_a_29"/> uniuerse terre <choice><abbr>o<am>i&#x305;</am>m</abbr><expan>o<ex>mniu</ex>m</expan></choice> <choice><abbr>mulier<am>u&#x304;</am></abbr><expan>mulier<ex>um</ex></expan></choice> <choice><abbr>decor<am>e&#x304;</am></abbr><expan>decor<ex>em</ex></expan></choice>
			<lb facs="#Latin-A_147r_a_30"/> excellit<pc resp="editor">.</pc> <hi rend = "rubr">U</hi>nde <choice><abbr>t<am>n&#x304;</am></abbr><expan>t<ex>amen</ex></expan></choice> <choice><abbr>cor<am>&#xA751;</am>i</abbr><expan>cor<ex>por</ex>i</expan></choice> tantus decor<pc><choice><orig>&#x02FA;</orig><reg resp="editor" type="punct">,</reg></choice></pc>
			<lb facs="#Latin-A_147r_a_31"/> nisi ab illo qui fons pulchritudinis
			<lb facs="#Latin-A_147r_a_32"/> est? <hi rend = "rubr">H</hi>oc <choice><abbr>corp<am><sup>&#xA76F;</sup></am></abbr><expan>corp<ex>us</ex></expan></choice> <choice><abbr>vermib<am>&#xA76A;</am></abbr><expan>vermib<ex>us</ex></expan></choice> <choice><abbr>deuorand<am>u&#x304;</am></abbr><expan>deuorand<ex>um</ex></expan></choice>
			<lb facs="#Latin-A_147r_a_33"/> auro et margaritis ornas<pc><choice><orig>&#x02FA;</orig><reg resp="editor" type="punct">,</reg></choice></pc> <choice><abbr>a<am>i&#x304;a&#xA76A;</am></abbr><expan>a<ex>nimam</ex></expan></choice> ve
			<lb facs="#Latin-A_147r_a_34"/> ro sole choruscante <choice><abbr>clarior<am>e&#x304;</am></abbr><expan>clarior<ex>em</ex></expan></choice><pc resp="editor">,</pc> cunctis
			<lb facs="#Latin-A_147r_a_35"/> astris <choice><abbr>pulchrior<am>e&#x304;</am></abbr><expan>pulchrior<ex>em</ex></expan></choice><pc><choice><orig>:</orig><reg resp="editor" type="punct">,</reg></choice></pc> turpiter <choice><abbr>morib<am>&#xA76A;</am></abbr><expan>morib<ex>us</ex></expan></choice> las
			<lb facs="#Latin-A_147r_a_36"/> ciuis et vita reprehensibi <choice><abbr><am>o&#x304;</am>ni</abbr><expan><ex>om</ex>ni</expan></choice> purita
			<lb facs="#Latin-A_147r_a_37"/> te priuas<pc resp="editor">.</pc> <hi rend = "rubr">H</hi>ec et hiis similia <choice><abbr>s<am>a&#x304;</am>cta</abbr><expan>s<ex>an</ex>cta</expan></choice>
			<lb facs="#Latin-A_147r_a_38"/> <name type="person" nymRef="Martha"><choice><orig>m</orig><reg resp="editor" type="capit">M</reg></choice>artha</name> sorori sue dixit<pc resp="editor">.</pc> <choice><abbr><hi rend = "rubr">R</hi><am>n&#x304;</am>dit</abbr><expan>R<ex>espon</ex>dit</expan></choice> <name type="person" nymRef="Mary_Magdalene"><choice><orig>m</orig><reg resp="editor" type="capit">M</reg></choice>ag
			<lb facs="#Latin-A_147r_a_39"/> dalena</name><pc resp="editor">:</pc> <hi rend = "rubr">S</hi>oror mea <choice><abbr>dil<am>ca&#x304;</am></abbr><expan>dil<ex>ecta</ex></expan></choice><pc resp="editor">,</pc> <choice><abbr><am>q&#x030C;</am>a</abbr><expan><ex>qui</ex>a</expan></choice> me tam
			<lb facs="#Latin-A_147r_a_40"/> <choice><abbr>pulchr<am>a&#x304;</am></abbr><expan>pulchr<ex>am</ex></expan></choice> asseris<pc resp="editor">,</pc>| et ego vt video a <choice><abbr>m<am>u&#x304;</am>
			<lb facs="#Latin-A_147r_a_41"/> di</abbr><expan>m<ex>un</ex>di</expan></choice> flosculis <choice><abbr>iuniorib<am>&#xA76A;</am></abbr><expan>iuniorib<ex>us</ex></expan></choice> <choice><abbr>militib<am>&#xA76A;</am></abbr><expan>militib<ex>us</ex></expan></choice> amor<pc><choice><orig>:</orig><reg resp="editor" type="punct">,</reg></choice></pc>
			<lb facs="#Latin-A_147r_a_42"/> deliciis habunde dies meos <choice><abbr>c<am>u&#x304;</am></abbr><expan>c<ex>um</ex></expan></choice> pater

			<pb edRef="#Latin-A" facs="#Latin-A_147r" n="fol. 147r"/><cb edRef="#Latin-A" facs="#Latin-A_147rb" n="fol. 147rb"/>
			<lb facs="#Latin-A_147r_b_01"/> nali hereditate mente letissima <choice><abbr>con
			<lb facs="#Latin-A_147r_b_02"/> sum<am>a&#x304;</am></abbr><expan>consum<ex>am</ex></expan></choice><pc resp="editor">.</pc> <hi rend = "rubr">H</hi>iis et aliis dictis<pc><choice><orig>.</orig><reg resp="editor" type="punct">,</reg></choice></pc> contigit <choice><abbr>il
			<lb facs="#Latin-A_147r_b_03"/> l<am>a&#x304;</am></abbr><expan>ill<ex>am</ex></expan></choice> vna <choice><abbr>dier<am>u&#x304;</am></abbr><expan>dier<ex>um</ex></expan></choice> de <name type="place" nymRef="Jerusalem"><choice><abbr><choice><orig>i</orig><reg resp="editor" type="capit">I</reg></choice>h<am>r'l'</am>m</abbr><expan><choice><orig>i</orig><reg resp="editor" type="capit">I</reg></choice>h<ex>erusale</ex>m</expan></choice></name><pc resp="editor">,</pc> vbi illa die
			<lb facs="#Latin-A_147r_b_04"/> <choice><abbr>m<am>u&#x304;</am>di</abbr><expan>m<ex>un</ex>di</expan></choice> <choice><abbr>vanitatib<am>&#xA76A;</am></abbr><expan>vanitatib<ex>us</ex></expan></choice> occupata instite
			<lb facs="#Latin-A_147r_b_05"/> rat<pc><choice><orig>:</orig><reg resp="editor" type="punct">,</reg></choice></pc> et sine fatigatione <choice><abbr>chore<am>a&#x304;</am></abbr><expan>chore<ex>am</ex></expan></choice> duxe
			<lb facs="#Latin-A_147r_b_06"/> rat<pc resp="editor">,</pc> ad <choice><abbr>soror<am>e&#x304;</am></abbr><expan>soror<ex>em</ex></expan></choice> <choice><abbr>su<am>a&#x304;</am></abbr><expan>su<ex>am</ex></expan></choice> <name type="person" nymRef="Martha"><choice><abbr><choice><orig>m</orig><reg resp="editor" type="capit">M</reg></choice>arth<am>a&#x304;</am></abbr><expan><choice><orig>m</orig><reg resp="editor" type="capit">M</reg></choice>arth<ex>am</ex></expan></choice></name> redire<pc><choice><orig>&#x02FA;</orig><reg resp="editor" type="punct">,</reg></choice></pc>
			<lb facs="#Latin-A_147r_b_07"/> <choice><abbr>c<am>u&#x304;</am></abbr><expan>c<ex>um</ex></expan></choice> <choice><abbr>saltib<am>&#xA76A;</am></abbr><expan>saltib<ex>us</ex></expan></choice> edem <choice><abbr>ingredi<am>e&#x304;</am>s</abbr><expan>ingredi<ex>en</ex>s</expan></choice><pc resp="editor">,</pc> sorori oc
			<lb facs="#Latin-A_147r_b_08"/> currens ait<pc resp="editor">:</pc> <hi rend = "rubr">E</hi>go hodie corda <choice><abbr><am>o&#x304;</am>ni<am>u&#x304;</am></abbr><expan><ex>om</ex>ni<ex>um</ex></expan></choice>
			<lb facs="#Latin-A_147r_b_09"/> <name type="place" subtype= "residence" nymRef="Jerusalem"><choice><orig>i</orig><reg resp="editor" type="capit">I</reg></choice>herosolomitarum</name> leta feci<pc><choice><orig>&#x02FA;</orig><reg resp="editor" type="punct">,</reg></choice></pc> et ipsa
			<lb facs="#Latin-A_147r_b_10"/> magis <choice><abbr><am>&#xA759;</am></abbr><expan><ex>quam</ex></expan></choice> in vita mea <choice><abbr>um<am>&#xA759;</am></abbr><expan>um<ex>quam</ex></expan></choice> habui
			<lb facs="#Latin-A_147r_b_11"/> <choice><abbr>gaudi<am>u&#x304;</am></abbr><expan>gaudi<ex>um</ex></expan></choice> <choice><abbr>s<am>u&#x304;</am></abbr><expan>s<ex>um</ex></expan></choice> consecuta<pc><choice><orig>:</orig><reg resp="editor" type="punct">,</reg></choice></pc> et credo <choice><abbr>n<am>o&#x304;</am></abbr><expan>n<ex>on</ex></expan></choice> in
			<lb facs="#Latin-A_147r_b_12"/> ane fore <choice><abbr>gaudi<am>u&#x304;</am></abbr><expan>gaudi<ex>um</ex></expan></choice><pc><choice><orig>&#x02FA;</orig><reg resp="editor" type="punct">,</reg></choice></pc> <choice><abbr><am>&#xA759;</am></abbr><expan><ex>quam</ex></expan></choice> <choice><abbr>ho<am>i&#x305;e</am></abbr><expan>ho<ex>mine</ex>m</expan></choice> vitam
			<lb facs="#Latin-A_147r_b_13"/> <choice><abbr>su<am>a&#x304;</am></abbr><expan>su<ex>am</ex></expan></choice> in leticia et gaudio <choice><abbr>c<am>o&#x304;</am>s<am>u&#x304;</am>mare</abbr><expan>c<ex>on</ex>s<ex>um</ex>mare</expan></choice><pc resp="editor">.</pc>
			<lb facs="#Latin-A_147r_b_14"/> <hi rend = "rubr">C</hi>ui <name type="person" nymRef="Martha"><choice><orig>m</orig><reg resp="editor" type="capit">M</reg></choice>artha</name><pc resp="editor">:</pc> <choice><abbr><hi rend = "rubr">N</hi><am>u&#x304;</am>quid</abbr><expan>N<ex>um</ex>quid</expan></choice><pc resp="editor">,</pc> soror mea <choice><abbr><am>p&#x304;</am>
			<lb facs="#Latin-A_147r_b_15"/> dil<am>ca&#x304;</am></abbr><expan><ex>prae</ex>dil<ex>ecta</ex></expan></choice><pc resp="editor">,</pc> <choice><abbr>ioc<am>u&#x304;</am>dissim<am>u&#x304;</am></abbr><expan>ioc<ex>un</ex>dissim<ex>um</ex></expan></choice> et <choice><abbr>pulcherrim<am>u&#x304;</am></abbr><expan>pulcherrim<ex>um</ex></expan></choice>
			<lb facs="#Latin-A_147r_b_16"/> <choice><abbr>reg<am>e&#x304;</am></abbr><expan>reg<ex>em</ex></expan></choice> <choice><abbr>o<am>i&#x305;</am>m</abbr><expan>o<ex>mniu</ex>m</expan></choice> corda <choice><abbr>letificant<am>e&#x304;</am></abbr><expan>letificant<ex>em</ex></expan></choice> vidisti <choice><abbr><am>i&#x304;</am></abbr><expan><ex>in</ex></expan></choice>
			<lb facs="#Latin-A_147r_b_17"/> tua <choice><abbr>ioc<am>u&#x304;</am>ditate</abbr><expan>ioc<ex>un</ex>ditate</expan></choice>? <hi rend = "rubr">A</hi>t illa<pc><choice><orig>.</orig><reg resp="editor" type="punct">:</reg></choice></pc> <choice><orig>r</orig><reg resp="editor" type="capit">R</reg></choice>eges nobis
			<lb facs="#Latin-A_147r_b_18"/> <choice><abbr>c<am>u&#x304;</am></abbr><expan>c<ex>um</ex></expan></choice> <choice><abbr>n<am>o&#x304;</am></abbr><expan>n<ex>on</ex></expan></choice> <choice><abbr>fuer<am>u&#x304;</am>t</abbr><expan>fuer<ex>un</ex>t</expan></choice><pc resp="editor">.</pc> <name type="person" nymRef="Martha"><hi rend = "rubr">M</hi>artha</name> <choice><abbr>r<am>n&#x304;</am>dit</abbr><expan>r<ex>espon</ex>dit</expan></choice><pc resp="editor">:</pc> <hi rend = "rubr">N</hi>um
			<lb facs="#Latin-A_147r_b_19"/> <choice><abbr><am>q&#x030C;</am>d</abbr><expan><ex>qui</ex>d</expan></choice> <choice><abbr>reg<am>e&#x304;</am></abbr><expan>reg<ex>em</ex></expan></choice> <choice><abbr>ill<am>u&#x304;</am></abbr><expan>ill<ex>um</ex></expan></choice> nosti<pc><choice><orig>.</orig><reg resp="editor" type="punct">,</reg></choice></pc> <choice><abbr>cui<am><sup>&#xA76F;</sup></am></abbr><expan>cui<ex>us</ex></expan></choice> <choice><abbr>vult<am>&#xA76F;</am></abbr><expan>vult<ex>us</ex></expan></choice> <choice><abbr><am>o&#x304;</am>nem</abbr><expan><ex>om</ex>nem</expan></choice>
			<lb facs="#Latin-A_147r_b_20"/> <choice><abbr>intuent<am>e&#x304;</am></abbr><expan>intuent<ex>em</ex></expan></choice> decorat<pc><choice><orig>?</orig><reg resp="editor" type="punct">,</reg></choice></pc> <choice><abbr>cui<am><sup>&#xA76F;</sup></am></abbr><expan>cui<ex>us</ex></expan></choice> <choice><abbr>pulchritu
			<lb facs="#Latin-A_147r_b_21"/> din<am>e&#x304;</am></abbr><expan>pulchritudin<ex>em</ex></expan></choice> <choice><abbr>o<am>i&#x304;</am>s</abbr><expan>o<ex>mni</ex>s</expan></choice> rationalis creatura <choice><abbr>mira
			<lb facs="#Latin-A_147r_b_22"/> t<am>&#x31B;</am></abbr><expan>mirat<ex>ur</ex></expan></choice><pc><choice><orig>?</orig><reg resp="editor" type="punct">,</reg></choice></pc> <choice><abbr>qu<am>e&#x304;</am></abbr><expan>qu<ex>em</ex></expan></choice> si respexeris <choice><abbr>letissim<am>a&#x304;</am></abbr><expan>letissim<ex>am</ex></expan></choice> te dimit
			<lb facs="#Latin-A_147r_b_23"/> teret<pc resp="editor">?</pc> <hi rend = "rubr">C</hi>ui <name type="person" nymRef="Mary_Magdalene"><choice><orig>m</orig><reg resp="editor" type="capit">M</reg></choice>aria</name><pc resp="editor">:</pc> <hi rend = "rubr">Q</hi>uis est iste <choice><abbr>t<am>a&#x304;</am></abbr><expan>t<ex>am</ex></expan></choice>
			<lb facs="#Latin-A_147r_b_24"/> pulcher tam formosus? <choice><abbr><hi rend = "rubr">N</hi><am>u&#x304;</am>quid</abbr><expan>N<ex>um</ex>quid</expan></choice> <name type="person" role="emperor" nymRef="Tiberius"><choice><orig>t</orig><reg resp="editor" type="capit">T</reg></choice>y
			<lb facs="#Latin-A_147r_b_25"/> berius</name> cesar est? <choice><abbr><hi rend = "rubr">R</hi><am>n&#x304;</am>dit</abbr><expan>R<ex>espon</ex>dit</expan></choice> <name type="person" nymRef="Martha"><choice><orig>m</orig><reg resp="editor" type="capit">M</reg></choice>artha</name><pc><choice><orig>.</orig><reg resp="editor" type="punct">:</reg></choice></pc>
			<lb facs="#Latin-A_147r_b_26"/> <choice><abbr><hi rend = "rubr">N</hi><am>o&#x304;</am></abbr><expan>N<ex>on</ex></expan></choice> est <choice><abbr>im<am>&#xA751;</am>ator</abbr><expan>im<ex>per</ex>ator</expan></choice> <name type="person" role="emperor" nymRef="Tiberius"><choice><abbr><choice><orig>t</orig><reg resp="editor" type="capit">T</reg></choice>yberi<am><sup>&#xA76F;</sup></am></abbr><expan><choice><orig>t</orig><reg resp="editor" type="capit">T</reg></choice>yberi<ex>us</ex></expan></choice></name><pc resp="editor">,</pc> rex <choice><abbr>genti<am>u&#x304;</am></abbr><expan>genti<ex>um</ex></expan></choice><pc><choice><orig>.</orig><reg resp="editor" type="punct">,</reg></choice></pc>
			<lb facs="#Latin-A_147r_b_27"/> sed est rex <choice><abbr>reg<am>u&#x304;</am></abbr><expan>reg<ex>um</ex></expan></choice> et <choice><abbr>d<am>n&#x304;</am>s</abbr><expan>d<ex>ominu</ex>s</expan></choice> <choice><abbr>d<am>n&#x304;</am>anti<am>u&#x304;</am></abbr><expan>d<ex>omin</ex>anti<ex>um</ex></expan></choice><pc resp="editor">,</pc> <choice><abbr>rede<am>p&#x304;</am>
			<lb facs="#Latin-A_147r_b_28"/> tor </abbr><expan>rede<ex>mp</ex>tor</expan></choice> <choice><abbr>filio<am>&#xA75D;</am></abbr><expan>filio<ex>rum</ex></expan></choice> <name type="place" nymRef="Israel"><choice><orig>i</orig><reg resp="editor" type="capit">I</reg></choice>srahel</name><pc><choice><orig>:</orig><reg resp="editor" type="punct">,</reg></choice></pc> et quasi de <choice><abbr>nobili
			<lb facs="#Latin-A_147r_b_29"/> b<am>&#xA76A;</am></abbr><expan>nobilib<ex>us</ex></expan></choice> ortus est <choice><abbr>parentib<am>&#xA76A;</am></abbr><expan>parentib<ex>us</ex></expan></choice><pc resp="editor" type="punct">.</pc> <hi rend = "rubr">P</hi>ater <choice><abbr>illi<am><sup>&#xA76F;</sup></am></abbr><expan>illi<ex>us</ex></expan></choice> <choice><abbr><am>e&#x304;</am></abbr><expan><ex>est</ex></expan></choice>
			<lb facs="#Latin-A_147r_b_30"/> <name type="person" nymRef="God"><choice><abbr><choice><orig>d</orig><reg resp="editor" type="capit">D</reg></choice>e<am><sup>&#xA76F;</sup></am></abbr><expan>de<ex>us</ex></expan></choice></name> in celis<pc resp="editor" type="punct">,</pc> <choice><abbr>femin<am>a&#x304;</am></abbr><expan>femin<ex>am</ex></expan></choice> nesciens in ter
			<lb facs="#Latin-A_147r_b_31"/> ris<pc><choice><orig>:</orig><reg resp="editor" type="punct">,</reg></choice></pc> mater <choice><abbr>ei<am><sup>&#xA76F;</sup></am></abbr><expan>ei<ex>us</ex></expan></choice> virgo a dauitica stir
			<lb facs="#Latin-A_147r_b_32"/> pe <choice><abbr><am>&#xA753;</am>grediens</abbr><expan><ex>pro</ex>grediens</expan></choice> <choice><abbr>hui<am><sup>&#xA76F;</sup></am></abbr><expan>hui<ex>us</ex></expan></choice> <choice><abbr>m<am>u&#x304;</am>di</abbr><expan>m<ex>un</ex>di</expan></choice> <choice><abbr>flor<am>e&#x304;</am></abbr><expan>flor<ex>em</ex></expan></choice> <choice><abbr>sal
			<lb facs="#Latin-A_147r_b_33"/> uator<am>e&#x304;</am>q<am>&#xA76A;</am></abbr><expan>salvator<ex>em</ex>q<ex>ue</ex></expan></choice> <choice><abbr><am>&#xA753;</am>duxit</abbr><expan><ex>pro</ex>duxit</expan></choice><pc resp="editor">.</pc> <hi rend = "rubr">T</hi>unc <name type="person" nymRef="Mary_Magdalene"><choice><orig>m</orig><reg resp="editor" type="capit">M</reg></choice>agdale
			<lb facs="#Latin-A_147r_b_34"/> na</name> amore seculari <choice><abbr>t<am>a&#x304;</am></abbr><expan>t<ex>am</ex></expan></choice> <choice><abbr>decor<am>e&#x304;</am></abbr><expan>decor<ex>em</ex></expan></choice> et <choice><abbr>nobi
			<lb facs="#Latin-A_147r_b_35"/> l<am>e&#x304;</am></abbr><expan>nobil<ex>em</ex></expan></choice> videre <choice><abbr>desider<am>a&#x304;</am>s</abbr><expan>desider<ex>an</ex>s</expan></choice> ait<pc resp="editor">:</pc> <hi rend = "rubr">I</hi>ndica <choice><abbr><am>m&#x312;</am></abbr><expan><ex>mihi</ex></expan></choice><pc resp="editor">,</pc> so
			<lb facs="#Latin-A_147r_b_36"/> ror mea <choice><abbr>dil<am>ca&#x305;</am></abbr><expan>dil<ex>ecta</ex></expan></choice><pc resp="editor">,</pc> vbi <choice><abbr>ill<am>a&#x304;</am></abbr><expan>ill<ex>am</ex></expan></choice> <choice><abbr>inveni<am>a&#x304;</am></abbr><expan>inveni<ex>am</ex></expan></choice> <choice><abbr><am>q&#x030C;</am></abbr><expan><ex>qui</ex></expan></choice> <choice><abbr>t<am>a&#x304;</am>
			<lb facs="#Latin-A_147r_b_37"/> ta</abbr><expan>t<ex>an</ex>ta</expan></choice> prestat solacia<pc><choice><orig>&#x02FA;</orig><reg resp="editor" type="punct">.</reg></choice></pc> <choice><orig>e</orig><reg resp="editor" type="capit">E</reg></choice>t <choice><abbr>e<am>u&#x304;</am></abbr><expan>e<ex>um</ex></expan></choice> <choice><abbr>quesit<am>u&#x304;</am></abbr><expan>quesit<ex>um</ex></expan></choice> et
			<lb facs="#Latin-A_147r_b_38"/> <choice><abbr><am>i&#x304;</am>uent<am>u&#x304;</am></abbr><expan><ex>in</ex>uent<ex>um</ex></expan></choice> <choice><abbr>amplexib<am>&#xA76A;</am></abbr><expan>amplexib<ex>us</ex></expan></choice> meis et <choice><abbr>munerib<am>&#xA76A;</am></abbr><expan>munerib<ex>us</ex></expan></choice>
			<lb facs="#Latin-A_147r_b_39"/> <choice><abbr>p&#x304;</abbr><expan><ex>prae</ex></expan></choice> <choice><abbr><am>o&#x304;</am>nib<am>&#xA76A;</am></abbr><expan><ex>om</ex>nib<ex>us</ex></expan></choice> <choice><abbr>m<am>u&#x304;</am>di</abbr><expan>m<ex>un</ex>di</expan></choice> viris amore meo allici
			<lb facs="#Latin-A_147r_b_40"/> am<pc><choice><orig>:</orig><reg resp="editor" type="punct">,</reg></choice></pc> et <choice><abbr>ei<am><sup>&#xA76F;</sup></am></abbr><expan>ei<ex>us</ex></expan></choice> deliciis et <choice><abbr>ioc<am>u&#x304;</am>ditate</abbr><expan>ioc<ex>un</ex>ditate</expan></choice> <choice><abbr><am>&#xA751;</am>fru
			<lb facs="#Latin-A_147r_b_41"/> ar</abbr><expan><ex>per</ex>fruar</expan></choice><pc resp="editor">.</pc> <name type="person" nymRef="Martha"><hi rend = "rubr">M</hi>artha</name> <choice><abbr>r<am>n&#x304;</am>dit</abbr><expan>r<ex>espon</ex>dit</expan></choice><pc resp="editor">:</pc> <choice><abbr><hi rend = "rubr">D</hi><am>n&#x304;</am>s</abbr><expan>D<ex>ominu</ex>s</expan></choice> <choice><abbr>me<am><sup>&#xA76F;</sup></am></abbr><expan>me<ex>us</ex></expan></choice> <name type="person" nymRef="Jesus_Christ"><choice><abbr><am>ih&#x31B;s</am></abbr><expan><ex>Jhesus</ex></expan></choice> <choice><abbr><am>xp&#x304;s</am></abbr><expan><ex>Christus</ex></expan></choice></name>
			<lb facs="#Latin-A_147r_b_42"/> est ille<pc resp="editor">.</pc> <hi rend = "rubr">E</hi>t ait <name type="person" nymRef="Mary_Magdalene"><choice><orig>m</orig><reg resp="editor" type="capit">M</reg></choice>aria</name><pc resp="editor">:</pc> <choice><abbr><hi rend = "rubr">H</hi><am>u&#x304;</am>c</abbr><expan>H<ex>un</ex>c</expan></choice> <name type="person" nymRef="Jesus_Christ"><choice><orig>j</orig><reg resp="editor" type="capit">J</reg></choice>hesum</name> <choice><abbr>fi

			<pb edRef="#Latin-A" facs="#Latin-A_147v" n="fol. 147v"/><cb edRef="#Latin-A" facs="#Latin-A_147va" n="fol. 147va"/>
			<lb facs="#Latin-A_147v_a_01"/> li<am>u&#x304;</am></abbr><expan>fili<ex>um</ex></expan></choice> fabri et <name type="person" nymRef="Virgin_Mary"><choice><orig>m</orig><reg resp="editor" type="capit">M</reg></choice>arie</name><pc resp="editor">,</pc> filie <name type="person" nymRef="Joachim"><choice><orig>j</orig><reg resp="editor" type="capit">J</reg></choice>oachim</name><pc resp="editor">,</pc> <choice><abbr>no
			<lb facs="#Latin-A_147v_a_02"/> uim<am><sup>&#xA76F;</sup></am></abbr><expan>novim<ex>us</ex></expan></choice><pc><choice><orig>&#x02FA;</orig><reg resp="editor" type="punct">.</reg></choice></pc> <choice><orig>e</orig><reg resp="editor" type="capit">E</reg></choice>t <choice><abbr>quom<am>o&#x304;</am></abbr><expan>quom<ex>odo</ex></expan></choice> tu <choice><abbr>e<am>u&#x304;</am></abbr><expan>e<ex>um</ex></expan></choice> dei <choice><abbr>fili<am>u&#x304;</am></abbr><expan>fili<ex>um</ex></expan></choice><pc><choice><orig>.</orig><reg resp="editor" type="punct"></reg></choice></pc> et
			<lb facs="#Latin-A_147v_a_03"/> <choice><abbr>fili<am>u&#x304;</am></abbr><expan>fili<ex>um</ex></expan></choice> virginis asserere <choice><abbr><am>p&#x304;</am>sumis</abbr><expan><ex>prae</ex>sumis</expan></choice>? <name type="person" nymRef="Martha"><hi rend = "rubr">M</hi>ar
			<lb facs="#Latin-A_147v_a_04"/> tha</name> <choice><abbr>r<am>n&#x304;</am>dit</abbr><expan>r<am>espon</am>dit</expan></choice><pc resp="editor">:</pc> <name type="person" nymRef="Joseph"><hi rend = "rubr">J</hi>oseph</name> <choice><abbr>fili<am><sup>&#xA76F;</sup></am></abbr><expan>fili<ex>us</ex></expan></choice> putatiuus<pc resp="editor">,</pc> <choice><abbr>n<am>o&#x304;</am></abbr><expan>n<ex>on</ex></expan></choice>
			<lb facs="#Latin-A_147v_a_05"/> naturalis fuit<pc resp="editor">.</pc> <hi rend = "rubr">E</hi>t multis doctrinis
			<lb facs="#Latin-A_147v_a_06"/> sororis cor madefaciens<pc><choice><orig>:</orig><reg resp="editor" type="punct">,</reg></choice></pc> lacrimata
			<lb facs="#Latin-A_147v_a_07"/> est <name type="person" nymRef="Mary_Magdalene">maria</name><pc resp="editor">.</pc> <hi rend = "rubr">E</hi>t ecce <choice><abbr>don<am>u&#x304;</am></abbr><expan>don<ex>um</ex></expan></choice> <name type="person" nymRef="Holy_Spirit"><choice><abbr>sp<am>u&#x304;</am>s</abbr><expan>sp<ex>iritu</ex>s</expan></choice> <choice><abbr>s<am>ci&#x305;</am></abbr><expan>s<ex>ancti</ex></expan></choice></name><pc><choice><orig>.</orig><reg resp="editor" type="punct"></reg></choice></pc> <choice><abbr>rep<am>e&#x304;</am>
			<lb facs="#Latin-A_147v_a_08"/> te</abbr><expan>rep<ex>en</ex>te</expan></choice> <choice><abbr>su<am>&#xA751;</am></abbr><expan>su<ex>per</ex></expan></choice> <name type="person" nymRef="Mary_Magdalene"><choice><abbr><choice><orig>m</orig><reg resp="editor" type="capit">M</reg></choice>ari<am>a&#x304;</am></abbr><expan><choice><orig>m</orig><reg resp="editor" type="capit">M</reg></choice>ari<ex>am</ex></expan></choice></name> corruens<pc><choice><orig>.</orig><reg resp="editor" type="punct">,</reg></choice></pc> <choice><abbr>tang<am>e&#x304;</am>s</abbr><expan>tang<ex>en</ex>s</expan></choice> <choice><abbr>e<am>a&#x304;</am></abbr><expan>e<ex>am</ex></expan></choice>
			<lb facs="#Latin-A_147v_a_09"/> dextro <name type="person" nymRef="God"><choice><orig>d</orig><reg resp="editor" type="capit">D</reg></choice>ei</name> digito<pc resp="editor">.</pc> <hi rend = "rubr">S</hi>tabat <choice><abbr>aut<am>e&#x304;</am></abbr><expan>aut<ex>em</ex></expan></choice> <name type="person" nymRef="Mary_Magdalene"><choice><orig>m</orig><reg resp="editor" type="capit">M</reg></choice>aria</name>
			<lb facs="#Latin-A_147v_a_10"/> <choice><abbr>cor<am>a&#x304;</am></abbr><expan>cor<ex>am</ex></expan></choice> sorore sua<pc><choice><orig>.</orig><reg resp="editor" type="punct">,</reg></choice></pc> erecto collo<pc resp="editor">,</pc> nitida fa
			<lb facs="#Latin-A_147v_a_11"/> cie<pc resp="editor">,</pc> <choice><abbr>tam<am>&#xA759;</am></abbr><expan>tam<ex>quam</ex></expan></choice> fantasiis obruta<pc><choice><orig>:</orig><reg resp="editor" type="punct">,</reg></choice></pc> <choice><abbr>tam<am>&#xA759;</am></abbr><expan>tam<ex>quam</ex></expan></choice> de
			<lb facs="#Latin-A_147v_a_12"/> raptu ad se rediens<pc resp="editor">.</pc> <hi rend = "rubr">H</hi>eu<pc resp="editor">,</pc> heu<pc resp="editor">,</pc> inquit<pc resp="editor">,</pc>
			<lb facs="#Latin-A_147v_a_13"/> quid <choice><abbr><am>m&#x312;</am></abbr><expan><ex>mihi</ex></expan></choice> viuere dulce fuit<pc><choice><orig>&#x02FA;</orig><reg resp="editor" type="punct">,</reg></choice></pc> <choice><abbr><am>q&#x304;</am></abbr><expan><ex>quae</ex></expan></choice> <choice><abbr>etern<am>a&#x304;</am></abbr><expan>etern<ex>am</ex></expan></choice>
			<lb facs="#Latin-A_147v_a_14"/> merui <choice><abbr>mort<am>e&#x304;</am></abbr><expan>mort<ex>em</ex></expan></choice>? <choice><orig>q</orig><reg resp="editor" type="capit">Q</reg></choice>ue delectatio <choice><abbr>m<am>u&#x304;</am>di</abbr><expan>m<ex>un</ex>di</expan></choice> vl
			<lb facs="#Latin-A_147v_a_15"/> tra delectabit<pc><choice><orig>&#x02FA;</orig><reg resp="editor" type="punct">?</reg></choice></pc> <choice><abbr><choice><orig>q</orig><reg resp="editor" type="capit">Q</reg></choice><am>n&#x304;</am></abbr><expan><choice><orig>q</orig><reg resp="editor" type="capit">Q</reg></choice><ex>uando</ex></expan></choice> <choice><abbr>cruciatib<am>&#xA76A;</am></abbr><expan>cruciatib<ex>us</ex></expan></choice> <choice><abbr>geh<am>e&#x304;</am>na</abbr><expan>geh<ex>en</ex>na</expan></choice>
			<lb facs="#Latin-A_147v_a_16"/> <choice><abbr>lib<am>&#xA76A;</am></abbr><expan>lib<ex>us</ex></expan></choice> tradar? <hi rend = "rubr">Q</hi>uid <choice><abbr>salt<am><sup>&#xA76F;</sup></am></abbr><expan>salt<ex>us</ex></expan></choice> <choice><abbr>hirco<am>&#xA75D;</am></abbr><expan>hirco<ex>rum</ex></expan></choice> et
			<lb facs="#Latin-A_147v_a_17"/> <choice><abbr>camelo<am>&#xA75D;</am></abbr><expan>camelo<ex>rum</ex></expan></choice><pc><choice><orig>&#x02FA;</orig><reg resp="editor" type="punct">,</reg></choice></pc> <choice><abbr><am>q&#x304;</am></abbr><expan><ex>quae</ex></expan></choice> subito in <choice><abbr>fl<am>a&#x304;</am>m<am>a&#x304;</am></abbr><expan>fl<ex>am</ex>m<ex>am</ex></expan></choice> ignis <choice><abbr><am>p&#x304;</am>
			<lb facs="#Latin-A_147v_a_18"/> cipitabor</abbr><expan><ex>prae</ex>cipitabor</expan></choice>? <hi rend = "rubr">O</hi> vita misera et miserri
			<lb facs="#Latin-A_147v_a_19"/> ma honoris mei priuatrix<pc resp="editor">!</pc> <hi rend = "rubr">C</hi>ur te di
			<lb facs="#Latin-A_147v_a_20"/> lexi<pc><choice><orig>&#x02FA;</orig><reg resp="editor" type="punct">,</reg></choice></pc> <choice><abbr>c<am>u&#x304;</am></abbr><expan>c<ex>um</ex></expan></choice> sis <choice><abbr><am>m&#x312;</am></abbr><expan><ex>mihi</ex></expan></choice> turpissima infamatrix?
			<lb facs="#Latin-A_147v_a_21"/> <hi rend = "rubr">E</hi>cce <choice><abbr>nom<am>e&#x304;</am></abbr><expan>nom<ex>en</ex></expan></choice> <choice><abbr>me<am>u&#x304;</am></abbr><expan>me<ex>um</ex></expan></choice> <choice><abbr>sole<am>p&#x304;</am>ne</abbr><expan>sole<ex>mp</ex>ne</expan></choice> eradicasti<pc><choice><orig>:</orig><reg resp="editor" type="punct">,</reg></choice></pc>
			<lb facs="#Latin-A_147v_a_22"/> <choice><abbr>public<am>a&#x304;</am></abbr><expan>public<ex>am</ex></expan></choice> <choice><abbr>meretric<am>e&#x304;</am></abbr><expan>meretric<ex>em</ex></expan></choice> pro <choice><abbr><am>v&#x312;</am>gine</abbr><expan><ex>vir</ex>gine</expan></choice> me apel
			<lb facs="#Latin-A_147v_a_23"/> lari <choice><abbr><am>&#xA753;</am>curasti</abbr><expan>pro<ex>curasti</ex></expan></choice><pc resp="editor">.</pc> <hi rend = "rubr">E</hi>t <choice><abbr>c<am>o&#x304;</am>versa</abbr><expan>c<ex>on</ex>versa</expan></choice> ad <choice><abbr>soror<am>e&#x304;</am></abbr><expan>soror<ex>em</ex></expan></choice> dix
			<lb facs="#Latin-A_147v_a_24"/> it<pc resp="editor">:</pc> <hi rend = "rubr">U</hi>bi est salus <choice><abbr>n<am>ra&#x305;</am></abbr><expan>n<ex>ostra</ex></expan></choice> et <choice><abbr>red<am>e&#x304;</am>ptio</abbr><expan>red<ex>em</ex>ptio</expan></choice> <name type="place" nymRef="Israel"><choice><abbr><choice><orig>i</orig><reg resp="editor" type="capit">I</reg></choice>sr<am>&#x312;l&#x31B;</am></abbr><expan><choice><orig>i</orig><reg resp="editor" type="capit">I</reg></choice>sr<ex>ael</ex></expan></choice></name><pc resp="editor">,</pc> <choice><abbr>do
			<lb facs="#Latin-A_147v_a_25"/> min<am><sup>&#xA76F;</sup></am></abbr><expan>min<ex>us</ex></expan></choice> <name type="person" nymRef="Jesus_Christ"><choice><orig>j</orig><reg resp="editor" type="capit">J</reg></choice>hesus</name>? <hi rend = "rubr">V</hi>ulnerata <choice><abbr>ei<am><sup>&#xA76F;</sup></am></abbr><expan>ei<ex>us</ex></expan></choice> caritate
			<lb facs="#Latin-A_147v_a_26"/> ego <choice><abbr>s<am>u&#x304;</am></abbr><expan>s<ex>um</ex></expan></choice><pc resp="editor">.</pc> <hi rend = "rubr">O</hi> <choice><abbr>m<am>u&#x304;</am>de</abbr><expan>m<ex>un</ex>de</expan></choice> <choice><abbr>imm<am>u&#x304;</am>de</abbr><expan>imm<ex>un</ex>de</expan></choice><pc resp="editor">,</pc> <choice><abbr><am>q&#x030C;</am></abbr><expan><ex>qui</ex></expan></choice> vult mane
			<lb facs="#Latin-A_147v_a_27"/> re in te<pc><choice><orig>:</orig><reg resp="editor" type="punct">,</reg></choice></pc> <choice><abbr>sem<am>&#xA751;</am></abbr><expan>sem<ex>per</ex></expan></choice> manebit <choice><abbr><am>i&#x304;</am>m<am>u&#x304;</am>d<am>&#xA76F;</am></abbr><expan><ex>im</ex>m<ex>un</ex>d<ex>us</ex></expan></choice><pc resp="editor">.</pc> <hi rend = "rubr">H</hi>ic
			<lb facs="#Latin-A_147v_a_28"/> malicie <choice><abbr>plurim<am>u&#x304;</am></abbr><expan>plurim<ex>um</ex></expan></choice><pc><choice><orig>.</orig><reg resp="editor" type="punct">,</reg></choice></pc> sapiencie <choice><abbr>modic<am>u&#x304;</am></abbr><expan>modic<ex>um</ex></expan></choice><pc><choice><orig>.</orig><reg resp="editor" type="punct">,</reg></choice></pc>
			<lb facs="#Latin-A_147v_a_29"/> viscosa <choice><abbr>o<am>i&#x304;</am>a</abbr><expan>o<ex>mni</ex>a</expan></choice><pc><choice><orig>:</orig><reg resp="editor" type="punct">,</reg></choice></pc> lubrica singula<pc><choice><orig>&#x02FA;</orig><reg resp="editor" type="punct">,</reg></choice></pc> in te <choice><abbr>o<am>i&#x304;</am>a</abbr><expan>o<ex>mni</ex>a</expan></choice>
			<lb facs="#Latin-A_147v_a_30"/> obtecta tenebris<pc><choice><orig>.</orig><reg resp="editor" type="punct">,</reg></choice></pc> obsessa laqueis<pc><choice><orig>:</orig><reg resp="editor" type="punct">,</reg></choice></pc> in
			<lb facs="#Latin-A_147v_a_31"/> te <choice><abbr>afflig<am>u&#x304;</am><am>t&#x31B;</am></abbr><expan>afflig<ex>un</ex><ex>tur</ex></expan></choice> <choice><abbr>cor<am>&#xA751;</am>a</abbr><expan>cor<ex>por</ex>a</expan></choice><pc resp="editor">,</pc> <choice><abbr><am>ai&#x304;e</am></abbr><expan><ex>anime</ex></expan></choice> <choice><abbr><am>&#xA751;</am>iclitan<am></am>t&#x31B;</abbr><expan><ex>per</ex>iclitan<ex>tur</ex></expan></choice><pc resp="editor">.</pc> <hi rend = "rubr">O</hi>
			<lb facs="#Latin-A_147v_a_32"/> <name type="person" nymRef="Jesus_Christ"><choice><abbr><am><choice><orig>i</orig><reg resp="editor" type="capit">I</reg></choice>&#x304;h&#x305;u</am></abbr><expan><ex><choice><orig>i</orig><reg resp="editor" type="capit">I</reg></choice>hesu</ex></expan></choice></name> mi dulcissime<pc><choice><orig>:</orig><reg resp="editor" type="punct">,</reg></choice></pc> vbi te <choice><abbr>quer<am>a&#x304;</am></abbr><expan>quer<ex>am</ex></expan></choice><pc resp="editor">,</pc> vbi
			<lb facs="#Latin-A_147v_a_33"/> te <choice><abbr><am>i&#x304;</am>veni<am>a&#x304;</am></abbr><expan><ex>in</ex>veni<ex>am</ex></expan></choice>? <choice><abbr><hi rend = "rubr">R</hi><am>n&#x304;</am>dit</abbr><expan>R<ex>espon</ex>dit</expan></choice> <name type="person" nymRef="Martha"><choice><orig>m</orig><reg resp="editor" type="capit">M</reg></choice>artha</name><pc resp="editor">:</pc> <hi rend = "rubr">P</hi>ROPE <choice><abbr><am>e&#x304;</am></abbr><expan><ex>est</ex></expan></choice> <choice><abbr>d<am>n&#x304;</am>s</abbr><expan>d<ex>ominu</ex>s</expan></choice>
			<lb facs="#Latin-A_147v_a_34"/> <choice><abbr><am>o&#x304;</am>ib<am>&#xA76A;</am></abbr><expan><ex>omn</ex>ib<ex>us</ex></expan></choice> <choice><abbr>invocantib<am>&#xA76A;</am></abbr><expan>invocantib<ex>us</ex></expan></choice> <choice><abbr>e<am>u&#x304;</am></abbr><expan>e<ex>um</ex></expan></choice> in veritate<pc resp="editor">.</pc> <choice><abbr><hi rend = "rubr">E</hi>x
			<lb facs="#Latin-A_147v_a_35"/> p<am>ca&#x305;</am></abbr><expan>Exp<ex>ecta</ex></expan></choice> <choice><abbr>e<am>u&#x304;</am></abbr><expan>e<ex>um</ex></expan></choice><pc resp="editor">,</pc> soror mea<pc><choice><orig>:</orig><reg resp="editor" type="punct">,</reg></choice></pc> <choice><abbr><am>q&#x030C;</am>a</abbr><expan><ex>quia</ex></expan></choice> veniens veniet
			<lb facs="#Latin-A_147v_a_36"/> et <choice><abbr>n<am>o&#x304;</am></abbr><expan>n<ex>on</ex></expan></choice> tardabit<pc resp="editor">.</pc> <hi rend = "rubr">A</hi>dhuc illa <choice><abbr>loqu<am>e&#x304;</am>te</abbr><expan>loqu<ex>en</ex>te</expan></choice>
			<lb facs="#Latin-A_147v_a_37"/> ecce <name type="person" nymRef="Jesus_Christ"><choice><abbr><am><choice><orig>i</orig><reg resp="editor" type="capit">I</reg></choice>&#x304;h&#x305;s</am></abbr><expan><ex><choice><orig>i</orig><reg resp="editor" type="capit">I</reg></choice>hesus</ex></expan></choice></name> <choice><abbr>c<am>u&#x304;</am></abbr><expan>c<ex>um</ex></expan></choice> <name type="person" nymRef="Lazarus"><choice><orig>l</orig><reg resp="editor" type="capit">L</reg></choice>azaro</name> venit. <choice><abbr><hi rend = "rubr">E</hi>od<am>e&#x304;</am></abbr><expan>Eod<ex>em</ex></expan></choice> <choice><abbr>e<am>ni&#x305;</am></abbr><expan>e<ex>nim</ex></expan></choice> die
			<lb facs="#Latin-A_147v_a_38"/> <choice><orig>l</orig><reg resp="editor" type="capit">L</reg></choice>azarus de <choice><abbr>armato<am>&#xA75D;</am></abbr><expan>armato<ex>rum</ex></expan></choice> comitatu veni
			<lb facs="#Latin-A_147v_a_39"/> ens<pc resp="editor">,</pc> in via <choice><abbr>turb<am>a&#x304;</am></abbr><expan>turb<ex>am</ex></expan></choice> <choice><abbr>magn<am>a&#x304;</am></abbr><expan>magn<ex>am</ex></expan></choice> <choice><abbr>sequent<am>e&#x304;</am></abbr><expan>sequent<ex>em</ex></expan></choice>
			<lb facs="#Latin-A_147v_a_40"/> <name type="person" nymRef="Jesus_Christ"><choice><abbr><am><choice><orig>i</orig><reg resp="editor" type="capit">I</reg></choice>&#x304;h&#x305;m</am></abbr><expan><ex><choice><orig>i</orig><reg resp="editor" type="capit">I</reg></choice>hesum</ex></expan></choice></name><pc><choice><orig>.</orig><reg resp="editor" type="punct"></reg></choice></pc> ad <choice><abbr>audiend<am>u&#x304;</am></abbr><expan>audiend<ex>um</ex></expan></choice> <choice><abbr>verb<am>u&#x304;</am></abbr><expan>verb<ex>um</ex></expan></choice> <choice><abbr>ei<am><sup>&#xA76F;</sup></am></abbr><expan>ei<ex>us</ex></expan></choice> et <choice><abbr>doctri
			<lb facs="#Latin-A_147v_a_41"/> n<am>a&#x304;</am></abbr><expan>doctrin<ex>am</ex></expan></choice> viderat<pc><choice><orig>:</orig><reg resp="editor" type="punct">,</reg></choice></pc> et ipse <choice><abbr>secut<am><sup>&#xA76F;</sup></am></abbr><expan>secut<ex>us</ex></expan></choice> dulciter
			<lb facs="#Latin-A_147v_a_42"/> <choice><abbr>loqueba<am>t&#x31B;</am></abbr><expan>loqueba<ex>tur</ex></expan></choice> <choice><abbr>c<am>u&#x304;</am></abbr><expan>c<ex>um</ex></expan></choice> <name type="person" nymRef="Jesus_Christ"><choice><abbr><am><choice><orig>i</orig><reg resp="editor" type="capit">I</reg></choice>&#x304;h&#x305;u</am></abbr><expan><ex><choice><orig>i</orig><reg resp="editor" type="capit">I</reg></choice>hesu</ex></expan></choice></name><pc resp="editor">.</pc> <hi rend = "rubr">E</hi>t in <choice><abbr>t<am>m&#x304;</am></abbr><expan>t<ex>antum</ex></expan></choice> sermo 

			<pb edRef="#Latin-A" facs="#Latin-A_147v" n="fol. 147v"/><cb edRef="#Latin-A" facs="#Latin-A_147vb" n="fol. 147vb"/>
			<lb facs="#Latin-A_147v_b_01"/><name type="person" nymRef="Jesus_Christ"><choice><abbr><choice><orig>i</orig><reg resp="editor" type="capit">I</reg></choice><am>&#x312;h&#x31B;</am>u</abbr><expan><choice><orig>i</orig><reg resp="editor" type="capit">I</reg></choice><ex>hes</ex>u</expan></choice></name> <name type="person" nymRef="Lazarus"><choice><orig>l</orig><reg resp="editor" type="capit">L</reg></choice>azaro</name> placuit<pc><choice><orig>:</orig><reg resp="editor" type="punct">,</reg></choice></pc> vt turba dimis
			<lb facs="#Latin-A_147v_b_02"/>sa <choice><abbr>d<am>n&#x305;</am>m</abbr><expan>d<ex>ominu</ex>m</expan></choice> in domo sua introduceret<pc resp="editor">.</pc> <hi rend = "rubr">S</hi>ta
			<lb facs="#Latin-A_147v_b_03"/>bat <choice><abbr>aut<am>e&#x304;</am></abbr><expan>aut<ex>em</ex></expan></choice> <name type="person" nymRef="Martha"><choice><orig>m</orig><reg resp="editor" type="capit">M</reg></choice>artha</name> <choice><abbr>c<am>u&#x304;</am></abbr><expan>c<ex>um</ex></expan></choice> <name type="person" nymRef="Mary_Magdalene"><choice><orig>m</orig><reg resp="editor" type="capit">M</reg></choice>aria</name><pc><choice><orig>:</orig><reg resp="editor" type="punct">,</reg></choice></pc> videntesque 
			<lb facs="#Latin-A_147v_b_04"/><name type="person" nymRef="Jesus_Christ"><choice><abbr><choice><orig>i</orig><reg resp="editor" type="capit">I</reg></choice><am>&#x312;h&#x31B;</am>m</abbr><expan><choice><orig>i</orig><reg resp="editor" type="capit">I</reg></choice><ex>hesu</ex>m</expan></choice></name> <choice><abbr>plorab<am>a&#x304;</am>t</abbr><expan>plorab<ex>an</ex>t</expan></choice> pre iubilo<pc resp="editor">.</pc> <hi rend = "rubr">R</hi>ecepit <choice><abbr>aut<am>e&#x304;</am></abbr><expan>aut<ex>em</ex></expan></choice> 
			<lb facs="#Latin-A_147v_b_05"/><name type="person" nymRef="Martha"><choice><orig>m</orig><reg resp="editor" type="capit">M</reg></choice>artha</name> <name type="person" nymRef="Jesus_Christ"><choice><abbr><choice><orig>i</orig><reg resp="editor" type="capit">I</reg></choice><am>&#x312;h&#x31B;</am>m</abbr><expan><choice><orig>i</orig><reg resp="editor" type="capit">I</reg></choice><ex>hesu</ex>m</expan></choice></name> reuerenter<pc resp="editor">,</pc> <name type="person" nymRef="Mary_Magdalene"><hi rend = "rubr">M</hi>aria</name> <choice><abbr>aut<am>e&#x304;</am></abbr><expan>aut<ex>em</ex></expan></choice> 
			<lb facs="#Latin-A_147v_b_06"/>reputans se <choice><abbr>indign<am>a&#x304;</am></abbr><expan>indign<ex>am</ex></expan></choice> <choice><abbr><am>&#xA753;</am>pter</abbr><expan><ex>pro</ex>pter</expan></choice> <choice><abbr>p<am>ct&#x305;a</am></abbr><expan>p<ex>eccata</ex></expan></choice> stabat 
			<lb facs="#Latin-A_147v_b_07"/>verecunda<pc resp="editor">.</pc> <choice><abbr><hi rend = "rubr">V</hi>ult<am>u&#x304;</am></abbr><expan><hi rend = "rubr">V</hi>ult<ex>um</ex></expan></choice> regirare a <name type="person" nymRef="Jesus_Christ"><choice><abbr><am>xp&#x304;o</am></abbr><expan><ex>Christo</ex></expan></choice></name> cona
			<lb facs="#Latin-A_147v_b_08"/>ta <choice><abbr><am>e&#x304;</am></abbr><expan><ex>est</ex></expan></choice><pc><choice><orig>:</orig><reg resp="editor" type="punct">,</reg></choice></pc> sed <choice><abbr>prius<am>&#xA759;&#x303;</am></abbr><expan>prius<ex>quam</ex></expan></choice> caput mouere pote<add place="above">r</add>at<pc resp="editor">,</pc>
			<lb facs="#Latin-A_147v_b_09"/><name type="person" nymRef="Jesus_Christ"><choice><abbr><choice><orig>i</orig><reg resp="editor" type="capit">I</reg></choice><am>&#x312;h&#x31B;</am>s</abbr><expan><choice><orig>i</orig><reg resp="editor" type="capit">I</reg></choice><ex>hesu</ex>s</expan></choice></name> <choice><abbr>e<am>a&#x304;</am></abbr><expan>e<ex>am</ex></expan></choice> <choice><abbr>cor<am>&#xA751;</am>alib<am>&#xA76A;</am></abbr><expan>cor<ex>por</ex>alib<ex>us</ex></expan></choice> oculis <choice><abbr>intu<am>e&#x304;</am>s</abbr><expan>intu<ex>en</ex>s</expan></choice><pc resp="editor">,</pc> ac <choice><abbr>eci<am>a&#x304;</am></abbr><expan>eci<ex>am</ex></expan></choice>
			<lb facs="#Latin-A_147v_b_10"/>oculis pietatis et <choice><abbr>m<am>i&#x304;</am>e</abbr><expan>m<ex>isericordi</ex>e</expan></choice><pc resp="editor">.</pc> <hi rend = "rubr">E</hi>rat <choice><abbr>aut<am>e&#x304;</am></abbr><expan>aut<ex>em</ex></expan></choice> facies
			<lb facs="#Latin-A_147v_b_11"/><name type="person" nymRef="Jesus_Christ"><choice><abbr><choice><orig>i</orig><reg resp="editor" type="capit">I</reg></choice><am>&#x312;h&#x31B;</am>u</abbr><expan><choice><orig>i</orig><reg resp="editor" type="capit">I</reg></choice><ex>hes</ex>u</expan></choice></name> pulchra valde<pc><choice><orig>&#x02FA;</orig><reg resp="editor" type="punct"></reg></choice></pc> et <choice><abbr>aspect<am>&#xA76F;</am></abbr><expan>aspect<ex>us</ex></expan></choice> <choice><abbr>su<am>p&#x303;</am></abbr><expan>su<ex>pra</ex></expan></choice> mo
			<lb facs="#Latin-A_147v_b_12"/><choice><abbr>d<am>u&#x304;</am></abbr><expan>d<ex>um</ex></expan></choice> <choice><abbr>del<am>c&#x305;a</am>bilis</abbr><expan>del<ex>ecta</ex>bilis</expan></choice><pc><choice><orig>:</orig><reg resp="editor" type="punct">,</reg></choice></pc> ita <choice><abbr><am>&#xA759;</am></abbr><expan><ex>quod</ex></expan></choice> nemo <choice><abbr>intuenti<am>u&#x304;</am></abbr><expan>intuenti<ex>um</ex></expan></choice> 
			<lb facs="#Latin-A_147v_b_13"/><choice><abbr>ill<am>u&#x304;</am></abbr><expan>ill<ex>um</ex></expan></choice> <choice><abbr><am>e&#x305;e</am>t</abbr><expan><ex>esse</ex>t</expan></choice><pc resp="editor">,</pc> <choice><abbr><am>q&#x030C;</am></abbr><expan><ex>qui</ex></expan></choice> <choice><abbr>n<am>o&#x304;</am></abbr><expan>n<ex>on</ex></expan></choice> supra <choice><abbr>mod<am>u&#x304;</am></abbr><expan>mod<ex>um</ex></expan></choice> <choice><abbr>amplexat<am>&#xA76F;</am></abbr><expan>amplexat<ex>us</ex></expan></choice> 
			<lb facs="#Latin-A_147v_b_14"/>fuisset<pc resp="editor">.</pc> <hi rend = "rubr">E</hi>x illo <choice><abbr>igit<am>&#x31B;</am></abbr><expan>igit<ex>ur</ex></expan></choice> gracioso intuitu<pc><choice><orig>.</orig><reg resp="editor" type="punct"></reg></choice></pc>
			<lb facs="#Latin-A_147v_b_15"/><name type="person" nymRef="Mary_Magdalene"><choice><orig>m</orig><reg resp="editor" type="capit">M</reg></choice>aria</name> <choice><abbr>c<am>o&#x304;</am>cepit</abbr><expan>c<ex>on</ex>cepit</expan></choice> <choice><abbr>g<am>r&#x304;</am>e</abbr><expan>g<ex>ratia</ex>e</expan></choice> <choice><abbr>exuberanci<am>a&#x304;</am></abbr><expan>exuberanci<ex>am</ex></expan></choice> et <choice><abbr>c<am>o&#x304;</am></abbr><expan>c<ex>on</ex></expan></choice>
			<lb facs="#Latin-A_147v_b_16"/>tritionis <choice><abbr>habund<am>a&#x304;</am>ci<am>a&#x304;</am></abbr><expan>habund<ex>an</ex>ci<ex>am</ex></expan></choice><pc><choice><orig>:</orig><reg resp="editor" type="punct">,</reg></choice></pc> et ex hoc seip
			<lb facs="#Latin-A_147v_b_17"/><choice><abbr>s<am>a&#x304;</am></abbr><expan>seips<ex>am</ex></expan></choice> <choice><abbr>tam<am>&#xA759;&#x303;</am></abbr><expan>tam<ex>quam</ex></expan></choice> <choice><abbr>lepros<am>a&#x304;</am></abbr><expan>lepros<ex>am</ex></expan></choice> aspiciens<pc resp="editor">,</pc> <choice><abbr><am>p&#x304;</am></abbr><expan><ex>prae</ex></expan></choice> nimia 
			<lb facs="#Latin-A_147v_b_18"/><choice><abbr>verec<am>u&#x304;</am>dia</abbr><expan>verec<ex>un</ex>dia</expan></choice> de <choice><abbr>p<am>n&#x304;</am>cia</abbr><expan>p<ex>raesen</ex>cia</expan></choice> saluatoris se sub
			<lb facs="#Latin-A_147v_b_19"/>trahens <choice><abbr>triclini<am>u&#x304;</am></abbr><expan>triclini<ex>um</ex></expan></choice> intrauit<pc><choice><orig>&#x02FA;</orig><reg resp="editor" type="punct">,</reg></choice></pc> <choice><abbr>su<am>&#xA751;</am></abbr><expan>su<ex>per</ex></expan></choice> se 
			<lb facs="#Latin-A_147v_b_20"/><choice><abbr>osti<am>u&#x304;</am></abbr><expan>osti<ex>um</ex></expan></choice> clausit<pc><choice><orig>:</orig><reg resp="editor" type="punct">,</reg></choice></pc> <choice><abbr>a<am>i&#x305;a</am>m</abbr><expan>a<ex>nima</ex>m</expan></choice> <choice><abbr>su<am>a&#x304;</am></abbr><expan>su<ex>am</ex></expan></choice> <choice><abbr><am>&#xA76F;</am>solari</abbr><expan><ex>con</ex>solari</expan></choice> <choice><abbr>r<am>e&#x304;</am>nu</abbr><expan>r<ex>en</ex>nu</expan></choice>
			<lb facs="#Latin-A_147v_b_21"/>it<pc resp="editor">.</pc> <hi rend = "rubr">O</hi> <choice><abbr>p<am>cc&#x305;</am>or</abbr><expan>p<ex>eccat</ex>or</expan></choice><pc resp="editor">,</pc> si <choice><abbr>t<am>u&#x304;</am>c</abbr><expan>t<ex>un</ex>c</expan></choice> <choice><abbr>contrition<am>e&#x304;</am></abbr><expan>contrition<ex>em</ex></expan></choice> et effu
			<lb facs="#Latin-A_147v_b_22"/><choice><abbr>sion<am>e&#x304;</am></abbr><expan>sion<ex>em</ex></expan></choice> <choice><abbr>lacrimar<am>u&#x304;</am></abbr><expan>lacrimar<ex>um</ex></expan></choice> <choice><abbr>hui<am><sup>&#xA76F;</sup></am></abbr><expan>hui<ex>us</ex></expan></choice> mulieris vidis
			<lb facs="#Latin-A_147v_b_23"/>ses<pc><choice><orig>:</orig><reg resp="editor" type="punct">,</reg></choice></pc> <choice><abbr>c<am>u&#x304;</am></abbr><expan>c<ex>um</ex></expan></choice> ea <choice><abbr>c<am>o&#x304;</am>uersus</abbr><expan>c<ex>on</ex>uersus</expan></choice> fuisses<pc resp="editor">.</pc> <hi rend = "rubr">S</hi>i <choice><abbr>eci<am>a&#x304;</am></abbr><expan>eci<ex>am</ex></expan></choice> vt 
			<lb facs="#Latin-A_147v_b_24"/>ita <choice><abbr>dic<am>a&#x304;</am></abbr><expan>dic<ex>am</ex></expan></choice> <choice><abbr>adam<am>a&#x304;</am>tin<am>u&#x304;</am></abbr><expan>adam<ex>an</ex>tin<ex>um</ex></expan></choice> cor habuisses<pc><choice><orig>:</orig><reg resp="editor" type="punct">,</reg></choice></pc> 
			<lb facs="#Latin-A_147v_b_25"/><choice><abbr>tam<am>&#xA759;&#x303;</am></abbr><expan>tam<ex>quam</ex></expan></choice> cera mollis <choice><abbr>mollit<am>u&#x304;</am></abbr><expan>mollit<ex>um</ex></expan></choice> fuisset<pc resp="editor">.</pc> 
			<lb facs="#Latin-A_147v_b_26"/><hi rend = "rubr">E</hi>t sic <choice><abbr>tot<am>a&#x304;</am></abbr><expan>tot<ex>am</ex></expan></choice> <choice><abbr>noct<am>e&#x304;</am></abbr><expan>noct<ex>em</ex></expan></choice> <choice><abbr>capillo<am>&#xA75D;</am></abbr><expan>capillo<ex>rum</ex></expan></choice> depilatio
			<lb facs="#Latin-A_147v_b_27"/>ne<pc resp="editor">,</pc> <choice><abbr>manu<am>u&#x304;</am></abbr><expan>manu<ex>um</ex></expan></choice> plicatione et lacrimatio
			<lb facs="#Latin-A_147v_b_28"/>ne<pc><choice><orig>.</orig><reg resp="editor" type="punct">,</reg></choice></pc> <choice><abbr>maxillar<am>u&#x304;</am></abbr><expan>maxillar<ex>um</ex></expan></choice> alapazatione<pc><choice><orig>.</orig><reg resp="editor" type="punct">,</reg></choice></pc> <choice><abbr>denti<am>u&#x304;</am></abbr><expan>denti<ex>um</ex></expan></choice> 
			<lb facs="#Latin-A_147v_b_29"/>stridore<pc><choice><orig>.</orig><reg resp="editor" type="punct">,</reg></choice></pc> <choice><abbr>fletu<am>u&#x304;</am></abbr><expan>fletu<ex>um</ex></expan></choice> ardore<pc><choice><orig>:</orig><reg resp="editor" type="punct">,</reg></choice></pc> duxit <choice><abbr><am>i&#x304;</am>s<am>o&#x304;</am>pn<am>e&#x304;</am></abbr><expan><ex>in</ex>s<ex>om</ex>pn<ex>em</ex></expan></choice><pc resp="editor">.</pc> 
			<lb facs="#Latin-A_147v_b_30"/><hi rend = "rubr">I</hi>n illa hora rogabat <name type="person" nymRef="Simon"><choice><abbr><choice><orig>s</orig><reg resp="editor" type="capit">S</reg></choice>ym<am>o&#x304;</am></abbr><expan><choice><orig>s</orig><reg resp="editor" type="capit">S</reg></choice>ym<ex>on</ex></expan></choice> phariseus</name> 
			<lb facs="#Latin-A_147v_b_31"/><name type="person" nymRef="Jesus_Christ"><choice><abbr><choice><orig>i</orig><reg resp="editor" type="capit">I</reg></choice><am>&#x312;h&#x31B;</am>m</abbr><expan><choice><orig>i</orig><reg resp="editor" type="capit">I</reg></choice><ex>hesu</ex>m</expan></choice></name><pc><choice><orig>.</orig><reg resp="editor" type="punct">,</reg></choice></pc> vt altera die <choice><abbr>m<am>a&#x304;</am>ducaret</abbr><expan>m<ex>an</ex>ducaret</expan></choice> <choice><abbr>c<am>u&#x304;</am></abbr><expan>c<ex>um</ex></expan></choice>  eo. 
			<lb facs="#Latin-A_147v_b_32"/><hi rend = "rubr">V</hi>enit ergo <name type="person" nymRef="Jesus_Christ"><choice><abbr><choice><orig>i</orig><reg resp="editor" type="capit">I</reg></choice><am>&#x312;h&#x31B;</am>s</abbr><expan><choice><orig>i</orig><reg resp="editor" type="capit">I</reg></choice><ex>hesu</ex>s</expan></choice></name> altera die ad <choice><abbr>dom<am>u&#x304;</am></abbr><expan>dom<ex>um</ex></expan></choice> 
			<lb facs="#Latin-A_147v_b_33"/><name type="person" nymRef="Simon">pharisei</name><pc resp="editor">,</pc> <choice><abbr><am>q&#x304;</am></abbr><expan><ex>quae</ex></expan></choice> erat <choice><abbr>c<am>o&#x304;</am>iuncta</abbr><expan>c<ex>on</ex>iuncta</expan></choice> domui <name type="person" nymRef="Lazarus"><choice><orig>l</orig><reg resp="editor" type="capit">L</reg></choice>a
			<lb facs="#Latin-A_147v_b_34"/>zari</name> et <choice><abbr>soro<am>&#xA75D;</am></abbr><expan>soro<ex>rum</ex></expan></choice> <choice><abbr>ei<am><sup>&#xA76F;</sup></am></abbr><expan>ei<ex>us</ex></expan></choice><pc resp="editor">,</pc> vt <choice><abbr>epularet<am>&#x31B;</am></abbr><expan>epularet<ex>ur</ex></expan></choice> ibidem 
			<lb facs="#Latin-A_147v_b_35"/><choice><abbr>c<am>u&#x304;</am></abbr><expan>c<ex>um</ex></expan></choice> multis <choice><abbr>nobilib<am>&#xA76A;</am></abbr><expan>nobilib<ex>us</ex></expan></choice> inuitatis<pc resp="editor">.</pc> <name type="person" nymRef="Martha"><hi rend = "rubr">M</hi>ar
			<lb facs="#Latin-A_147v_b_36"/>tha</name> <choice><abbr>c<am>u&#x304;</am></abbr><expan>c<ex>um</ex></expan></choice> vidisset <choice><abbr><am>&#xA759;</am></abbr><expan><ex>quod</ex></expan></choice> <name type="person" nymRef="Jesus_Christ"><choice><abbr><choice><orig>i</orig><reg resp="editor" type="capit">I</reg></choice><am>&#x312;h&#x31B;</am>s</abbr><expan><choice><orig>i</orig><reg resp="editor" type="capit">I</reg></choice><ex>hesu</ex>s</expan></choice></name> venisset<pc><choice><orig>&#x02FA;</orig><reg resp="editor" type="punct">,</reg></choice></pc> ve
			<lb facs="#Latin-A_147v_b_37"/>nit ad <choice><abbr>soror<am>e&#x304;</am></abbr><expan>soror<ex>em</ex></expan></choice> <choice><abbr>su<am>a&#x304;</am></abbr><expan>su<ex>am</ex></expan></choice><pc resp="editor">,</pc> vt <choice><abbr>c<am>o&#x304;</am>solaret<am>&#x31B;</am></abbr><expan>c<ex>on</ex>solaret<ex>ur</ex></expan></choice> <choice><abbr>e<am>a&#x304;</am></abbr><expan>e<ex>am</ex></expan></choice><pc><choice><orig>.</orig><reg resp="editor" type="punct">,</reg></choice></pc> <choice><abbr>qu<am>a&#x304;</am></abbr><expan>qu<ex>am</ex></expan></choice> 
			<lb facs="#Latin-A_147v_b_38"/>in <choice><abbr>plurib<am>&#xA76A;</am></abbr><expan>plurib<ex>us</ex></expan></choice> pre dolore <choice><abbr>anxi<am>a&#x304;</am></abbr><expan>anxi<ex>am</ex></expan></choice> inuenit 
			<lb facs="#Latin-A_147v_b_39"/><choice><abbr><am>&#xA753;</am>strat<am>a&#x304;</am></abbr><expan><ex>pro</ex>strat<ex>am</ex></expan></choice><pc><choice><orig>:</orig><reg resp="editor" type="punct">,</reg></choice></pc> erexit caput <choice><abbr>ei<am><sup>&#xA76F;</sup></am></abbr><expan>ei<ex>us</ex></expan></choice> et ait<pc resp="editor">:</pc> Ma
			<lb facs="#Latin-A_147v_b_40"/>gister adest <choice><abbr>epulatur<am><sup>&#xA76F;</sup></am></abbr><expan>epulatur<ex>us</ex></expan></choice> in domo <name type="person" nymRef="Simon"><choice><orig>s</orig><reg resp="editor" type="capit">S</reg></choice>ymo
			<lb facs="#Latin-A_147v_b_41"/>nis</name><pc resp="editor">.</pc> <name type="person" nymRef="Mary_Magdalene"><hi rend = "rubr">M</hi>aria</name> <choice><abbr>suspir<am>a&#x304;</am>s</abbr><expan>suspir<ex>an</ex>s</expan></choice> nichil <choice><abbr>r<am>n&#x304;</am>dit</abbr><expan>r<ex>espon</ex>dit</expan></choice><pc resp="editor">.</pc> 
			<lb facs="#Latin-A_147v_b_42"/><name type="person" nymRef="Martha"><hi rend = "rubr">M</hi>artha</name> vero <choice><abbr>soror<am>e&#x304;</am></abbr><expan>soror<ex>em</ex></expan></choice> humo prostra

			<pb edRef="#Latin-A" facs="#Latin-A_148r" n="fol. 148r"/><cb edRef="#Latin-A" facs="#Latin-A_148ra" n="fol. 148ra"/>
			<lb facs="#Latin-A_148r_a_01"/><choice><abbr>t<am>a&#x304;</am></abbr><expan>t<ex>am</ex></expan></choice> <choice><abbr>relinqu<am>e&#x304;</am>s</abbr><expan>relinqu<ex>en</ex>s</expan></choice><pc><choice><orig>:</orig><reg resp="editor" type="punct"></reg></choice></pc> ad <choice><abbr>m<am>i&#x304;</am>strand<am>u&#x304;</am></abbr><expan>m<ex>ini</ex>strand<ex>um</ex></expan></choice> est reuer
			<lb facs="#Latin-A_148r_a_02"/>sa<pc resp="editor">.</pc> <hi rend = "rubr">C</hi>onsueuit <choice><abbr>en<am>i&#x304;</am></abbr><expan>en<ex>im</ex></expan></choice> <name type="person" nymRef="Martha"><choice><orig>m</orig><reg resp="editor" type="capit">M</reg></choice>artha</name> in <choice><abbr><am>&#xA753;</am>pria</abbr><expan><ex>pro</ex>pria</expan></choice> <choice><abbr><am>&#xA751;</am></abbr><expan><ex>per</ex></expan></choice>
			<lb facs="#Latin-A_148r_a_03"/>sona <choice><abbr>m<am>i&#x304;</am>strare</abbr><expan>m<ex>ini</ex>strare</expan></choice> <choice><abbr>d<am>n&#x304;</am>o</abbr><expan>d<ex>omin</ex>o</expan></choice><pc resp="editor">.</pc> <choice><abbr><hi rend = "rubr">C</hi><am>o&#x304;</am>uenientib<am>&#xA76A;</am></abbr><expan><hi rend = "rubr">C</hi><ex>on</ex>uenientib<ex>us</ex></expan></choice> igi
			<lb facs="#Latin-A_148r_a_04"/>tur <choice><abbr>c<am>o&#x304;</am>uiuis</abbr><expan>c<ex>on</ex>uiuis</expan></choice> <choice><abbr>ante<am>&#xA759;&#x303;</am></abbr><expan>ante<ex>quam</ex></expan></choice> <name type="person" nymRef="Jesus_Christ"><choice><abbr><am>xp&#x304;</am>us</abbr><expan><ex>Christu</ex>s</expan></choice></name> <choice><abbr>cib<am>u&#x304;</am></abbr><expan>cib<ex>um</ex></expan></choice> sume
			<lb facs="#Latin-A_148r_a_05"/>ret<pc><choice><orig>:</orig><reg resp="editor" type="punct">,</reg></choice></pc> <choice><abbr>solit<am>&#xA76F;</am></abbr><expan>solit<ex>us</ex></expan></choice> erat <choice><abbr>sem<am>&#xA751;</am></abbr><expan>sem<ex>per</ex></expan></choice> orare ad <choice><abbr>p<am>re&#x305;</am>m</abbr><expan>p<ex>atre</ex>m</expan></choice><pc resp="editor">,</pc>
			<lb facs="#Latin-A_148r_a_06"/><hi rend = "rubr">C</hi>eteris <choice><abbr>aut<am>e&#x304;</am></abbr><expan>aut<ex>em</ex></expan></choice> <choice><abbr>i<am>a&#x304;</am></abbr><expan>i<ex>am</ex></expan></choice> in mensa <choice><abbr>residentib<am>&#xA76A;</am></abbr><expan>residentib<ex>us</ex></expan></choice><pc><choice><orig>:</orig><reg resp="editor" type="punct">,</reg></choice></pc>
			<lb facs="#Latin-A_148r_a_07"/>solus <name type="person" nymRef="Jesus_Christ"><choice><abbr><choice><orig>i</orig><reg resp="editor" type="capit">I</reg></choice><am>&#x312;h&#x31B;</am>s</abbr><expan><choice><orig>i</orig><reg resp="editor" type="capit">I</reg></choice><ex>hesu</ex>s</expan></choice></name> flexis <choice><abbr>genib<am>&#xA76A;</am></abbr><expan>genib<ex>us</ex></expan></choice> orabat<pc resp="editor">.</pc> <hi rend = "rubr">E</hi>t ec
			<lb facs="#Latin-A_148r_a_08"/>ce <name type="person" nymRef="Mary_Magdalene"><choice><orig>m</orig><reg resp="editor" type="capit">M</reg></choice>aria</name> <choice><abbr>dom<am>u&#x304;</am></abbr><expan>dom<ex>um</ex></expan></choice> intrat<pc><choice><orig>.</orig><reg resp="editor" type="punct">,</reg></choice></pc> secus pedes 
			<lb facs="#Latin-A_148r_a_09"/><name type="person" nymRef="Jesus_Christ"><choice><abbr><choice><orig>i</orig><reg resp="editor" type="capit">I</reg></choice><am>&#x312;h&#x31B;</am>u</abbr><expan><choice><orig>i</orig><reg resp="editor" type="capit">I</reg></choice><ex>hes</ex>u</expan></choice></name> <choice><abbr><am>&#xA753;</am>c<am>u&#x304;</am>bit</abbr><expan><ex>pro</ex>c<ex>um</ex>bit</expan></choice><pc><choice><orig>:</orig><reg resp="editor" type="punct">,</reg></choice></pc> lauit lacrimis<pc><choice><orig>.</orig><reg resp="editor" type="punct"></reg></choice></pc> guttas 
			<lb facs="#Latin-A_148r_a_10"/><choice><abbr>tam<am>&#xA759;&#x303;</am></abbr><expan>tam<ex>quam</ex></expan></choice> <choice><abbr>riuul<am>u&#x304;</am></abbr><expan>riuul<ex>um</ex></expan></choice> <choice><abbr>copios<am>u&#x304;</am></abbr><expan>copios<ex>um</ex></expan></choice> effudit<pc><choice><orig>.</orig><reg resp="editor" type="punct">,</reg></choice></pc> curcu
			<lb facs="#Latin-A_148r_a_11"/>iens <choice><abbr>osculabat<am>&#x31B;</am></abbr><expan>osculabat<ex>ur</ex></expan></choice> pedes<pc><choice><orig>:</orig><reg resp="editor" type="punct">,</reg></choice></pc> <choice><abbr>crinib<am>&#xA76A;</am></abbr><expan>crinib<ex>us</ex></expan></choice> ter
			<lb facs="#Latin-A_148r_a_12"/>sit et vngento unxit<pc resp="editor">.</pc> <choice><abbr><hi rend = "rubr">S</hi>urg<am>e&#x304;</am>s</abbr><expan><hi rend = "rubr">S</hi>urg<ex>en</ex>s</expan></choice> <choice><abbr>a<am>u&#x305;t</am></abbr><expan>a<ex>utem</ex></expan></choice> 
			<lb facs="#Latin-A_148r_a_13"/><name type="person" nymRef="Jesus_Christ"><choice><abbr><choice><orig>i</orig><reg resp="editor" type="capit">I</reg></choice><am>&#x312;h&#x31B;</am>s</abbr><expan><choice><orig>i</orig><reg resp="editor" type="capit">I</reg></choice><ex>hesu</ex>s</expan></choice></name> et ad <choice><abbr>mens<am>a&#x304;</am></abbr><expan>mens<ex>am</ex></expan></choice> properans<pc><choice><orig>:</orig><reg resp="editor" type="punct">,</reg></choice></pc> <choice><abbr>c<am>u&#x304;</am></abbr><expan>c<ex>um</ex></expan></choice> <name type="person" nymRef="Mary_Magdalene"><choice><orig>m</orig><reg resp="editor" type="capit">M</reg></choice>aria</name> 
			<lb facs="#Latin-A_148r_a_14"/>dulciter <choice><abbr>loquebat<am>&#x31B;</am></abbr><expan>loquebat<ex>ur</ex></expan></choice><pc><choice><orig>&#x02FA;</orig><reg resp="editor" type="punct">.</reg></choice></pc> <choice><orig>d</orig><reg resp="editor" type="capit">D</reg></choice>e quo <name type="person" nymRef="Simon">pharise
			<lb facs="#Latin-A_148r_a_15"/>us</name> <choice><abbr>scandalizabat<am>&#x31B;</am></abbr><expan>scandalizabat<ex>ur</ex></expan></choice> et a <choice><abbr>d<am>n&#x305;</am>o</abbr><expan>d<ex>omin</ex>o</expan></choice> <choice><abbr>corripit<am>&#x31B;</am></abbr><expan>corripit<ex>ur</ex></expan></choice> 
			<lb facs="#Latin-A_148r_a_16"/>argumentose<pc><choice><orig>:</orig><reg resp="editor" type="punct">,</reg></choice></pc> vt <choice><abbr><am>&#xA753;</am>bat<am>&#x31B;</am></abbr><expan><ex>pro</ex>bat<ex>ur</ex></expan></choice> in <choice><abbr>eu<am>a&#x304;</am>gelio</abbr><expan>eu<ex>an</ex>gelio</expan></choice><pc resp="editor">.</pc> 
			<lb facs="#Latin-A_148r_a_17"/><hi rend = "rubr">E</hi>t <choice><abbr>p<am>c&#x305;c</am>a</abbr><expan>p<ex>eccat</ex>a</expan></choice> <choice><abbr>o<am>i&#x304;</am>a</abbr><expan>o<ex>mni</ex>a</expan></choice> peccatrici <choice><abbr>dimittunt<am>&#x31B;</am></abbr><expan>dimittunt<ex>ur</ex></expan></choice><pc resp="editor">.</pc>
			<lb facs="#Latin-A_148r_a_18"/><hi rend = "rubr">E</hi>xurgens <choice><abbr>aut<am>e&#x304;</am></abbr><expan>aut<ex>em</ex></expan></choice> <name type="person" nymRef="Mary_Magdalene"><choice><orig>m</orig><reg resp="editor" type="capit">M</reg></choice>agdalena</name> <choice><abbr>gr<am>a&#x304;</am>s</abbr><expan>gr<ex>atia</ex>s</expan></choice> 
			<lb facs="#Latin-A_148r_a_19"/><choice><abbr>h<am>u&#x305;i</am>liter</abbr><expan>h<ex>umi</ex>liter</expan></choice> deo egit<pc><choice><orig>:</orig><reg resp="editor" type="punct">,</reg></choice></pc> <choice><abbr>c<am>o&#x304;</am>uiuantes</abbr><expan>c<ex>on</ex>uiuantes</expan></choice> relin
			<lb facs="#Latin-A_148r_a_20"/><choice><abbr>qu<am>e&#x304;</am>s</abbr><expan>qu<ex>en</ex>s</expan></choice><pc><choice><orig>&#x02FA;</orig><reg resp="editor" type="punct">,</reg></choice></pc> <choice><abbr>triclini<am>u&#x304;</am></abbr><expan>triclini<ex>um</ex></expan></choice> <choice><abbr><am>&#xA753;</am>prie</abbr><expan><ex>pro</ex>prie</expan></choice> <choice><abbr>dom<am><sup>&#xA76F;</sup></am></abbr><expan>dom<ex>us</ex></expan></choice> intra
			<lb facs="#Latin-A_148r_a_21"/>uit<pc><choice><orig>:</orig><reg resp="editor" type="punct"></reg></choice></pc> orat<pc resp="editor">,</pc> plorat<pc resp="editor">,</pc> ingemiscit<pc><choice><orig>&#x02FA;</orig><reg resp="editor" type="punct">.</reg></choice></pc> <name type="person" nymRef="Martha"><choice><orig>m</orig><reg resp="editor" type="capit">M</reg></choice>ar
			<lb facs="#Latin-A_148r_a_22"/>tha</name> <choice><abbr>letat<am>&#x31B;</am></abbr><expan>letat<ex>ur</ex></expan></choice><pc resp="editor">,</pc> <hi rend = "rubr">E</hi>t <choice><abbr><am>q&#x30c;</am>a</abbr><expan><ex>qui</ex>a</expan></choice> <name type="person" nymRef="Martha"><choice><orig>m</orig><reg resp="editor" type="capit">M</reg></choice>artha</name> <choice><abbr>m<am>i&#x304;</am>stra</abbr><expan>m<ex>ini</ex>stra</expan></choice>
			<lb facs="#Latin-A_148r_a_23"/>uit<pc resp="editor">,</pc> adijt <name type="person" nymRef="Virgin_Mary"><choice><abbr><choice><orig>m</orig><reg resp="editor" type="capit">M</reg></choice>ari<am>a&#x304;</am></abbr><expan><choice><orig>m</orig><reg resp="editor" type="capit">M</reg></choice>ari<ex>am</ex></expan></choice></name><pc resp="editor">,</pc> <name type="person" nymRef="Jesus_Christ"><choice><abbr><am>xp&#x304;</am>i</abbr><expan><ex>Christ</ex>i</expan></choice></name> <choice><abbr>matr<am>e&#x304;</am></abbr><expan>matr<ex>em</ex></expan></choice><pc resp="editor">,</pc> dicens<pc resp="editor">:</pc> 
			<lb facs="#Latin-A_148r_a_24"/><hi rend = "rubr">M</hi>agister <choice><abbr>me<am><sup>&#xA76F;</sup></am></abbr><expan>me<ex>us</ex></expan></choice><pc resp="editor">,</pc> <choice><abbr>fili<am><sup>&#xA76F;</sup></am></abbr><expan>fili<ex>us</ex></expan></choice> tuus sorori mee 
			<lb facs="#Latin-A_148r_a_25"/><choice><abbr>o<am>i&#x304;</am>a</abbr><expan>o<ex>mni</ex>a</expan></choice> <choice><abbr>p<am>cc&#x304;</am>a</abbr><expan>p<ex>eccat</ex>a</expan></choice> dimisit<pc resp="editor">.</pc> <hi rend = "rubr">V</hi>irgo <choice><abbr>g<am>'l'</am>osa</abbr><expan>g<ex>lori</ex>osa</expan></choice> <choice><abbr>r<am>n&#x304;</am></abbr><expan>r<ex>espon</ex></expan></choice>
			<lb facs="#Latin-A_148r_a_26"/>dit<pc><choice><orig>.</orig><reg resp="editor" type="punct">:</reg></choice></pc> <choice><abbr><hi rend = "rubr">B</hi><am>n&#x304;</am>d<am></am>c<am>u&#x304;</am>s</abbr><expan><hi rend = "rubr">B</hi><ex>ene</ex>d<ex>i</ex>c<ex>tu</ex>s</expan></choice> <choice><abbr>d<am>n&#x304;</am>s</abbr><expan>d<ex>ominu</ex>s</expan></choice><pc resp="editor">,</pc> <choice><abbr>de<am>&#xA76F;</am></abbr><expan>de<ex>us</ex></expan></choice>deus <choice><orig>i</orig><reg resp="editor" type="capit">I</reg></choice>srahel<pc><choice><orig>:</orig><reg resp="editor" type="punct">,</reg></choice></pc> <choice><abbr><am>q&#x30c;</am>a</abbr><expan><ex>qui</ex>a</expan></choice> vi
			<lb facs="#Latin-A_148r_a_27"/>sitauit et fecit <choice><abbr>red<am>e&#x304;</am>ption<am>e&#x304;</am></abbr><expan>red<ex>em</ex>ption<ex>em</ex></expan></choice> plebis 
			<lb facs="#Latin-A_148r_a_28"/>sue<pc resp="editor">.</pc> <hi rend = "rubr">Q</hi>ui et de <choice><abbr>p<am>c&#x305;c</am>orib<am>&#xA76A;</am></abbr><expan>p<ex>eccat</ex>orib<ex>us</ex></expan></choice> <add place="above">et</add> <choice><abbr>peccatrib<am>&#xA76A;</am></abbr><expan>peccatrib<ex>us</ex></expan></choice> 
			<lb facs="#Latin-A_148r_a_29"/>iustos facit<pc><choice><orig>:</orig><reg resp="editor" type="punct">,</reg></choice></pc> et <choice><abbr>n<am>o&#x304;</am></abbr><expan>n<ex>on</ex></expan></choice> derelinquit spe
			<lb facs="#Latin-A_148r_a_30"/>rantes in se<pc resp="editor">.</pc> <choice><abbr><hi rend = "rubr">A</hi>ss<am>u&#x304;</am>psit</abbr><expan><hi rend = "rubr">A</hi>ss<ex>um</ex>psit</expan></choice> ergo <choice><abbr>b<am>ta&#x304;</am></abbr><expan>b<ex>eata</ex></expan></choice> <name type="person" nymRef="Virgin_Mary"><choice><orig>m</orig><reg resp="editor" type="capit">M</reg></choice>a
			<lb facs="#Latin-A_148r_a_31"/>ria</name> virgo <choice><abbr>g<am>'l'</am>osa</abbr><expan>g<ex>lori</ex>osa</expan></choice> duas sorores <choice><orig>m</orig><reg resp="editor" type="capit">M</reg></choice>a
			<lb facs="#Latin-A_148r_a_32"/>rias<pc resp="editor">,</pc> scilicet Zebedei<pc><choice><orig>.</orig><reg resp="editor" type="punct"></reg></choice></pc> et <choice><abbr>ali<am>a&#x304;</am></abbr><expan>ali<ex>am</ex></expan></choice> <name type="person" nymRef="Mary_of_Jacob"><choice><abbr><choice><orig>m</orig><reg resp="editor" type="capit">M</reg></choice>ari<am>a&#x304;</am></abbr><expan><choice><orig>m</orig><reg resp="editor" type="capit">M</reg></choice>ari<ex>am</ex></expan></choice>
			<lb facs="#Latin-A_148r_a_33"/><choice><orig>i</orig><reg resp="editor" type="capit">I</reg></choice>acobi</name><pc><choice><orig>:</orig><reg resp="editor" type="punct">,</reg></choice></pc> et <choice><abbr>veni<am>u&#x304;</am>t</abbr><expan>veni<ex>un</ex>t</expan></choice> ad <name type="person" nymRef="Mary_Magdalene"><choice><abbr><choice><orig>m</orig><reg resp="editor" type="capit">M</reg></choice>agdalen<am>a&#x304;</am></abbr><expan><choice><orig>m</orig><reg resp="editor" type="capit">M</reg></choice>agdalen<ex>am</ex></expan></choice></name><pc resp="editor">,</pc> 
			<lb facs="#Latin-A_148r_a_34"/>vt <choice><abbr>c<am>o&#x304;</am>solarent<am>&#x31B;</am></abbr><expan>c<ex>on</ex>solarent<ex>ur</ex></expan></choice> <choice><abbr>e<am>a&#x304;</am></abbr><expan>e<ex>am</ex></expan></choice><pc resp="editor">.</pc> <hi rend = "rubr">C</hi>ui <choice><abbr>c<am>u&#x304;</am></abbr><expan>c<ex>um</ex></expan></choice> <choice><abbr>b<am>ta&#x304;</am></abbr><expan>b<ex>eata</ex></expan></choice> <name type="person" nymRef="Virgin_Mary"><choice><orig>m</orig><reg resp="editor" type="capit">M</reg></choice>a
			<lb facs="#Latin-A_148r_a_35"/>ria</name> virgo <choice><abbr>g<am>'l'</am>osa</abbr><expan>g<ex>lori</ex>osa</expan></choice> sola in domo obui
			<lb facs="#Latin-A_148r_a_36"/>aret<pc><choice><orig>:</orig><reg resp="editor" type="punct">,</reg></choice></pc> <name type="person" nymRef="Mary_Magdalene"><choice><orig>m</orig><reg resp="editor" type="capit">M</reg></choice>agdalena</name> alta voce clama
			<lb facs="#Latin-A_148r_a_37"/>uit<pc resp="editor">:</pc> <hi rend = "rubr">O</hi> virgo <choice><abbr>s<am>ci&#x304;</am>ssima</abbr><expan>s<ex>ancti</ex>ssima</expan></choice><pc resp="editor">,</pc> recede a me<pc><choice><orig>:</orig><reg resp="editor" type="punct">,</reg></choice></pc> <choice><abbr>n<am>o&#x304;</am></abbr><expan>n<ex>on</ex></expan></choice> 
			<lb facs="#Latin-A_148r_a_38"/><choice><abbr>en<am>i&#x304;</am></abbr><expan>en<ex>im</ex></expan></choice> est <choice><abbr>congru<am>u&#x304;</am></abbr><expan>congru<ex>um</ex></expan></choice><pc resp="editor">,</pc> vt peccatrix maior 
			<lb facs="#Latin-A_148r_a_39"/><choice><abbr>toci<am><sup>&#xA76F;</sup></am></abbr><expan>toci<ex>us</ex></expan></choice> <choice><abbr>s<am>c'l'</am>i</abbr><expan>s<ex>aecul</ex>i</expan></choice><pc resp="editor">,</pc> <choice><abbr>cor<am>&#xA751;</am>e</abbr><expan>cor<ex>por</ex>e</expan></choice> subdito <choice><abbr>p<am>cc&#x305;</am>is</abbr><expan>p<ex>eccat</ex>is</expan></choice> <choice><abbr><am>i&#x304;</am>fecto</abbr><expan><ex>in</ex>fecto</expan></choice> et
			<lb facs="#Latin-A_148r_a_40"/><choice><abbr><am>i&#x304;</am>m<am>u&#x304;</am>do</abbr><expan><ex>im</ex>m<ex>un</ex>do</expan></choice><pc resp="editor">,</pc> appropinquet virgini illiba
			<lb facs="#Latin-A_148r_a_41"/>te<pc resp="editor">.</pc> <choice><abbr><hi rend = "rubr">R</hi><am>n&#x304;</am>dit</abbr><expan><hi rend = "rubr">R</hi><ex>espon</ex>dit</expan></choice> <name type="person" nymRef="Virgin_Mary"><choice><orig>m</orig><reg resp="editor" type="capit">M</reg></choice>aria</name> <choice><abbr><am>v&#x312;</am>go</abbr><expan><ex>vir</ex>go</expan></choice><pc resp="editor">:</pc> <hi rend = "rubr">O</hi> amica mea<pc><choice><orig>.</orig><reg resp="editor" type="punct">,</reg></choice></pc> 
			<lb facs="#Latin-A_148r_a_42"/>amica filij <name type="person" nymRef="God">dei</name><pc><choice><orig>&#x02FA;</orig><reg resp="editor" type="punct">,</reg></choice></pc> video in verbo <choice><abbr><am>i&#x304;</am></abbr><expan><ex>in</ex></expan></choice> quo

			<pb edRef="#Latin-A" facs="#Latin-A_148r" n="fol. 148r"/><cb edRef="#Latin-A" facs="#Latin-A_148rb" n="fol. 148rb"/>
			<lb facs="#Latin-A_148r_b_01"/>clara noticia <choice><abbr>vident<am>&#x31B;</am></abbr><expan>vident<ex>ur</ex></expan></choice> <choice><abbr>o<am>i&#x304;</am>a</abbr><expan>o<ex>mni</ex>a</expan></choice> nuda et 
			<lb facs="#Latin-A_148r_b_02"/><choice><abbr>a<am>&#xA751;</am>ta</abbr><expan>a<ex>per</ex>ta</expan></choice><pc><choice><orig>.</orig><reg resp="editor" type="punct">,</reg></choice></pc> te ab <choice><abbr><am>o&#x304;</am>ni</abbr><expan><ex>om</ex>ni</expan></choice> sorde <choice><abbr>p<am>cc&#x305;</am>i</abbr><expan>p<ex>eccat</ex>i</expan></choice> <choice><abbr>m<am>u&#x304;</am>dat<am>a&#x304;</am></abbr><expan>m<ex>un</ex>dat<ex>am</ex></expan></choice><pc source="manuscript">.</pc> 
			<lb facs="#Latin-A_148r_b_03"/><hi rend = "rubr">E</hi>t <choice><abbr>n<am>o&#x304;</am></abbr><expan>n<ex>on</ex></expan></choice> <choice><abbr>min<am><sup>&#xA76F;</sup></am></abbr><expan>min<ex>us</ex></expan></choice> miror te ab <choice><abbr><am>o&#x304;</am>ni</abbr><expan><ex>om</ex>ni</expan></choice> ma
			<lb facs="#Latin-A_148r_b_04"/>cula <choice><abbr>purgat<am>a&#x304;</am></abbr><expan>purgat<ex>am</ex></expan></choice><pc><choice><orig>:</orig><reg resp="editor" type="punct"></reg></choice></pc> <choice><abbr><am>&#xA759;&#x303;</am></abbr><expan><ex>quam</ex></expan></choice> me a labe <choice><abbr><am>p&#x304;</am>serua</abbr><expan><ex>prae</ex>serua</expan></choice>
			<lb facs="#Latin-A_148r_b_05"/><choice><abbr>t<am>a&#x304;</am></abbr><expan>t<ex>am</ex></expan></choice><pc resp="editor">.</pc> <hi rend = "rubr">E</hi>t amplexata <choice><abbr><am>e&#x304;</am></abbr><expan><ex>est</ex></expan></choice> <choice><abbr>e<am>a&#x304;</am></abbr><expan>e<ex>am</ex></expan></choice> et osculata<pc resp="editor">.</pc> <hi rend = "rubr">S</hi>o
			<lb facs="#Latin-A_148r_b_06"/>rores vero <choice><abbr>g<am>'l'</am>ose</abbr><expan>g<ex>lori</ex>ose</expan></choice> virginis viderunt 
			<lb facs="#Latin-A_148r_b_07"/>ambas <choice><abbr>amplexib<am>&#xA76A;</am></abbr><expan>amplexib<ex>us</ex></expan></choice> <choice><abbr>colloqu<am>e&#x304;</am>tes</abbr><expan>colloqu<ex>en</ex>tes</expan></choice><pc resp="editor">,</pc> scili
			<lb facs="#Latin-A_148r_b_08"/>cet <choice><abbr>matr<am>e&#x304;</am></abbr><expan>matr<ex>em</ex></expan></choice> <name type="person" nymRef="Jesus_Christ"><choice><abbr><am>xp&#x304;</am>i</abbr><expan><ex>Christ</ex>i</expan></choice></name> et <name type="person" nymRef="Mary_Magdalene"><choice><abbr><choice><orig>m</orig><reg resp="editor" type="capit">M</reg></choice>agdalen<am>a&#x304;</am></abbr><expan><choice><orig>m</orig><reg resp="editor" type="capit">M</reg></choice>agdalen<ex>am</ex></expan></choice></name><pc><choice><orig>.</orig><reg resp="editor" type="punct">,</reg></choice></pc> et a 
			<lb facs="#Latin-A_148r_b_09"/><choice><abbr>s<am>ci&#x304;</am>s</abbr><expan>s<ex>ancti</ex>s</expan></choice> angelis <choice><abbr>vsq<am>&#xA76A;</am></abbr><expan>vsq<ex>ue</ex></expan></choice> ad <choice><abbr>tect<am>u&#x304;</am></abbr><expan>tect<ex>um</ex></expan></choice> <choice><abbr>dom<am>&#xA76A;</am></abbr><expan>dom<ex>us</ex></expan></choice> ele
			<lb facs="#Latin-A_148r_b_10"/>uari a terra<pc><choice><orig>:</orig><reg resp="editor" type="punct"></reg></choice></pc> et in aera sustentari<pc><choice><orig>.</orig><reg resp="editor" type="punct"></reg></choice></pc> 
			<lb facs="#Latin-A_148r_b_11"/>et <choice><abbr>c<am>u&#x304;</am></abbr><expan>c<ex>um</ex></expan></choice> <choice><abbr><am>o&#x304;</am>ni</abbr><expan><ex>om</ex>ni</expan></choice> reuerencia <choice><abbr>iter<am>u&#x304;</am></abbr><expan>iter<ex>um</ex></expan></choice> inferius 
			<lb facs="#Latin-A_148r_b_12"/>collocari<pc><choice><orig>&#x02FA;</orig><reg resp="editor" type="punct">,</reg></choice></pc> sicut postea sorores <choice><abbr>m<am>r&#x305;i</am>s</abbr><expan>m<ex>atri</ex>s</expan></choice> 
			<lb facs="#Latin-A_148r_b_13"/><name type="person" nymRef="Jesus_Christ"><choice><abbr><am>xp&#x304;</am>i</abbr><expan><ex>Christ</ex>i</expan></choice></name><pc resp="editor">,</pc> que hec <choice><abbr>vider<am>u&#x304;</am>t</abbr><expan>vider<ex>un</ex>t</expan></choice><pc resp="editor">,</pc> <choice><abbr>fidelib<am>&#xA76A;</am></abbr><expan>fidelib<ex>us</ex></expan></choice> retu
			<lb facs="#Latin-A_148r_b_14"/><choice><abbr>ler<am>u&#x304;</am>t</abbr><expan>ler<ex>un</ex>t</expan></choice><pc><choice><orig>:</orig><reg resp="editor" type="punct">,</reg></choice></pc> ad <choice><abbr>laud<am>e&#x304;</am></abbr><expan>laud<ex>em</ex></expan></choice> et <choice><abbr>g<am>'l'</am>am</abbr><expan>g<ex>lorios</ex>am</expan></choice> <choice><abbr>ei<am><sup>&#xA76F;</sup></am></abbr><expan>ei<ex>us</ex></expan></choice><pc resp="editor">,</pc> <choice><abbr><am>q&#x030C;</am></abbr><expan><ex>qui</ex></expan></choice> est be
			<lb facs="#Latin-A_148r_b_15"/><choice><abbr>nedict<am>&#xA76F;</am></abbr><expan>nedict<ex>us</ex></expan></choice> <name type="person" nymRef="God"><choice><abbr>de<am>&#xA76F;</am></abbr><expan>de<ex>us</ex></expan></choice></name> in <choice><abbr>s<am>c'l'</am>a</abbr><expan>s<ex>aecul</ex>a</expan></choice><pc resp="editor">.</pc> <hi rend = "rubr">A</hi>men<pc source="manuscript">.</pc>
			<lb facs="#Latin-A_148r_b_16"/>Explicit <choice><abbr>c<am>o&#x304;</am>uersio</abbr><expan>c<ex>on</ex>uersio</expan></choice> beate <name type="person" nymRef="Mary_Magdalene"><choice><orig>m</orig><reg resp="editor" type="capit">M</reg></choice>arie 
			<lb facs="#Latin-A_148r_b_17"/><choice><orig>m</orig><reg resp="editor" type="capit">M</reg></choice>agdalene</name> sororis <name type="person" nymRef="Lazarus"><choice><orig>l</orig><reg resp="editor" type="capit">L</reg></choice>azari</name> et <name type="person" nymRef="Martha"><choice><orig>m</orig><reg resp="editor" type="capit">M</reg></choice>arthe</name><pc source="manuscript">.</pc>
    	</body>
  	</text>
</TEI>
