<?xml version="1.0" encoding="UTF-8"?>
<?xml-model href="http://www.tei-c.org/release/xml/tei/custom/schema/relaxng/tei_lite.rng" type="application/xml" schematypens="http://relaxng.org/ns/structure/1.0"?
<?xml-model href="http://www.tei-c.org/release/xml/tei/custom/schema/relaxng/tei_lite.rng" type="application/xml" schematypens="http://purl.oclc.org/dsdl/schematron"?>
<TEI xmlns="http://www.tei-c.org/ns/1.0">
  <teiHeader>
    <fileDesc>
      <titleStmt>
        <title>Mary Magdalene Conversion Legend</title>
        <author>ref="#PseudoIsidor">Pseudo Isodor</author>
        <respStmt>
          <name xml:id="AK">Anna Kelner</name>
          <resp>TEI encoder</resp>
        </respStmt>
      </titleStmt>
      <editionStmt>
        <edition>
          <title>Mary Magdalene Conversion Legend - Digital Edition</title>
          <date when="2018-01-26">January 26, 2018</date>
        </edition>
      </editionStmt>
      <publicationStmt>
        <authority>
          <ref target=""></ref>
        </authority>
        <availability status="free"><p>Published under <ref target=""></ref></p></availability>
      </publicationStmt>
      <sourceDesc>
        <msDesc>
          <msIdentifier>
            <settlement>Darmstadt</settlement>
            <repository>Universität- und Landesbibliothek</repository>
            <idno>cod. 814</idno>
          </msIdentifier>
          <history>
            <origin>
              <p>Augustinian nuns St. Maria Magdalena <origPlace>Cologne</origPlace> in the <origiDate notAfter="1600" notBefore="1500">16th cent.</origiDate></p>
            </origin>
          </history>
        </msDesc>
        <listWit>
          <witness xml:id="D">D</witness>
        </listWit>
      </sourceDesc>
    </fileDesc>
  </teiHeader>
  <text>
    <body>
        <pb edRef="#D" facs="#D_230r"/>
        <cb edRef="#D" facs="#D_230r-a"/>
        <ab xml:id="legend_title"/>Dit is de bekeirunge sante
        <lb/><name type="person" nymRef="Mary_Magdalene"><hi rend="init_lombard">M</hi>arien
        <choice>
          <orig>m</orig>
          <corr resp="editor">M</corr>
        </choice>agdalenen</name> der viur<metamark function="line_break">-</metamark>
        <lb/>yger
        <choice><abbr>vrundy<am>&#x305;</am>ne<am>&#x305;</am></abbr>
          <expan>vrydy<ex>n</ex>nen</expan></choice> gotz<pc resp="editor">.</pc>
        <lb/><ab xml:id="genealogy"/><name type="person" nymRef="Mary_Magdalene" rend = "underline"><hi rend="init_lombard">M</hi>aria
        <choice>
          <orig>m</orig>
          <corr resp="editor">M</corr>
        </choice>a<damage degree="low">gd</damage>alena</name>
        <lb/>was geboren van
        <lb/>edelem stamme jnd
        <lb/>van eirlichem geslechte der stat
        <lb/>Jherusalem<pc resp="editor">.</pc> Jr vader heischs <name type="person" nymRef="Syrus">Cir<metamark function="line_break">-</metamark>
        <lb/>i<damage degree="medium">us</damage></name><pc resp="editor">.</pc> <damage degree="medium">Jr</damage> <damage degree="low">mod</damage>er heischs <name type="person" nymRef="Eucharia">Eukaria</name><pc resp="editor">,</pc> de
        <lb/>hadden tzwae dochter<pc resp="editor">.</pc> De eyne
        <lb/>heisch <name type="person" nymRef="Martha" rend="underline">Martha</name><pc resp="editor">.</pc> De ander heisch
        <lb/><name type="person" nymRef="Mary_Magdalene">Maria</name><pc resp="editor">.</pc> Jnd sy hadden eynen son
        <lb/>der heisch <name type = "person" nymRef="Lazarus" rend="underline">
          <choice>
            <orig>l</orig>
            <corr>L</corr></choice>azarius</name><pc resp="editor">,</pc> jnd der
        <choice>
          <abbr>de<am>&#x305;</am></abbr>
          <expan>den</expan>
        </choice>
        <lb/>vnse lieue here verweckde
        <choice>
          <abbr>va<am>&#x305;</am></abbr>
          <expan>van</expan>
        </choice>
        <lb/>dem dode<pc resp="editor">,</pc>
        <choice>
          <orig>D</orig>
          <corr resp="editor">d</corr>
        </choice>o hei veir dage had<metamark function="line_break">-</metamark>
        <lb/>de in dem graue doit geweist<pc resp="editor">.</pc>
        <lb/><ab xml:id="heritage"/>De alderen deilten den kyn<metamark function="line_break">-</metamark>
        <lb/>deren dat goit vnd ir veder<metamark function="line_break">-</metamark>
        <lb/>liche erffe<pc resp="editor">.</pc> <name type="person" nymRef="Lazarus" rend="underline">Lazarius</name> nam eyn
        <lb/>grois deil des goitz
        <choice>
          <abbr>byn<am>&#x305;</am>en</abbr>
          <expan>bynnen</expan>
        </choice>der
        <lb/>staet <name type="place" nymRef="Jerusalem">Jherusalem</name><pc resp="editor">,</pc> jnd gaff sich
        <lb/>tzo Ritterschaff<pc resp="editor">.</pc> <name type="person" nymRef="Martha" rend="underline">Martha</name> loiffde<pc resp="editor">,</pc>
        <lb/>gode dem heren zo deynen in
        <lb/>Reynicheit
        <choice>
          <orig>J</orig>
          <corr resp="editor">j</corr>
        </choice>nde wart eyn her<metamark function="line_break">-</metamark>
        <lb/>bergerynne der pylgerinme<pc resp="editor">.</pc>
        <lb/>Jnd sunderlichen vm eires hel<metamark function="line_break">-</metamark>
        <lb/>gen leuens willen wart sy
        <lb/>weirdich tzo herberigen
        <choice>
          <abbr>vnse<am>&#x305;</am></abbr>
          <expan>unse<ex>n</ex></expan>
        </choice>
        <lb/>heren <name type="person" nymRef="Jesus_Christ" rend="underline">
          <choice>
            <abbr>ih<am>&#x305;</am>m xp<am>&#x305;</am>m</abbr>
            <expan>Jh<ex>esu</ex>m Ch<ex>ristu</ex>m</expan>
          </choice></name> ind syn lieue
        <lb/>moder <name type="person" nymRef= "Virgin_Mary">
          <choice>
            <orig>m</orig>
            <corr resp="editor">M</corr>
          </choice>aria</name>
          <choice>
            <orig>J</orig>
            <corr resp="editor">j</corr>
          </choice>nde alle de heil<metamark function="line_break">-</metamark>
        <lb/>ge <hi rend="underline">Apostellen</hi><pc resp="editor">.</pc>
        <choice>
          <orig>v</orig>
          <corr resp="editor">V</corr>
        </choice>nde ir deil des
        <lb/>erffes was dat stetgen <name type="place" nymRef="Bethany">
          <choice>
            <sic>b</sic>
            <corr resp="editor">B</corr>
          </choice>etha<metamark function="line_break">-</metamark>
        <cb edRef="#D" facs="#D_230r-b"/>nia</name> neit verre gelegen van
        <lb/><name type= "place" nymRef= "Jerusalem">Jherusalem</name><pc resp="editor">.</pc> Jnde wat ir ouer
        <lb/>leiff van yrem goede<pc resp="editor">,</pc> dat gaff
        <lb/>sy vmb gotz willen<pc resp="editor">.</pc> <name type="person" nymRef="Mary_Magdalene" rend="underline">Maria</name>
        <lb/>nam zo yrem d<damage degree="low">ei</damage>ll eyn sloess
        <lb/>dat heisch <name type="place" subtype="residence" nymRef="magdalum" rend="underline">
          <choice>
            <orig>m</orig>
            <corr resp="editor">M</corr>
          </choice>agdalon</name><pc resp="editor">.</pc> <ab xml:id="MaryMagdalene_mismanagement"/>Jnde alle
        <lb/>ir goit ind renten brachte sy
        <lb/>tzo in groissen
        <choice>
          <abbr>sunde<am>&#x305;</am></abbr>
          <expan>sunde<ex>n</ex></expan>
        </choice>ind mit
        <lb/>boeser geselschafft<pc resp="editor">.</pc> Jnd sy heisch
        <lb/>na dem slosse <name type="person" nymRef="Mary_Magdalene" rend="underline">
          <choice>
            <orig>m</orig>
            <corr resp="editor">M</corr>
          </choice>aria
        <choice>
          <abbr>magdale<am>&#x305;</am>a</abbr>
          <expan>
            <choice>
              <orig>m</orig>
              <corr resp="editor">M</corr>
            </choice>agdale<ex>n</ex>a</expan></choice></name><pc resp="editor">.</pc>
        <lb/>Jnd de boese geiste inde ir qua<metamark function="line_break">-</metamark>
        <lb/>de wille brachten sy tzo valle
        <lb/>in mainche groisse sunde<pc resp="editor">:</pc> Tzo
        <lb/>dem eirsten jn <damage degree="medium">h</damage>ouerdie<pc resp="editor">,</pc>
        <choice>
          <abbr>wa<am>&#x305;</am>t</abbr>
          <expan>wa<ex>n</ex>t</expan>
        </choice>
        <lb/>sy was a<damage degree="medium">ls</damage>o houerdich ind ho<metamark function="line_break">-</metamark>
        <lb/>moedich van hertzen<pc resp="editor">,</pc> dat sy
        <lb/>sich duncken leisse<pc resp="editor">,</pc> dat
        <choice>
          <abbr>nema<am>&#x305;</am>t</abbr>
          <expan>nema<ex>n</ex>t</expan>
        </choice>
        <lb/>yr gelich en weire
        <choice>
          <orig>J</orig>
          <corr resp="editor">j</corr>
        </choice>n schoenhet
        <lb/>
        <choice>
          <orig>J</orig>
          <corr resp="editor">j</corr>
        </choice>n richeit vnd in edelheit<pc resp="editor">.</pc> Sy
        <lb/>was houerdich van
        <choice>
          <abbr>worde<am>&#x305;</am></abbr>
          <expan>worde<ex>n</ex></expan>
        </choice>
        <lb/>inde in wercken mit
        <choice>
          <abbr>cleidere<am>&#x305;</am></abbr>
          <expan>cleideren</expan>
        </choice>
        <lb/>vnde mit zeirheit yrs liues<pc resp="editor">.</pc>
        <lb/>Sy was ouch girich na tzitlich<metamark function="line_break">-</metamark>
        <lb/>en dyngen<pc resp="editor">,</pc>
        <choice>
          <orig>G</orig>
          <corr resp="editor">g</corr>
        </choice>oit<pc resp="editor">,</pc> inde ere ind
        <lb/>wailluist irs liues<pc resp="editor">,</pc> ind der <damage degree="low">wer</damage><metamark function="line_break">-</metamark>
        <lb/>elt<pc resp="editor">.</pc> Ouch was sy vnkuisch mit
        <lb/>worden ind mit wercken<pc resp="editor">,</pc> also
        <lb/>dat sy ir goede geruichte inde
        <lb/>yr en eygen
        <choice>
          <abbr><damage degree="low">n</damage>ame<am>&#x305;</am></abbr>
          <expan>name<ex>n</ex></expan>
        </choice>verloer
        <choice>
          <orig>J</orig>
          <corr resp="editor">j</corr>
        </choice>nd
        <lb/>wart geheischen de <sic>offenbarr</sic>
        <lb/>sundersche<pc resp="editor">.</pc> Also vns saget der
        <lb/><hi rend="underline">Ewangeliste</hi><name type="person" nymRef="Luke" rend="underline">Lucas</name><pc resp="editor">,</pc>
        <choice>
          <orig>W</orig>
          <corr resp="editor">w</corr>
        </choice>ant sy
        <pb edRef="#D" facs="#D_231v"/>
        <cb edRef="#D" facs="#D_231v-b"/>sundichde
        <choice>
          <abbr>sweirliche<am>&#x305;</am></abbr>
          <expan>sweirlichen</expan>
        </choice> mit
        <choice>
          <abbr>yre<am>&#x305;</am></abbr>
          <expan>yrem</expan>
        </choice>
        <lb/>gesichte<pc resp="editor">,</pc> myt genoichlichem
        <lb/>anseyn der vngelicher
        <choice>
          <abbr><am>&#7537;</am>ersone<am>&#x305;</am></abbr>
          <expan>personen</expan></choice><pc resp="editor">.</pc>
        <lb/>Jr suster <name type="person" nymRef="Martha" rend="underline">
          <choice>
            <orig>m</orig>
            <corr resp="editor">M</corr>
          </choice>artha</name> clagde ir
        <lb/>sundige leuen <name type="person" nymRef="Virgin Mary" rend="underline">Marien</name> der
        <lb/>moder vns heren <name type="person" nymRef="Jesus_Christ" rend="underline">
        <choice>
          <abbr>ihu<am>&#x305;</am> xp<am>&#x305;</am>i</abbr>
          <expan>Jh<ex>es</ex>u Ch<ex>rist</ex>i</expan>
        </choice></name><metamark function="line_break">-</metamark>
        <lb/>mit schrienden ougen
        <choice>
          <orig>J</orig>
          <corr resp="editor">j</corr>
        </choice>nde
        <lb/>bat<pc resp="editor">,</pc>
        <choice>
          <orig>D</orig>
          <corr resp="editor">d</corr>
        </choice>at <damage degree="low">sy</damage> yren lieuen soen
        <lb/><name type="person" nymRef="Jesus_Christ" rend="underline">
        <choice>
          <abbr>xp<am>&#x305;</am>m</abbr>
          <expan>Ch<ex>ristu</ex>m</expan>
        </choice></name> den
        <choice>
          <abbr>here<am>&#x305;</am></abbr>
          <expan>here<ex>n</ex></expan>
        </choice>vur sy bidden
        <lb/>wolde<pc resp="editor">.</pc> <ab xml:id="Martha_confronts_Mary"/>Der lerer <name type="person" nymRef="Pseudo_Isidore" rend="underline">
          <choice>
            <orig>y</orig>
            <corr resp="editor">Y</corr>
          </choice>sidorus</name><pc resp="editor">,</pc>
        <lb/>de dit leuen beschreuen hait
        <lb/>
        <choice>
          <orig>J</orig>
          <corr resp="editor">j</corr>
        </choice>n dem boiche van den werck<metamark function="line_break">-</metamark>
        <lb/>en der heilgen<pc resp="editor">,</pc> spricht<pc resp="editor">,</pc>
        <choice>
          <orig>D</orig>
          <corr resp="editor">d</corr>
        </choice>at
        <lb/>dese tzwae
        <choice>
          <abbr><damage degree="low">su</damage>stere<am>&#x305;</am></abbr>
          <expan>sustere<ex>n</ex></expan>
        </choice>zo samen
        <lb/>quamen zo <name type="place" nymRef="Bethany">
          <choice>
            <orig>b</orig>
            <corr resp="editor">B</corr>
          </choice>ethanien</name><pc resp="editor">,</pc> <name type="person" nymRef="Mary_Magdalene" rend="underline">Mari<add place="above">a</add>
        <lb/>
        <choice>
          <orig>m</orig>
          <corr resp="editor">M</corr>
        </choice>agdalena</name> geynck sitzen vur
        <lb/>eynen spegel
        <choice>
          <orig>J</orig>
          <corr resp="editor">j</corr>
        </choice>nde flechte yr
        <lb/>suuerlich hair schoen
        <choice>
          <orig>J</orig>
          <corr resp="editor">j</corr>
        </choice>nde sy
        <lb/>zeirde sich kostlich<pc resp="editor">.</pc> Do
        <choice>
          <abbr>sp<am>&#x305;</am>r</abbr>
          <expan>sprach</expan>
        </choice>yr
        <lb/><name type="person" nymRef="Martha" rend="underline">
          <choice>
            <orig>m</orig>
            <corr resp="editor">M</corr>
          </choice>artha</name><pc resp="editor">,</pc> zo mit clegelicher
        <lb/>stymmen<pc resp="editor">:</pc> <pc resp="editor">"</pc>Myn lieue suster<pc resp="editor">,</pc> we
        <lb/>zeirstu dich
        <choice>
          <abbr>dyne<am>&#x305;</am></abbr>
          <expan>dyne<ex>n</ex></expan>
        </choice>
        <choice>
          <abbr>sterffliche<am>&#x305;</am></abbr>
          <expan>sterffliche<ex>m</ex></expan>
        </choice>
        <lb/>liff also seir na dem vleische
        <lb/>
        <choice>
          <orig>J</orig>
          <corr resp="editor">j</corr>
        </choice>nd der werelt<pc resp="editor">,</pc>
        <choice>
          <orig>J</orig>
          <corr resp="editor">j</corr>
        </choice>nde dyn edel
        <lb/>sele<pc resp="editor">,</pc> de geschaffen is na dem
        <lb/>bilde gotz<pc resp="editor">,</pc> beuleckestu myt so
        <lb/>swarren groissen sunden<pc resp="editor">.</pc> Jch
        <lb/>bidden dich<pc resp="editor">,</pc> myn alre lieffst <damage degree="high">s</damage>us<metamark function="line_break">-</metamark>
        <lb/>ter<pc resp="editor">,</pc>
        <choice>
          <orig>G</orig>
          <corr resp="editor">g</corr>
        </choice>edencke doch<pc resp = "editor">,</pc> dat dyn
        <lb/>licham<pc resp = "editor">,</pc> dat leuen hait van
        <choice>
          <abbr>de<am>'</am></abbr>
          <expan>d<ex>er</ex></expan>
        </choice>
        <lb/>selen<pc resp="editor">,</pc>
        <choice>
          <orig>J</orig>
          <corr resp="editor">j</corr>
        </choice>nd dat dyn schoen
        <choice>
          <abbr>licha<am>&#x305;</am></abbr>
          <expan>licha<ex>m</ex></expan></choice><pc resp="editor">,</pc>
        <lb/>dat getzeirt is mit golde ind
        <cb edRef="#D" facs="#D_231v-b"/>siluer
        <choice>
          <orig>J</orig>
          <corr resp="editor">j</corr>
        </choice>nde perlen ind anderen
        <lb/>edelen
        <choice>
          <abbr>gesteyntze<am>&#x305;</am></abbr>
          <expan>gesteyntzen</expan></choice><pc resp="editor">,</pc>
        moiss balde
        <lb/>vergaen inde werden essche
        <lb/>ind dreck<pc resp="editor">,</pc>
        <choice>
          <orig>J</orig>
          <corr resp="editor">j</corr>
        </choice>nd is eyn spisse der
        <lb/>
        <choice>
          <abbr>worm<am>&#x305;</am></abbr>
          <expan>wormen</expan></choice><pc resp="editor">.</pc><pc resp="editor">"</pc>
        Do antworde <name type="person" nymRef="Mary_Magdalene" rend="underline">Maria</name>
        <lb/>
        <choice>
          <orig>J</orig>
          <corr resp="editor">j</corr>
        </choice>nde
        <choice>
          <abbr>sp<am>&#x305;</am></abbr>
          <expan>spr<ex>ach</ex></expan>
        </choice> mit zorne seir
        <choice>
          <abbr>zorliche<am>&#x305;</am></abbr>
          <expan>zorlichen</expan></choice><pc resp="editor">:</pc>
        <lb/><pc resp="editor">"</pc>
        <choice>
          <orig>m</orig>
          <corr resp="editor">M</corr>
        </choice>yn lieue
        <choice>
          <abbr>sust<am>'</am></abbr>
          <expan>sust<ex>er</ex></expan></choice><pc resp="editor">,</pc>
        na dem maille
        <lb/>dat ich also seir schoen byn in my<metamark function="line_break">-</metamark>
        <lb/>me lich<damage degree="medium">a</damage>m ind in richdom <damage degree="high">de</damage>ser
        <lb/>werelt ind in adel<pc resp="editor">,</pc>
        <choice>
          <orig>S</orig>
          <corr resp="editor">s</corr>
        </choice>o bid ich dich<pc resp="editor">,</pc>
        <lb/>bis du zo vreden
        <choice>
          <orig>J</orig>
          <corr resp="editor">j</corr>
        </choice>nde lais mich
        <lb/>myn goit mit vrouden vertzer<metamark function="line_break">-</metamark>
        <lb/>en mit den
        <choice>
          <abbr>leiffhauere<am>&#x305;</am></abbr>
          <expan>leiffhauere<ex>n</ex></expan>
        </choice>
        deser wer<metamark function="line_break">-</metamark>
        <lb/>elt<pc resp="editor">.</pc> Jnde laisse vns nu zo houff
        <lb/>vroelich wesen wer weis we
        <lb/>lange<pc resp="editor">.</pc><pc resp="editor">"</pc>
        <choice>
          <orig>d</orig>
          <corr resp="editor">D</corr>
        </choice>es
        <choice>
          <abbr>andere<am>&#x305;</am></abbr>
          <expan>andere<ex>n</ex></expan>
        </choice>
        dages zoich
        <lb/><name type="person" nymRef="Mary_Magdalene">
          <choice>
            <orig>m</orig>
            <corr resp="editor">M</corr>
          </choice>aria</name> zo huisse <hi rend="underline">
            <choice>
              <orig>I</orig>
              <corr resp="editor">i</corr>
            </choice>nde</hi> <name type="person" nymRef="Martha" rend="underline">
            <choice>
              <orig>m</orig>
              <corr resp="editor">M</corr>
            </choice>artha</name> de
        <lb/>schree zo maill bitterlichen seere
        <lb/>dar umb<pc resp="editor">,</pc> dat <name type="person" nymRef="Mary_Magdalene" rend="underline">Maria</name> also wilde
        <lb/>was<pc resp="editor">.</pc> <ab xml:id="MaryMagdalene_lovers"/>Dar na hadden de
        <choice>
          <abbr>Jonckere<am>&#x305;</am></abbr>
          <expan>Jonckere<ex>n</ex></expan></choice><metamark function="line_break">-</metamark>
        <lb/>van <name type="place" nymRef="Jerusalem">Jherusalem</name>
        <choice>
          <abbr>eyne<am>&#x305;</am></abbr>
          <expan>eyne<ex>n</ex></expan>
        </choice>
        hoff
        <lb/>
        <choice>
          <orig>J</orig>
          <corr resp="editor">j</corr>
        </choice>nde vroelicheit<pc resp="editor">.</pc> Dar wart ge<metamark function="line_break">-</metamark>
        <lb/>beden <name type="person" nymRef="Mary_Magdalene" rend="underline">Maria
        <choice>
          <orig>m</orig>
          <corr resp="editor">M</corr></choice>agdalena</name><pc resp="editor">.</pc> Dar
        <lb/>quam sy mit groisser kostlicheit
        <lb/>
        <choice>
          <orig>J</orig>
          <corr resp="editor">j</corr>
        </choice>nd zeirheit eirs lichams<pc resp="editor">,</pc>
        <choice>
          <orig>E</orig>
          <corr resp="editor">e</corr>
        </choice>yne
        <lb/>leiffhauersche deser werelt<pc resp="editor">.</pc> Sy
        <lb/>dantzden ind sprongen tzwen
        <lb/>dage ind tzwae naicht<pc resp="editor">,</pc>
        <choice>
          <orig>S</orig>
          <corr resp="editor">s</corr>
        </choice>o dat
        <lb/>sy nau spisse nemen moichte
        <choice>
          <abbr>va<am>&#x305;</am></abbr>
          <expan>va<ex>n</ex></expan>
        </choice>
        <lb/>groisser
        <choice>
          <abbr>vroude<am>&#x305;</am></abbr>
          <expan>vroude<ex>n</ex></expan>
        </choice>
        ind wildicheit<pc resp="editor">.</pc>
        <lb/><ab xml:id="market_scene"/>Jn deser seluer zit vernam yre
        <lb/>suster <name type="person" nymRef="Martha" rend="underline">
          <choice>
            <orig>m</orig>
            <corr resp="editor">M</corr></choice>artha</name> boitschafft<pc resp="editor">,</pc> dat
        <lb/>vnse here <name type="person" nymRef="Jesus_Christ" rend="underline">
        <choice>
          <abbr>ihs</abbr>
          <expan>Jh<ex>esu</ex>s</expan>
        </choice>
        </name> was <damage degree="low">i</damage>n dem galli<metamark function="line_break">-</metamark>
        <pb edRef="#D" facs="#D_231r"/>
        <cb edRef="#D" facs="#D_231r-a"/>leschen lande
        <choice>
          <orig>J</orig>
          <corr resp="editor">j</corr>
        </choice>nde wolde tzo <name type="place" nymRef="Bethany">
          <choice>
            <orig>b</orig>
            <corr resp="editor">B</corr>
          </choice>et<metamark function="line_break">-</metamark>
        <lb/>thanien</name> comen<pc resp="editor">.</pc> Do geyngen
        <lb/><name type="person" nymRef="Martha" rend="underline">Martha</name> ind <name type="person" nymRef="Martilla">
          <choice>
            <orig>m</orig>
            <corr resp="editor">M</corr>
          </choice>arcella</name><pc resp="editor">,</pc> de ir
        <lb/>maget was<pc resp="editor">,</pc> des morgens vroe
        <lb/>in de staet <name type="place" nymRef="Jerusalem">
          <choice>
            <orig>i</orig>
            <corr resp="editor">I</corr>
          </choice>herusalem</name> ind wol<metamark function="line_break">-</metamark>
        <lb/>de spisse gelden vur den
        <choice>
          <abbr>here<am>&#x305;</am></abbr>
          <expan>here<ex>n</ex></expan></choice><pc resp="editor">.</pc>
        <lb/>Also sach do <name type="person" nymRef="Martha" rend="underline">Martha</name> <name type="person" nymRef="Mary_Magdalene" rend="underline">Maria</name>
        <lb/>yr suster gaen ouer den mart<pc resp="editor">,</pc>
        <lb/>
        <choice>
          <orig>J</orig>
          <corr>j</corr>
        </choice>nd quam van dem rait huisse
        <lb/>mit piffen ind
        <choice>
          <abbr>basune<am>&#x305;</am></abbr>
          <expan>basune<ex>n</ex></expan>
        </choice> vur
        <lb/>in der ryen mit groisser ho<metamark function="line_break">-</metamark>
        <lb/>uerdicht<pc resp="editor">.</pc> <hi rend="underline">Do</hi> <name type="person" nymRef="Martilla" rend="underline">
          <choice>
            <orig>m</orig>
            <corr resp="editor">M</corr>
          </choice>arcella</name> sach<pc resp="editor">,</pc> dat
        <lb/><name type="person" nymRef="Mary_Magdalene">Maria</name> geleit wart in so groisser
        <lb/>eren ind vroelicheit<pc resp="editor">,</pc>
        <choice>
          <orig>D</orig>
          <corr resp="editor">d</corr>
        </choice>o sprach
        <lb/>sy zo irre <hi rend="underline">jonfferen</hi> <name type="person" nymRef="Martha" rend="underline">
          <choice>
            <orig>m</orig>
            <corr resp="editor">M</corr>
          </choice>arthen</name><pc resp="editor">:</pc>
        <lb/><pc resp="editor">"</pc>Jonffer<pc resp="editor">,</pc> seit vrre suster<pc resp="editor">.</pc><pc resp="editor">"</pc> Do sach
        <lb/><name type="person" nymRef="Martha" rend="underline">Martha</name> noch umme jnd wart
        <lb/>bitterlichen seir schriende<pc resp="editor">,</pc> jnde
        <lb/>wranck ir herde ind
        <choice>
          <abbr>sp<am>&#x305;</am>r</abbr>
          <expan>spr<ex>ach</ex></expan>
        </choice>
        <choice>
          <abbr>yn<am>&#x305;</am>ent</abbr>
          <expan>yn<ex>n</ex>ent</expan></choice><metamark function="line_break">-</metamark>
        <lb/>lichen<pc resp="editor">:</pc> <pc resp="editor">"</pc>Och myn got<pc resp="editor">,</pc> myn
        <choice>
          <abbr>sche<am>&#7537;</am><am>&#7537;</am></abbr>
          <expan>schepp<ex>er</ex></expan></choice><pc resp="editor">,</pc>
        <lb/>we wail ich weis<pc resp="editor">,</pc> dat myn sus<metamark function="line_break">-</metamark>
        <lb/>ter nu gedeynt <add place="above">hait</add> alzo groissen
        <lb/>susiden inde den boesen
        <choice>
          <abbr><damage degree="low">g</damage>eiste<am>&#x305;</am></abbr>
          <expan>geiste<ex>n</ex></expan></choice><pc resp="editor">,</pc>
        <lb/>
        <choice>
          <orig>N</orig>
          <corr resp="editor">n</corr>
        </choice>ochtant bidden ich dich<pc resp="editor">,</pc> da<damage degree="low">t</damage>
        <lb/>du sy an seyn wils mit
        <choice>
          <abbr>dyne<am>&#x305;</am></abbr>
          <expan>dyne<ex>n</ex></expan>
        </choice>
        <lb/>barmhertzichen ougen<pc resp="editor">.</pc>
        <choice>
          <orig>j</orig>
          <corr resp="editor">J</corr>
        </choice>nde
        <lb/>giff ir eynen anderen syn<pc resp="editor">,</pc>
        <choice>
          <orig>D</orig>
          <corr>d</corr>
        </choice>at
        <lb/>sy ir leuen besser<pc resp="editor">.</pc><pc resp="editor">"</pc> <hi rend="underline">Mit</hi> dem so
        <lb/>bleiff <name type="person" nymRef="Martha">
          <choice>
            <orig>m</orig>
            <corr resp="editor">M</corr>
          </choice>artha</name> staen ind beidt
        <lb/>na yrre suster <name type="person" nymRef="Mary_Magdalene" rend="underline">
        <choice>
          <abbr>Marie<am>&#x305;</am></abbr>
          <expan>Marie<ex>n</ex></expan></choice></name><pc resp="editor">.</pc> Do
        <choice>
          <abbr>qua<am>&#x305;</am></abbr>
          <expan>qua<ex>m</ex></expan>
        </choice>
        <lb/>ir
        <choice>
          <abbr>sust<am>'</am></abbr>
          <expan>sust<ex>er</ex></expan></choice><pc resp="editor">,</pc>
        bi sy jnd
        <choice>
          <abbr><damage degree="high">sp<am>&#x305;</am>r</damage></abbr>
          <expan>spr<ex>ach</ex></expan>
        </choice><damage degree="high">ir</damage> tzo inde
        <lb/>sachte<pc resp="editor">,</pc>
        <choice>
          <orig>W</orig>
          <corr resp="editor">w</corr>
        </choice>at sy s<damage degree="medium">o vr</damage>oe in der
        <cb edRef="#D" facs="#D_231r-b"/>stat dede<pc resp="editor">.</pc> <name type="person" nymRef="Martha" rend="underline">Martha</name><pc resp="editor">,</pc> <hi rend="underline">de heilge Jonf<metamark function="line_break">-</metamark>
        <lb/>fer</hi><pc resp="editor">,</pc> ant<damage degree="low">w</damage>orde ir mit groisser
        <lb/>oitmoedicheit<pc resp="editor">,</pc>
        <choice>
         <orig>D</orig>
         <corr resp="editor">d</corr>
        </choice>at sy dar weir
        <lb/>gekomen
        <choice>
          <orig>S</orig>
          <corr resp="editor">s</corr>
        </choice>pisse zo kouffen
        <lb/>vur ir geste<pc resp="editor">.</pc> Do en hadde de
        <lb/>suster neit vil worde vmb des
        <lb/>volcks willen<pc resp="editor">,</pc> dat da by stoent<pc resp="editor">.</pc>
        <lb/><name type="person" nymRef="Mary_Magdalene" rend="underline">Maria</name>
        <hi rend="underline"><choice>
          <abbr>sp<am>&#x305;</am>r</abbr>
          <expan>spr<ex>ach</ex></expan></choice></hi><pc resp="editor">:</pc>
        <pc resp="editor">"</pc>
        <choice>
          <orig>l</orig>
          <corr resp="editor">L</corr>
        </choice>ieue suster<pc resp="editor">,</pc> koufft
        <lb/>ouch <sic>war</sic> <del type="strikethrough">mit</del> vur mich<pc resp="editor">.</pc> Jch
        <lb/>wil tzo uch comen <del type="strikethrough">ind</del>essen
        <lb/>mit<pc resp="editor">.</pc><pc resp="editor">"</pc> Hir aff
        <choice>
          <abbr>sp<am>&#x305;</am>r</abbr>
          <expan>spr<ex>ach</ex></expan>
        </choice>
        <del type="strikethrough">der</del> heilge
        <lb/>lerre <name type="person" nymRef="Augustine" rend="underline">Sancte Augustynus</name><pc resp="editor">,</pc>
        <lb/><hi rend="underline">
          <choice>
            <orig>D</orig>
            <corr>d</corr>
          </choice>at</hi> <name type="person" nymRef="Mary_Magdalene" rend="underline"><damage degree="low">Ma</damage>ria</name> in alle irem le<metamark function="line_break">-</metamark>
        <lb/>uen nee nutzer m<damage degree="low">ailtzit</damage> en
        <lb/>d<damage degree="low">ede va</damage>n dese<pc resp="editor">,</pc> want hir wart
        <lb/>sy bekert van yrem
        <choice>
          <abbr><damage degree="low">su</damage>ntliche<am>&#x305;</am></abbr>
          <expan>suntliche<ex>m</ex></expan>
        </choice>
        <lb/>leuen<pc resp="editor">.</pc><ab xml:id="Mary_at_Marthas_house"/> Des anderen da<damage degree="low">ge</damage>s
        <lb/>van groisser mo<damage degree="medium">edichet</damage> so
        <choice>
          <abbr>ylle<am>&#x305;</am>de</abbr>
          <expan>ylle<ex>n</ex>de</expan>
        </choice>
        de
        <lb/>geynck <name type="person" nymRef="Mary_Magdalene" rend="underline">Maria</name> us <name type="place" nymRef="Jerusalem">
          <choice>
            <abbr>
              <choice>
                <orig>i</orig>
                <corr resp="editor">I</corr>
              </choice>herusale<am>&#x305;</am></abbr>
            <expan>
              <choice>
                <orig>i</orig>
                <corr resp="editor">I</corr>
              </choice>herusale<ex>m</ex></expan>
          </choice></name> dat
        <lb/>all heymilichen
        <choice>
          <orig>J</orig>
          <corr resp="editor">j</corr>
        </choice>nd quam tzo
        <lb/><name type="person" nymRef="Martha" rend="underline">Marthen</name> yrre suster huiss zo
        <lb/><name type="place" nymRef="Bethany">
          <choice>
            <orig>b</orig>
            <corr resp="editor">B</corr>
          </choice>ethanie<damage degree="low">n</damage></name><pc resp="editor">,</pc> <damage degree="low">
            <choice>
              <orig>D</orig>
              <corr resp="editor">d</corr>
            </choice>e sy</damage> seir
        <choice>
          <abbr>leiffliche<am>&#x305;</am></abbr>
          <expan>leiffliche<ex>n</ex></expan>
        </choice>
        <lb/>jntfeync<damage degree="low">k mit</damage> vroelicheit inde
        <lb/>heisch sy wilkomen
        <choice>
          <orig>J</orig>
          <corr resp="editor">j</corr>
        </choice>nde heisch sy
        <lb/>gaen sitzen<pc resp="editor">.</pc> <hi rend="underline">Do sprach</hi> <name type="person" nymRef="Mary_Magdalene" rend="underline">Maria</name><pc resp="editor">:</pc>
        <lb/><pc resp="editor">"</pc>
        <choice>
          <orig>o</orig>
          <corr resp="editor">O</corr>
        </choice>ch lieue suster<pc resp="editor">,</pc> des is groisse
        <lb/>noit Jch behoeffe is des gar wal<pc resp="editor">,</pc>
        <lb/>dat ich sitze ind raste<pc resp="editor">,</pc>
        <choice>
          <orig>W</orig>
          <corr resp="editor">w</corr>
        </choice>ant ich
        <lb/>hayn tzweyn gantze dage ge<metamark function="line_break">-</metamark>
        <lb/>dantzet inde gesprogen
        <choice>
          <orig>J</orig>
          <corr resp="editor">j</corr>
        </choice>nde
        <lb/>so seyr vroelich gewest mit
        <choice>
          <abbr>de<am>&#x305;</am></abbr>
          <expan>de<ex>n</ex></expan>
        </choice>
        <lb/>Jonckeren zo <name type="place" nymRef="Jerusalem">
          <choice>
            <orig>i</orig>
            <corr resp="editor">I</corr>
          </choice>herusalem</name> Jnde
        <lb/>ich en byn nee van alle
        <choice>
          <abbr>myne<am>&#x305;</am></abbr>
          <expan>myne<ex>n</ex></expan>
        </choice>
        <pb edRef="#D" facs="#D_232v-a"/>
        <lb/>leue dagen so vroelich gewest
        <lb/>gantze stat vroelich gemacht<pc resp="editor">.</pc><pc resp="editor">"</pc>
        <lb/>Recht off wolde sy sagen<pc resp="editor">:</pc> <pc resp="editor">"</pc>Jch en
        <lb/>doyn des nu nummerme mee<pc resp="editor">.</pc><pc resp="editor">"</pc>
        <lb/><name type="person" nymRef="Martha" rend="underline">Martha</name> de heilge Jonffer ant<metamark function="line_break">-</metamark>
        <lb/>worde yrre suster und fraege
        <lb/>de<pc resp="editor">:</pc> <pc resp="editor">"</pc>Myn lieue suster<pc resp="editor">,</pc> na deme
        <lb/>maille du so vroelich bist
        <choice>
          <orig>J</orig>
          <corr resp="editor">j</corr>
        </choice>nde
        <lb/>so <del type="strikethrough">vrolich</del> gewest haist<pc resp="editor">,</pc> hadde
        <lb/>ir ouch den koninck by uch<pc resp="editor">,</pc> der
        <lb/>alle hertzen vroelich machet<pc resp="editor">,</pc>
        <lb/>
        <choice>
          <orig>J</orig>
          <corr resp="editor">j</corr>
        </choice>nde der <add place="above">de</add> schoenste is bouen alle
        <lb/>cony<damage degree="low">ncken</damage><pc resp="editor">?</pc><pc resp="editor">"</pc> Do
        <choice>
          <abbr>sp<am>&#x305;</am>r</abbr>
          <expan>spr<ex>ach</ex></expan>
        </choice>
        <name type="person" nymRef="Mary_Magdalene" rend="underline">
          <choice>
            <orig>m</orig>
            <corr resp="editor">M</corr>
          </choice>aria</name><pc resp="editor">:</pc> <pc resp="editor">"</pc>
          <choice>
            <orig>m</orig>
            <corr resp="editor">M</corr>
          </choice>it
        <lb/>vns en wairen geyn <damage degree="low">cony</damage>ncke<pc resp="editor">.</pc>
        <lb/>Meinstu<pc resp="editor">,</pc> den keiser <name type="person" role="emperor" nymRef="Tiberius">
          <choice>
            <orig>t</orig>
            <corr resp="editor">T</corr>
          </choice>iberius</name><pc resp="editor">?</pc><pc resp="editor">"</pc>
        <lb/><name type="person" nymRef="Martha" rend="underline">Martha</name> antwerde inde
        <choice>
          <abbr>sp<am>&#x305;</am>r</abbr>
          <expan>spr<ex>ach</ex></expan></choice><pc resp="editor">:</pc>
        <lb/><pc resp="editor">"</pc>Jch en <damage degree="medium">meynen</damage> neit <name type="person" role="emperor" nymRef="Tiberius">
          <choice>
            <orig>t</orig>
            <corr resp="editor">T</corr>
          </choice>iberius</name><pc resp="editor">,</pc> de
        <lb/>da is eyn <damage degree="medium">konynck d</damage>er mensch<metamark function="line_break">-</metamark>
        <lb/>en<pc resp="editor">,</pc> me<damage degree="low">r ich</damage> meynen den
        <choice>
          <abbr>kony<am>&#x305;</am>ck</abbr>
          <expan>kony<ex>n</ex>ck</expan></choice><pc resp="editor">,</pc>
        <lb/>de da is eyn konynck hemel<metamark function="line_break">-</metamark>
        <lb/>lrichs inde ertrichs
        <choice>
          <orig>J</orig>
          <corr resp="editor">j</corr>
        </choice>nd de da
        <lb/>is eyn verloeser der <name type="org" subtype="religion" nymRef="Children_of_Israel">kynder
        <lb/>van <name type="place" nymRef="Israel">
          <choice>
            <orig>y</orig>
            <corr resp="editor">Y</corr>
          </choice>srahel</name></name>
          <choice>
            <orig>J</orig>
            <corr resp="editor">j</corr>
          </choice>nd de da an sich
        <lb/>hait alle schonheit der werelt<pc resp="editor">.</pc>
        <lb/>Want syn vader is got
        <choice>
          <orig>J</orig>
          <corr resp="editor">j</corr>
        </choice>nde
        <lb/>syn mo<damage degree="low">d</damage>er is eyn reyne Jonffer<pc resp="editor">,</pc>
        <lb/>
        <choice>
          <orig>D</orig>
          <corr resp="editor">d</corr>
        </choice>e da is geboren van deme
        <lb/>konyncklichem stamme her
        <lb/>dauitz<pc resp="editor">.</pc><pc resp="editor">"</pc> Do vragde <name type="person" nymRef="Mary_Magdalene" rend="underline">
          <choice>
            <orig>m</orig>
            <corr resp="editor">M</corr>
          </choice>aria</name> na
        <lb/>den
        <choice>
          <abbr>lieffhauere<am>&#x305;</am></abbr>
          <expan>lieffhauere<ex>n</ex></expan>
        </choice>
        deser werelt
        <lb/>
        <choice>
          <orig>J</orig>
          <corr resp="editor">j</corr>
        </choice>nde
        <choice>
          <abbr>sp<am>&#x305;</am>r</abbr>
          <expan>spr<ex>ach</ex></expan></choice><pc resp="editor">:</pc> <pc resp="editor">"</pc>Och lieue
        <choice>
          <abbr>sust<am>'</am></abbr>
          <expan>sust<ex>er</ex></expan></choice><pc resp="editor">,</pc>
        <choice>
          <orig>J</orig>
          <corr resp="editor">j</corr>
        </choice>ch bid<metamark function="line_break">-</metamark>
        <lb/>den dich<pc resp="editor">,</pc> sach myr doch<pc resp="editor">,</pc>
        <choice>
          <orig>W</orig>
          <corr resp="editor">w</corr>
        </choice>a is
        <cb edRef="#D" facs="#D_232v-b"/>deser schoene
        <choice>
          <abbr>kony<am>&#x305;</am>ck</abbr>
          <expan>kony<ex>n</ex>ck</expan></choice><pc resp="editor">,</pc><pc resp="editor">"</pc> da du van
        <lb/>sprichs<pc resp="editor">?</pc> Js hey schoene<pc resp="editor">,</pc> ich will<metamark function="line_filler">-</metamark>
        <lb/>vmmes machen mit myme gel<metamark function="line_break">-</metamark>
        <lb/>de inde goede<pc resp="editor">,</pc> dat ich en tzo myr
        <lb/>krege<pc resp="editor">,</pc>
        <choice>
          <orig>J</orig>
          <corr resp="editor">j</corr>
        </choice>nde syne vruntschafft ha<metamark function="line_break">-</metamark>
        <lb/>ue<pc resp="editor">.</pc><pc resp="editor">"</pc> <name type="person" nymRef="Martha">Martha</name> antworde<pc resp="editor">:</pc> <pc resp="editor">"</pc>
        <choice>
          <orig>l</orig>
          <corr resp="editor">L</corr>
        </choice>ieue
        <choice>
          <abbr>sust<am>'</am></abbr>
          <expan>sust<ex>er</ex></expan></choice><pc resp="editor">,</pc>
        <lb/>den konyck den ich meynen<pc resp="editor">,</pc>
        <lb/>
        <choice>
          <orig>D</orig>
          <corr resp="editor">d</corr>
        </choice>at is myn lieue here
        <name type="person" nymRef="Jesus_Christ" rend="underline"><choice>
          <abbr>ihs xp<am>&#x305;</am>s</abbr>
          <expan>Ihesus Christus</expan></choice></name><pc resp="editor">,</pc>
        <lb/>de da is eyn artzeder der selen<pc resp="editor">.</pc><pc resp="editor">"</pc>
        <lb/>Jnde mit den worden wart
        <lb/><name type="person" nymRef="Martha" rend="underline">
          <choice>
            <orig>m</orig>
            <corr resp="editor">M</corr>
          </choice>
          martha</name> alzo bi<damage degree="low">tt</damage>erlichen seyr
        <lb/>schriende<pc resp="editor">,</pc> dar vmb dat <name type="person" nymRef="Mary_Magdalene">
          <choice>
            <orig>m</orig>
            <corr resp="editor">M</corr>
          </choice>aria</name>
        <lb/>dit neit geistlich<pc resp="editor">,</pc> mer allet na
        <lb/>deme vleische verstoent<pc resp="editor">.</pc> Doe
        <lb/><name type="person" nymRef="Mary_Magdalene" rend="underline">Maria</name> sach<pc resp="editor">,</pc> dat ir suster <name type="person" nymRef="Martha">
          <choice>
            <orig>m</orig>
            <corr resp="editor">M</corr>
          </choice>artha</name>
        <lb/>also seir schree<pc resp="editor">,</pc>
        <choice>
          <orig>D</orig>
          <corr resp="editor">d</corr>
        </choice>o vragde <hi rend="underline">sy</hi> <name type="person" nymRef="Martha" rend="underline">
        <choice>
          <orig>m</orig>
          <corr resp="editor">M</corr>
        </choice>ar<metamark function="line_break">-</metamark>
        <lb/>then</name> ind
        <choice>
          <abbr>sp<am>&#x305;</am>r</abbr>
          <expan>spr<ex>ach</ex></expan></choice><pc resp="editor">:</pc>
        <pc resp="editor">"</pc>
        <choice>
          <orig>m</orig>
          <corr resp="editor">M</corr>
        </choice>yn lieue suster<pc resp="editor">,</pc>
        <lb/>warvmb schristu doch alletzit<pc resp="editor">,</pc>
        <lb/><choice>
          <abbr>wan<am>&#x305;</am>e</abbr>
          <expan>wan<ex>n</ex>e</expan></choice>
        ich tzo dir komen<pc resp="editor">?</pc> Js it
        <choice>
          <abbr>my<am>&#x305;</am></abbr>
          <expan>my<ex>n</ex></expan>
        </choice>
        <lb/>schult<pc resp="editor">,</pc> dat sage myr<pc resp="editor">,</pc>
        <choice>
          <orig>J</orig>
          <corr resp="editor">j</corr>
        </choice>ch wil waill
        <lb/>van dir bliuen<pc resp="editor">.</pc><pc resp="editor">"</pc> <hi rend="underline">Do
        <choice>
          <abbr>sp<am>&#x305;</am>r</abbr>
          <expan>spr<ex>ach</ex></expan>
        </choice></hi>
        <name type="person" nymRef="Martha" rend="underline">
          <choice>
            <orig>m</orig>
            <corr resp="editor">M</corr>
          </choice>artha</name><pc resp="editor">:</pc>
        <lb/><pc resp="editor">"</pc>Och lieue suster<pc resp="editor">,</pc> mach ich neit wail
        <lb/>
        <choice>
          <abbr>weyn<am>&#x305;</am>en</abbr>
          <expan>weyn<ex>n</ex>en</expan>
        </choice>
        inde schrien<pc resp="editor">,</pc> want ich hor<metamark function="line_break">-</metamark>
        <lb/>en altzit<pc resp="editor">,</pc> dat du dyn goede geruich<add place="above">t</add><pc resp="editor">,</pc>
        <lb/>dat besser is dan golt inde siluer<pc resp="editor">,</pc>
        <lb/><damage degree="low">
          <choice>
            <orig>D</orig>
            <corr resp="editor">d</corr>
          </choice></damage>at haistu verloren<pc resp="editor">.</pc> Jnde dyne
        <lb/>geselschafft en is neit goit
        <choice>
          <orig>J</orig>
          <corr resp="editor">j</corr>
        </choice>nde du
        <lb/>beuleckes dyn schoen sele myt so
        <lb/>
        <choice>
          <abbr>manche<am>&#x305;</am></abbr>
          <expan>manche<ex>n</ex></expan>
        </choice>
        groissen sunden<pc resp="editor">.</pc> Jnde altzit
        <lb/>moisse ich dyn quade geruichte
        <lb/>horen<pc resp="editor">,</pc> wae ich byn<pc resp="editor">.</pc><pc resp="editor">"</pc> <name type="person" nymRef="Mary_Magdalene" rend="underline">Maria</name> en
        <lb/>konde sich neit langer inthalden<pc resp="editor">,</pc>
        <lb/>do sy ir suster sach so bitterlich sere
        <lb/>schrien
        <choice>
          <orig>J</orig>
          <corr resp="editor">j</corr>
        </choice>nde <choice>
          <abbr>sp<am>&#x305;</am>r</abbr>
          <expan>spr<ex>ach</ex></expan></choice> mit schrienden
        <pb edRef="#D" facs="#D_232r"/>
        <cb edRef="#D" facs="#D_232r-a"/>ougen<pc resp="editor">:</pc> <pc resp="editor">"</pc>Och myn lieue suster<pc resp="editor">,</pc>
        <choice>
          <orig>J</orig>
          <corr resp="editor">j</corr>
        </choice>s it
        <lb/>nu also<pc resp="editor">,</pc> dat ich myn goede geruich<metamark function="line_break">-</metamark>
        <lb/>te verloren hayn<pc resp="editor">,</pc>
        <choice>
          <orig>G</orig>
          <corr resp="editor">g</corr>
        </choice>iff myr doch
        <lb/><del type="adapted">na</del>goeden rait<pc resp="editor">,</pc> dat ich myn <choice>
          <abbr>leue<am>&#x305;</am></abbr>
          <expan>leue<ex>n</ex></expan></choice>
        <lb/>moege <choice>
          <abbr>bessere<am>&#x305;</am></abbr>
          <expan>bessere<ex>n</ex></expan></choice>
        Jnde myne groisse
        <lb/>sunden<pc resp="editor">,</pc> da ich ynne byn<pc resp="editor">.</pc><pc resp="editor">"</pc> Do ant<metamark function="line_break">-</metamark>
        <lb/>worde <name type="person" nymRef="Martha" rend="underline">Martha</name> ind<choice>
          <abbr>sp<am>&#x305;</am>r</abbr>
          <expan>spr<ex>ach</ex></expan></choice><pc resp="editor">:</pc>
        <pc resp="editor">"</pc>
        <choice>
          <orig>m</orig>
          <corr resp="editor">M</corr>
        </choice>yn lieue
        <lb/>suster<pc resp="editor">,</pc> ich en kan dir geynen bes<metamark function="line_break">-</metamark>
        <lb/>seren rait gegeuen<pc resp="editor">,</pc> dan beide
        <lb/>inde bliff by myr eyn korte zit
        <lb/>hude off morgen vroe<pc resp="editor">,</pc> So komp<add place="above">t</add>
        <lb/>de artzeder der selen <name type="person" nymRef="Jesus_Christ" rend="underline"><choice>
            <abbr>ih<am>&#x305;</am>s xp<am>&#x305;</am>s</abbr>
            <expan>Ih<ex>esu</ex>s Ch<ex>ristu</ex>s</expan></choice></name><pc resp="editor">,</pc>
        <lb/>myn hoichste troist Jnde myn
        <lb/>alre liefster gast<pc resp="editor">.</pc> Bidde in<pc resp="editor">,</pc> dat
        <lb/>hey dir affwesche dyne sunden<pc resp="editor">.</pc><pc resp="editor">"</pc>
        <lb/><ab xml:id="Jesus_enters"/><hi rend="underline">Do</hi> <name type="person" nymRef="Mary_Magdalene" rend="underline">
          <choice>
            <orig>m</orig>
            <corr resp="editor">M</corr>
          </choice>aria</name> dese wort hoerde<pc resp="editor">,</pc> ee
        <lb/>sy antworde<pc resp="editor">,</pc> sach de<del>se</del> maget
        <lb/>uß der doren ind sach<pc resp="editor">,</pc> dat <name type="person" nymRef="Jesus_Christ" rend="underline">Jhesus</name>
        <lb/>quam myt synen lieuen
        <choice><abbr>heilge<am>&#x305;</am></abbr>
          <expan>heilge<ex>n</ex></expan></choice>
        <lb/><hi rend="underline"><choice><abbr>Jungere<am>&#x305;</am></abbr>
          <expan>Jungere<ex>n</ex></expan></choice></hi><pc resp="editor">.</pc>
        Do
        <choice><abbr>sp<am>&#x305;</am>r</abbr>
          <expan>spr<ex>ach</ex></expan></choice>
        sy zo <name type="person" nymRef="Martha" rend="underline">
          <choice>
            <orig>m</orig>
            <corr resp="editor">M</corr>
          </choice>arthen</name><pc resp="editor">:</pc>
        <lb/><pc resp="editor">"</pc>Jonffer<pc resp="editor">,</pc> der here kompt<pc resp="editor">.</pc><pc resp="editor">"</pc> Do
        <choice><abbr>sto<am>&#x305;</am>t</abbr>
        <expan>sto<ex>n</ex>t</expan></choice>
        <lb/><name type="person" nymRef="Martha" rend="underline">Martha</name> vp mit groisser vroe<metamark function="line_break">-</metamark>
        <lb/>licheit ind ouch <name type="person" nymRef="Mary_Magdalene" rend="underline">Maria</name><pc resp="editor">.</pc> Do
        <choice><abbr>spr<am>&#x305;</am></abbr>
          <expan>spr<ex>ach</ex></expan></choice>
        <lb/><name type="person" nymRef="Martha" rend="underline">Martha</name><pc resp="editor">:</pc> <pc resp="editor">"</pc>
        <choice>
          <orig>m</orig>
          <corr resp="editor">M</corr>
        </choice>yn lieue suster<pc resp="editor">,</pc> bis
        <lb/>nu vroelich inde vervrouwe
        <lb/>dich<pc resp="editor">,</pc>
        <choice>
          <orig>W</orig>
          <corr resp="editor">w</corr>
        </choice>ant hey is also genoich<metamark function="line_break">-</metamark>
        <lb/>lichen in synen worden<pc resp="editor">,</pc> dattu
        <lb/>in alle dynen dagen des nee ge<metamark function="line_break">-</metamark>
        <lb/>lich en haist gehort<pc resp="editor">.</pc><pc resp="editor">"</pc> Do
        <choice><abbr>sp<am>&#x305;</am>r</abbr>
          <expan>spr<ex>ach</ex></expan></choice>
        <name type="person" nymRef="Mary_Magdalene" rend="underline">
          <choice>
            <orig>m</orig>
            <corr resp="editor">M</corr>
          </choice><damage degree="low">a</damage><metamark function="line_break">-</metamark>
        <lb/>ria</name><pc resp="editor">:</pc> <pc resp="editor">"</pc>
        <choice>
          <orig>w</orig>
          <corr resp="editor">W</corr>
        </choice>ilch is der here<pc resp="editor">?</pc><pc resp="editor">"</pc>
        <choice>
          <orig>d</orig>
          <corr resp="editor">D</corr>
        </choice>o gaff
        <lb/>ir <name type="person" nymRef="Martha">Martha</name> eyn
        <choice><abbr>zeiche<am>&#x305;</am></abbr>
          <expan>zeiche<ex>n</ex></expan></choice><pc resp="editor">,</pc>
        dat sy in
        <lb/>kente vur den anderen <hi rend="underline">Apos<metamark function="line_break">-</metamark>
        <cb edRef="#D" facs="#D_232r-b"/>telen</hi><pc resp="editor">.</pc> <hi rend="underline">Do</hi> <name type="person" nymRef="Jesus_Christ" rend="underline">
        <choice><abbr>ih<am>&#x305;</am>s xp<am>&#x305;</am>s</abbr>
          <expan>Ih<ex>esu</ex>s Ch<ex>ristu</ex>s</expan></choice></name> quam in dat
        <lb/>huiss<pc resp="editor">,</pc> <name type="person" nymRef="Virgin_Mary" rend="underline">Maria</name> stont
        <choice>
          <abbr>beneue<am>&#x305;</am></abbr>
          <expan>beneue<ex>n</ex></expan>
        </choice>der
        <lb/>doren vnde schamde sich sere<pc resp="editor">.</pc>
        <lb/><name type="person" nymRef="Martha" rend="underline">Martha</name> geynck dem heren<metamark function="line_filler">-</metamark>
        <lb/>intgegen mit gebogeden
        <choice><abbr>knee<am>&#x305;</am></abbr>
          <expan>knee<ex>n</ex></expan></choice>
        <lb/>vnd heische in
        <choice>
          <abbr>wilkome<am>&#x305;</am></abbr>
          <expan>wilkome<ex>n</ex></expan>
        </choice>
        Jnde
        <lb/>intfeynck in mit groisser eir<metamark function="line_break">-</metamark>
        <lb/>werdicheit inde mit <damage degree="low">lo</damage>ue in<hi rend="underline">d</hi>
        <lb/>vroelicheit
        <choice>
          <orig>V</orig>
          <corr resp="editor">v</corr>
        </choice>ns<damage degree="medium">e here</damage><pc resp="editor">.</pc> <name type="person" nymRef="Jesus_Christ" rend="underline">
        <choice>
          <abbr>ih<damage degree="medium"><am>&#x305;</am>s</damage> xp<am>&#x305;</am>s</abbr>
          <expan>Ih<ex>esu</ex>s Ch<ex>ristu</ex>s</expan>
          </choice></name>
        <lb/>geynck vur hen in <damage degree="high">dat</damage> huiss
        <lb/>
        <choice>
          <orig>J</orig>
          <corr resp="editor">j</corr>
        </choice>nde in
        <choice>
          <abbr>sp<am>&#x305;</am>r</abbr>
          <expan>spr<ex>ach</ex></expan>
        </choice>
        ir neit zo<pc resp="editor">.</pc> Do
        <choice>
          <abbr>sp<am>&#x305;</am></abbr>
          <expan>spr<ex>ach</ex></expan>
        </choice>
        <lb/><name type="person" nymRef="Martha">Martha</name> <damage degree="medium">zo d</damage>em <damage degree="medium">heren</damage> inde
        <lb/>sachte<pc resp="editor">:</pc> <pc resp="editor">"</pc>Here<pc resp="editor">,</pc> suich<pc resp="editor">,</pc> <damage degree="low">da</damage>t is myn
        <lb/>suster <name type="person" nymRef="Mary_Magdalene" rend="underline"><damage degree="low">M</damage>aria</name><pc resp="editor">.</pc><pc resp="editor">"</pc> Recht off sy wol<metamark function="line_break">-</metamark>
        <lb/>de <damage degree="medium">sag</damage>en<pc resp="editor">:</pc><pc resp="editor">"</pc><damage degree="medium">Da</damage>t is sy<pc resp="editor">,</pc> dar ich soe
        <lb/>dick vm schrien ind weynen<pc resp="editor">.</pc>
        <lb/>Dit is sy<pc resp="editor">,</pc> de so
        <choice><abbr>sweirliche<am>&#x305;</am></abbr>
          <expan>sweirliche<ex>n</ex></expan></choice>ge<metamark function="line_break">-</metamark>
        <lb/>sundiget hait<pc resp="editor">.</pc> Suich sy doch
        <lb/>an mit dynen ougen der barm<metamark function="line_break">-</metamark>
        <lb/>hertzi<damage degree="medium">chh</damage>eit
        <choice>
          <orig>J</orig>
          <corr resp="editor">j</corr>
        </choice>nde vergiff yr alle
        <lb/>irre sunden<pc resp="editor">.</pc><pc resp="editor">"</pc> Doe <del type="strikethrough">kerte</del> sich
        <choice><abbr>d<am>'</am></abbr>
          <expan>d<ex>er</ex></expan></choice>
        <lb/>here vmb inde sach <name type="person" nymRef="Mary_Magdalene" rend="underline">Marien</name> an
        <lb/>mit den ougen der barmhertz<metamark function="line_break">-</metamark>
        <lb/>icheit<pc resp="editor">,</pc> da hei mit an sach sante
        <lb/>peter tzo der tzit<pc resp="editor">,</pc> do hei synre
        <lb/>verlomde<pc resp="editor">.</pc> <ab xml:id="Mary_retreats"/><name type="person" nymRef="Mary_Magdalene" rend="underline">Maria</name> van groisser
        <lb/>schemden<pc resp="editor">,</pc> de sy kreich in deme
        <lb/>anseyn des heren<pc resp="editor">,</pc> geynck sy
        <lb/>
        <choice>
          <orig>J</orig>
          <corr resp="editor">j</corr>
        </choice>n de slaiff kamer irre suster
        <lb/>
        <choice>
          <orig>J</orig>
          <corr resp="editor">j</corr>
        </choice>nde veil mit groissen
        <choice>
          <abbr>weyne<am>&#x305;</am></abbr>
          <expan>weyne<ex>n</ex></expan>
        </choice>
        <lb/>vp de erde
        <choice>
          <orig>J</orig>
          <corr resp="editor">j</corr>
        </choice>nde ir sunden war<metamark function="line_break">-</metamark>
        <lb/>en ir leit van gronde ires hertz<metamark function="line_break">-</metamark>
        <lb/>en
        <choice>
          <orig>J</orig>
          <corr resp="editor">j</corr>
        </choice>nde sy ouerdachte alle ire
        <lb/>sunden<pc resp="editor">,</pc> de sy ee gedayn hadde<pc resp="editor">.</pc><metamark function="line_filler">-</metamark>
        <lb/><name type="person" nymRef="Martha">Martha</name> beliff staende myt
        <choice><abbr>de<am>&#x305;</am></abbr>
          <expan>de<ex>n</ex></expan></choice>
        <lb/>heren inde sprach mit eme alzo
        <pb edRef="#D" facs="#D_233v"/>
        <cb edRef="#D" facs="#D_233v-a"/>fruntliche<pc resp="editor">.</pc> Jn der seluer
        <choice>
          <abbr>stu<am>&#x305;</am>t</abbr>
          <expan>stu<ex>n</ex>t</expan>
        </choice>
        <lb/>quam <name type="person" nymRef="Simon">
        <choice>
          <abbr>Symeo<am>&#x305;</am></abbr>
          <expan>Symeo<ex>n</ex></expan>
        </choice></name>
        <choice>
          <abbr>lepros<am>&#42864;</am></abbr>
          <expan>lepros<ex>us</ex></expan>
        </choice>
        inde
        <lb/>bat den heren zo gaste mit
        <lb/>
        <choice>
          <abbr>syne<am>&#x305;</am></abbr>
          <expan>syne<ex>n</ex></expan>
        </choice>
        <hi rend="underline">Jungeren</hi> Do it quam
        <lb/>by de mailtzit do geynck der
        <lb/>
        <choice>
          <abbr>h<am>&#519;</am></abbr>
          <expan>he<ex>re</ex></expan>
        </choice>
        in <name type="person" nymRef="Simon">Symons</name> huis<pc resp="editor">.</pc><ab xml:id="Martha_encourages_Mary"/> Jnd <name type="person" nymRef="Martha">
          <choice>
            <orig>m</orig>
            <corr resp="editor">M</corr>
          </choice>ar<metamark function="line_break">-</metamark>
        <lb/>tha</name> geynck zo yrre
        <choice>
          <abbr>sust<am>'</am></abbr>
          <expan>sust<ex>er</ex></expan>
        </choice>
        inde
        <lb/>sac<damage degree="medium">ht</damage>e<pc resp="editor">,</pc> dat der
        <choice>
          <abbr>h<am>&#519;</am></abbr>
          <expan>he<ex>re</ex></expan>
        </choice>
        werre ewech
        <lb/>gegan<damage degree="high">ge</damage>n<pc resp="editor">.</pc> <hi rend="underline">Do
        <choice>
          <abbr>sp<am>&#x305;</am>r</abbr>
          <expan>spr<ex>ach</ex></expan>
        </choice></hi>
        <name type="person" nymRef="Mary_Magdalene" rend="underline">Maria<metamark function="line_filler">-</metamark>
        <lb/>
        <choice>
          <orig>m</orig>
          <corr resp="editor">M</corr>
        </choice>agdalena</name><pc resp="editor">:</pc> <pc resp="editor">"</pc>Och lieue suster<pc resp="editor">,</pc>
        <lb/>
        <choice>
          <orig>D</orig>
          <corr resp="editor">d</corr>
        </choice>u ha<damage degree="medium">ddes myr ge</damage>sacht<pc resp="editor">,</pc> dat
        <lb/>hey also leifflich were in syme
        <lb/>angesichte<pc resp="editor">.</pc> Jch sagen der<pc resp="editor">,</pc> dat ich
        <lb/>jn alle m<damage degree="high">y</damage>nen d<damage degree="medium">ag</damage>en <damage degree="high">ne</damage>e gress<metamark function="line_break">-</metamark>
        <lb/>licher angesichte en hayn<pc resp="editor">.</pc>
        <choice>
          <abbr>gesey<am>&#x305;</am></abbr>
          <expan>gesey<ex>n</ex></expan>
        </choice>
        <lb/>
        <choice>
          <orig>A</orig>
          <corr resp="editor">a</corr>
        </choice>ls myr der
        <choice>
          <abbr>h<am>&#519;</am></abbr>
          <expan>he<ex>re</ex></expan>
        </choice>
        bewisde<pc resp="editor">,</pc> do hey
        <lb/>mich ansach<pc resp="editor">.</pc> Want hey sach<metamark function="line_filler">-</metamark>
        <lb/>mich durc<damage degree="low">h</damage> alle <damage degree="mediu">m</damage>yn <damage degree="high">he</damage>rtz<pc resp="editor">,</pc>
        <choice>
          <orig>A</orig>
          <corr resp="editor">a</corr>
        </choice>lso
        <lb/>dat ic<damage degree="high">h bek</damage>ennen alle
        <choice>
          <abbr>my<am>&#x305;</am></abbr>
          <expan>my<ex>n</ex></expan>
        </choice>
        sun<metamark function="line_break">-</metamark>
        <lb/>den<pc resp="editor">,</pc> de ich ee gedayn hayn<pc resp="editor">.</pc><pc resp="editor">"</pc> Do
        <lb/><hi rend="underline"><choice><abbr>sp<am>&#x305;</am>r</abbr>
          <expan>spr<ex>ach</ex></expan></choice></hi><pc resp="editor">:</pc>
        <pc resp="editor">"</pc>
        <choice>
          <orig>l</orig>
          <corr resp="editor">L</corr>
        </choice>ieue suster<pc resp="editor">,</pc> verzage neit
        <choice>
          <orig>J</orig>
          <corr resp="editor">j</corr>
        </choice>nde
        <lb/>halt dich wail<pc resp="editor">.</pc> Der here sal dir
        <lb/>noch alle dyne sunden
        <choice><abbr>vergue<am>&#x305;</am></abbr>
          <expan>vergue<ex>n</ex></expan></choice><pc resp="editor">.</pc>
        <lb/>Jch will gaen inde deynen eme
        <lb/>zor taiffelen in <name type="person" nymRef="Simon">Symon<damage degree="low">s</damage></name> huisse<pc resp="editor">.</pc><pc resp="editor">"</pc>
        <lb/>
        <choice>
          <orig>d</orig>
          <corr resp="editor">D</corr>
        </choice>a sal hei essen<pc resp="editor">,</pc> kom <damage degree="medium">mich</damage> mit
        <lb/>d<damage degree="low">a</damage>r<pc resp="editor">.</pc><pc resp="editor">"</pc> <hi rend="underline"><name type="person" nymRef="Mary_Magdalene" rend="underline">Maria</name></hi> sloich ir a<damage degree="medium">nges</damage>ichte
        <lb/>tzo der erden inde en antwort
        <lb/>ir neit<pc resp="editor">.</pc> <ab xml:id="Martha_in_Simons_house"/><hi rend="underline">Jr suster</hi> <name type="person" nymRef="Mary_Magdalene" rend="underline">Martha</name> geynck
        <lb/>in <name type="person" nymRef="Simon">Symons</name> huiss<pc resp="editor">,</pc> inde wolde dem
        <lb/>heren deynen<pc resp="editor">.</pc> Der here
        <name type="person" nymRef="Jesus_Christ" rend="underline">
        <choice><abbr>ihs<am>&#x305;</am></abbr>
          <expan>Jhe<ex>esu</ex>s</expan></choice></name><metamark function="line_filler">-</metamark>
        <lb/>vragde<pc resp="editor">:</pc> <pc resp="editor">"</pc><name type="person" nymRef="Martha" rend="underline">
          <choice>
            <orig>m</orig>
            <corr resp="editor">M</corr>
          </choice>arthen</name><pc resp="editor">,</pc> w<damage degree="low">ae</damage> is dyn
        <lb/>suster<pc resp="editor">?</pc>
        <choice>
          <orig>w</orig>
          <corr resp="editor">W</corr>
        </choice>ill sy ouch <damage degree="low">kom</damage>en<pc resp="editor">?</pc><pc resp="editor">"</pc> <name type="person" nymRef="Martha" rend="underline">Mar<metamark function="line_break">-</metamark>
        <lb/>tha</name> antworde dem heren<metamark function="line_filler">-</metamark>
        <cb edRef="#D" facs="#D_233v-b"/>ind sprach<pc resp="editor">:</pc><pc resp="editor">"</pc>
        <choice>
          <orig>o</orig>
          <corr resp="editor">O</corr>
        </choice>ch lieue here<pc resp="editor">,</pc> myn
        <choice><abbr>sust<am>'</am></abbr>
          <expan>sust<ex>er</ex></expan></choice>
        <lb/>liget ind schriet ind weynet
        <choice>
          <orig>J</orig>
          <reg type="capit" resp="editor">j</reg>
        </choice>nd
        <lb/>claget<pc resp="editor">,</pc>
        <choice>
          <orig>D</orig>
          <reg type="capit" resp="editor">d</reg>
        </choice>at du sy so strenglichen
        <choice><abbr>a<am>&#x305;</am></abbr>
          <expan>a<ex>n</ex></expan></choice><metamark function="line_break">-</metamark>
        <lb/>geseyn haist<pc resp="editor">.</pc>
        <choice>
          <orig>h</orig>
          <reg type="capit" resp="editor">H</reg>
        </choice>er vmb bidden ic<damage degree="low">h</damage> dich<pc resp="editor">,</pc>
        <lb/>
        <choice>
          <orig>D</orig>
          <reg type="capit" resp="editor">d</reg>
        </choice>at du troister alre bedroiffder
        <lb/>
        <choice><abbr>hertze<am>&#x305;</am></abbr>
          <expan>hertze<ex>n</ex></expan></choice><pc resp="editor">,</pc>
        <choice>
          <orig>J</orig>
          <reg type="capit" resp="editor">j</reg>
        </choice>s it sache<pc resp="editor">,</pc> dat sy her kompt<pc resp="editor">,</pc>
        <lb/>Jr doch troistlichen worde tzo<pc resp="editor">.</pc>
        <choice><abbr>spr<am>&#x305;</am></abbr>
          <expan>spr<ex>echen</ex></expan></choice>
        <lb/>wils<pc resp="editor">.</pc><pc resp="editor">"</pc> Der here
        <name type="person" nymRef="Jesus_Christ" rend="underline"><choice><abbr>xp<am>&#x305;</am>s ih<am>&#x305;</am>s</abbr>
          <expan>Ch<ex>ristu</ex>s Ih<ex>esu</ex>s</expan></choice></name>
        sachte ir<pc resp="editor">:</pc>
        <lb/><pc resp="editor">"</pc><name type="person" nymRef="Martha" rend="underline">Martha</name><pc resp="editor">,</pc> myn lieue
        <choice>
          <abbr>vrundy<am>&#x305;</am>ne</abbr>
          <expan>vrundy<ex>n</ex>ne</expan>
        </choice><pc resp="editor">,</pc>
        <lb/>ich louen dir<pc resp="editor">,</pc> is it<pc resp="editor">,</pc> dat dyn
        <choice><abbr>sust<am>'</am></abbr>
          <expan>sust<ex>er</ex></expan></choice><pc resp="editor">,</pc>
        <lb/>her kompt<pc resp="editor">,</pc> Jch wil ir fruntlich zo
        <lb/>sprechen<pc resp="editor">.</pc><ab xml:id="Gregory_comment"/><pc resp="editor">"</pc> <name type="person" nymRef="Gregory" rend="underline">
        <choice><abbr>Gregori<am>&#42864;</am></abbr>
          <expan>Gregori<ex>us</ex></expan></choice>
        </name> <hi rend="underline">spricht<pc resp="editor">:</pc>
        <pc resp="editor">"</pc><choice><abbr>
          <orig>w</orig>
          <reg type="capit" resp="editor">W</reg>a<am>&#x305;</am></abbr><metamark function="line_break">-</metamark>
          <expan>
            <orig>w</orig>
            <reg type="capit" resp="editor">W</reg>a<ex>n</ex></expan></choice></hi>
        <lb/>ne ich gedencken<pc resp="editor">,</pc> <hi rend="underline">
          <choice>
            <orig>W</orig>
            <reg type="capit" resp="editor">w</reg>
          </choice>e <name type="person" nymRef="Mary_Magdalene">
          <choice>
            <orig>m</orig>
            <corr resp="editor">M</corr>
          </choice>aria</name></hi>
        <lb/>quam jn dat huis <name type="person" nymRef="Simon">Symeonis</name>
        <lb/>vngeladen<pc resp="editor">,</pc> inde vngebeden<metamark function="line_filler">-</metamark>
        <lb/>we sy ir trane uß goess vp de vos<metamark function="line_break">-</metamark>
        <lb/>se vns heren Jnde woische da mit
        <lb/>de voisse des heren
        <choice>
          <orig>J</orig>
          <reg type="capit" resp="editor">j</reg>
        </choice>nd drogde<pc resp="editor">,</pc>
        <lb/>sy mit yren hairen<pc resp="editor">,</pc>
        <choice>
          <orig>S</orig>
          <reg type="capit" resp="editor">s</reg>
        </choice>o en kan
        <lb/>ich myn hertz inde myn ougen
        <lb/>neit langer inthalden
        <choice>
          <abbr>va<am>&#x305;</am></abbr>
          <expan>va<ex>n</ex></expan>
        </choice>
        schri<metamark function="line_break">-</metamark>
        <lb/>en inde weynen<pc resp="editor">.</pc><pc resp="editor">"</pc><ab xml:id="Mary_in_Simons_house"/><name type="person" nymRef="Pseudo_Isidore">Jsidorus</name> schrifft<pc resp="editor">:</pc>
        <lb/><add place="above">
          <choice>
            <orig>e</orig>
            <reg type="capit" resp="editor">E</reg>
          </choice>e</add> dat der here geynck sitzen tzo
        <choice>
          <abbr>d<am>'</am></abbr>
          <expan>d<ex>er</ex></expan>
        </choice>
        <lb/>taiffelen<pc resp="editor">,</pc> do satte hey sich eirste
        <lb/>vp syne gebenedide knee inde<metamark function="line_filler">-</metamark>
        <lb/>louede synen hemelschen vader<pc resp="editor">.</pc>
        <lb/>Jnd geynck <name type="person" nymRef="Mary_Magdalene">
          <choice>
            <orig>m</orig>
            <corr resp="editor">M</corr>
          </choice>aria</name> do in dat<metamark function="line_filler">-</metamark>
        <lb/>huiss tzo dem heren<pc resp="editor">.</pc> Jnde als
        <lb/>hey sas zo der taiffellen<pc resp="editor">,</pc> quam
        <lb/>sy van achter zo mit groissem ru<metamark function="line_break">-</metamark>
        <lb/>wen jnd hertzlicher
        <choice>
          <abbr>lieffde<am>&#x305;</am></abbr>
          <expan>lieffde<ex>n</ex></expan>
        </choice> storte
        <lb/>sy de salue vp syn gebenedide
        <lb/>hoifft<pc resp="editor">,</pc>
        <choice>
          <orig>J</orig>
          <reg type="capit" resp="editor">j</reg>
        </choice>nd veil neder vur de vois
        <lb/>se des heren ind kussde de inde
        <lb/>weynde bitterlichen sere<pc resp="editor">,</pc>
        <choice>
          <orig>A</orig>
          <reg type="capit" resp="editor">a</reg>
        </choice>lso
        <pb edRef="#D" facs="#D_233r"/>
        <cb edRef="#D" facs="#D_233r-a"/>lange<pc resp="editor">,</pc> dat der here
        <choice><abbr>spr<am>&#x305;</am></abbr>
          <expan>spr<ex>ach</ex></expan></choice><pc resp="editor">:</pc>
        <pc resp="editor">"</pc><name type="person" nymRef="Mary_Magdalene" rend="underline">Maria</name><pc resp="editor">,</pc>
        <lb/>dyn sunden synt dyr
        <choice><abbr>vergue<am>&#x305;</am></abbr>
          <expan>vergue<ex>n</ex></expan></choice><pc resp="editor">.</pc>
        <lb/>Ganck in vreden<pc resp="editor">.</pc><pc resp="editor">"</pc> <name type="person" nymRef="Mary_Magdalene" rend="underline">Maria</name>
        <choice><abbr>sto<am>&#x305;</am>t</abbr>
          <expan>sto<ex>n</ex>t</expan></choice>
        <lb/>vp in groisser
        <choice><abbr>vroude<am>&#x305;</am></abbr>
          <expan>vroude<ex>n</ex></expan></choice>
        ind was
        <lb/>gesont an selen ind an liue<pc resp="editor">.</pc> ind
        <lb/>geynck in <name type="person" nymRef="Martha">
          <choice>
            <orig>m</orig>
            <corr resp="editor">M</corr>
          </choice>arthen</name> huis<pc resp="editor">,</pc> yrre
        <lb/>suster<pc resp="editor">,</pc>
        <choice>
          <orig>J</orig>
          <reg type="capit" resp="editor">j</reg>
        </choice>nde veil neder vp de<metamark function="line_filler">-</metamark>
        <lb/>erde inde danckde gode mit
        <choice><abbr>wey<am>&#x305;</am><metamark function="line_break">-</metamark>
        <lb/>ende<am>&#x305;</am></abbr>
          <expan>wey<ex>n</ex>ende<ex>n</ex></expan></choice>
        ougen vur syne gotliche wael
        <lb/>dait<pc resp="editor">.</pc> inde genade<pc resp="editor">.</pc><ab xml:id="VirginMary_visits"/>Jn der seluer zit
        <lb/>hoirde <name type="person" nymRef="Virgin_Mary" rend="underline">
          <choice>
            <orig>m</orig>
            <corr resp="editor">M</corr>
          </choice>aria</name><pc resp="editor">,</pc> de moder <name type="person" nymRef="Jesus_Christ" rend="underline">
        <choice><abbr>xp<am>&#x305;</am>i</abbr>
          <expan>Ch<ex>rist</ex>i</expan></choice></name><pc resp="editor">,</pc> dat
        <lb/>der her<damage degree="low">e</damage><pc resp="editor">,</pc> yr lieue soen<pc resp="editor">,</pc> was tzo
        <lb/><name type="place" nymRef="Bethany">
          <choice>
            <orig>b</orig>
            <corr resp="editor">B</corr>
          </choice>ethanien</name><pc resp="editor">.</pc>
          <choice>
            <orig>d</orig>
            <reg type="capit" resp="editor">D</reg>
          </choice>o quam sy dar<pc resp="editor">,</pc> ind
        <lb/>wolde den heren
        <choice>
          <abbr>ansp<am>&#x305;</am>r</abbr>
          <expan>anspr<ex>echen</ex></expan>
        </choice>
        <choice>
          <orig>J</orig>
          <reg type="capit" resp="editor">j</reg>
        </choice>nde
        <lb/>vernam doe<pc resp="editor">,</pc>
        <choice>
          <orig>D</orig>
          <reg type="capit" resp="editor">d</reg>
        </choice>at der
        <choice><abbr>h<am>&#519;</am></abbr>
          <expan>he<ex>re</ex></expan></choice>
        hadde
        <lb/><name type="person" nymRef="Mary_Magdalene" rend="underline">
        <choice><abbr>Marie<am>&#x305;</am>
        <choice>
          <orig>m</orig>
          <reg type="capit" resp="editor">M</reg>
        </choice>agdalene<am>&#x305;</am></abbr>
          <expan>Marie<ex>n</ex> Magdalene<ex>n</ex></expan></choice></name>
        alle yrre
        <lb/>sunden vergeuen<pc resp="editor">.</pc> Doe
        <choice><abbr>gey<am>&#x305;</am>ck</abbr>
          <expan>gey<ex>n</ex>ck</expan></choice><pc resp="editor">,</pc>
        <lb/>sy zo troisten inde tzo stercken
        <lb/>sy
        <choice>
          <orig>I</orig>
          <reg type="capit" resp="editor">i</reg>
        </choice>n eyme gotlichen leuen<pc resp="editor">.</pc> <name type="person" nymRef="Mary_Magdalene" rend="underline">Ma<metamark function="line_break">-</metamark>
        <lb/>ria</name> mit
        <choice>
          <abbr>vsgereckde<am>&#x305;</am></abbr>
        </choice>
        <choice>
          <abbr>arme<am>&#x305;</am></abbr>
          <expan>arme<ex>n</ex></expan>
        </choice>
        <choice>
          <abbr>bego<am>&#x305;</am><lb/>de</abbr>
          <expan>begonde</expan>
        </choice>
        <lb/>sy <name type="person" nymRef="Mary_Magdalene">
        <choice>
          <abbr>magdalene<am>&#x305;</am></abbr>
          <expan>Magdalene<ex>n</ex></expan>
        </choice></name>
        zo
        <choice>
          <abbr>vmbvange<am>&#x305;</am></abbr>
          <expan>vmbvange<ex>n</ex></expan></choice><pc resp="editor">.</pc>
        <lb/>Doe
        <choice>
          <abbr>sp<am>&#x305;</am>r</abbr>
          <expan>spr<ex>ach</ex></expan>
        </choice>
        <name type="person" nymRef="Mary_Magdalene" rend="underline">
          <choice>
            <orig>m</orig>
            <corr resp="editor">M</corr>
          </choice>aria
          <choice>
            <orig>m</orig>
            <corr resp="editor">M</corr>
          </choice>agdalena</name><pc resp="editor">:</pc>
        <lb/><pc resp="editor">"</pc>O du alre heillichste
        <choice>
          <orig>J</orig>
          <reg type="capit" resp="editor">j</reg>
        </choice>onffer<pc resp="editor">,</pc>
        <choice>
          <orig>E</orig>
          <reg type="capit" resp="editor">e</reg>
        </choice>yn
        <lb/>schryn des heilgen geistes<pc resp="editor">,</pc>
        <choice>
          <abbr>ga<am>&#x305;</am>ck</abbr>
          <expan>ga<ex>n</ex>ck</expan>
        </choice>
        <lb/>van myr<pc resp="editor">,</pc>
        <choice>
          <orig>W</orig>
          <reg type="capit" resp="editor">w</reg>
        </choice>ant
        <choice>
          <abbr>my<am>&#x305;</am>n</abbr>
          <expan>my<ex>n</ex></expan>
        </choice>
        sundige
        <lb/>licham en is neit weirdich<pc resp="editor">,</pc> an
        <lb/>dich zo
        <choice>
          <abbr>roire<am>&#x305;</am></abbr>
          <expan>roire<ex>n</ex></expan>
        </choice><pc resp="editor">,</pc>
        den licham<pc resp="editor">,</pc> da
        <choice>
          <abbr>my<am>&#x305;</am></abbr>
          <expan>my<ex>n</ex></expan>
        </choice>
        <lb/>selichmecher jnne beslossen is ge<metamark function="line_break">-</metamark>
        <lb/>west<pc resp="editor">.</pc><pc resp="editor">"</pc> Do
        <choice>
          <abbr>sp<am>&#x305;</am>r</abbr>
          <expan>spr<ex>ach</ex></expan>
        </choice>
        <hi rend="underline">de moder gotz</hi><pc resp="editor">,</pc> <name type="person" nymRef="Virgin_Mary" rend="underline">Maria</name><pc resp="editor">:</pc>
        <lb/><pc resp="editor">"</pc>O du
        <choice>
          <abbr>fontey<am>&#x305;</am>ne</abbr>
          <expan>fontey<ex>n</ex>ne</expan>
        </choice>
        myns kyndes ind
        <lb/>myn<pc resp="editor">,</pc>
        <choice>
          <orig>J</orig>
          <reg type="capit" resp="editor">j</reg>
        </choice>ch
        <choice>
          <abbr>beken<am>&#x305;</am>en</abbr>
          <expan>beken<ex>n</ex>en</expan>
        </choice><pc resp="editor">,</pc>
        dattu bist reyne
        <lb/>
        <choice>
          <orig>A</orig>
          <reg type="capit" resp="editor">a</reg>
        </choice>n selen ind an liue van allen
        <lb/>
        <choice>
          <abbr>vlecke<am>&#x305;</am></abbr>
          <expan>vlecke<ex>n</ex></expan>
        </choice>
        der sunden<pc resp="editor">.</pc><pc resp="editor">"</pc> Jnde de moder
        <lb/>vns
        <choice>
          <abbr>here<am>&#x305;</am></abbr>
          <expan>here<ex>n</ex></expan>
        </choice>
        nam sye
        <choice>
          <abbr>mynentliche<am>&#x305;</am></abbr>
          <expan>mynentliche<ex>n</ex></expan>
        </choice>
        <lb/>vmb in yren arm inde kussde sy
        <cb edRef="#D" facs="#D_233r-b"/>leifflichen<pc resp="editor">.</pc> Do sagen de tzwae
        <choice>
          <abbr>suste<am>'</am></abbr>
          <expan>suste<ex>r</ex></expan>
        </choice>
        <lb/>der moder gotz<pc resp="editor">,</pc> de mit yr dair
        <lb/>
        <choice>
          <abbr>kome<am>&#x305;</am></abbr>
          <expan>kome<ex>n</ex></expan>
        </choice>
        wairen zo dem
        <choice>
          <abbr>here<am>&#x305;</am></abbr>
          <expan>here<ex>n</ex></expan>
        </choice>
        inde<pc resp="editor">.</pc>
        <lb/>Ind <name type="person" nymRef="Martilla">
          <choice>
            <orig>m</orig>
            <corr resp="editor">M</corr>
          </choice>arcella</name><pc resp="editor">,</pc>
          <choice>
            <orig>D</orig>
            <reg type="capit" resp="editor">d</reg>
          </choice>at <name type="person" nymRef="Virgin_Mary" rend="underline">
            <choice>
              <orig>m</orig>
              <corr resp="editor">M</corr>
            </choice>aria</name> <hi rend="underline">de
        <lb/>moder</hi> gotz<pc resp="editor">,</pc> ind <name type="person" nymRef="Mary_Magdalene">
        <choice>
          <abbr>maria madgale<am>&#x305;</am></abbr>
          <expan>Maria Magdale<ex>n</ex></expan></choice></name><metamark function="line_break">-</metamark>
        <lb/>na<pc resp="editor">,</pc> vp gehauen
        <choice>
          <abbr>worde<am>&#x305;</am></abbr>
          <expan>worde<ex>n</ex></expan>
        </choice>
        van der
        <lb/>erden tzwae ellen hoege inde<metamark function="line_filler">-</metamark>
        <lb/>worden weder neder gesat weir<metamark function="line_break">-</metamark>
        <lb/>declichen zo der
        <choice>
          <abbr>erde<am>&#x305;</am></abbr>
          <expan>erde<ex>n</ex></expan></choice><pc resp="editor">.</pc>
        <ab xml:id="Mary_rest_of_life"/>Dar na
        <lb/>was <name type="person" nymRef="Mary_Magdalene" rend="underline">
          <choice>
            <orig>m</orig>
            <corr resp="editor">M</corr>
          </choice>aria
          <choice>
            <orig>m</orig>
            <corr resp="editor">M</corr>
          </choice>agdalena</name> alle yre
        <lb/>dage in deme deynste gotz
        <choice>
          <orig>J</orig>
          <reg type="capit" resp="editor">j</reg>
        </choice>nde
        <lb/>volgde eme na
        <choice>
          <orig>J</orig>
          <reg type="capit" resp="editor">j</reg>
        </choice>nde hoirde syne
        <lb/>heilge lerre inde was by eme bis
        <lb/>den doit<pc resp="editor">.</pc> Jnde na dem dode vns
        <lb/>
        <choice>
          <abbr>here<am>&#x305;</am></abbr>
          <expan>here<ex>n</ex></expan>
        </choice>
        geynck sy in de woistenie<pc resp="editor">,</pc>
        <lb/>
        <choice>
          <orig>J</orig>
          <reg type="capit" resp="editor">j</reg>
        </choice>nde dede groisse penetencie
        <choice>
          <orig>J</orig>
          <reg type="capit" resp="editor">j</reg>
        </choice>nd
        <lb/>sy en nam geyn ertsche spisse zo
        <lb/>sich in alle yren dagen
        <choice>
          <orig>M</orig>
          <reg type="capit" resp="editor">m</reg>
        </choice>er<pc resp="editor">.</pc>
        <choice>
          <orig>d</orig>
          <reg type="capit" resp="editor">D</reg>
        </choice>e
        <lb/>heilge engel
        <choice>
          <abbr>name<am>&#x305;</am></abbr>
          <expan>name<ex>n</ex></expan>
        </choice>
        sy vij werff
        <lb/>den dach vp inde
        <choice>
          <abbr>songe<am>&#x305;</am></abbr>
          <expan>songe<ex>n</ex></expan>
        </choice>
        inde
        <choice>
          <abbr>lo<metamark function="line_break">-</metamark>
        <lb/>uede<am>&#x305;</am></abbr>
          <expan>louede<ex>n</ex></expan>
        </choice>
        heren<pc resp="editor">.</pc> Dar na starff sy<pc resp="editor">.</pc>
        <choice>
          <orig>d</orig>
          <reg type="capit" resp="editor">D</reg>
        </choice>o
        <lb/>namen de heilge
        <choice>
          <abbr>engele<am>&#x305;</am></abbr>
          <expan>engele<ex>n</ex></expan>
        </choice>
        ir sele
        <lb/>
        <choice>
          <orig>J</orig>
          <reg type="capit" resp="editor">j</reg>
        </choice>nde vorden sy mit groisser eir<metamark function="line_break">-</metamark>
        <lb/>weirdicheit in dat ewige
        <choice>
          <abbr>leue<am>&#x305;</am></abbr>
          <expan>leue<ex>n</ex></expan>
        </choice>
        <lb/>in dat gotliche
        <choice>
          <abbr>anschauwe<am>&#x305;</am></abbr>
          <expan>anschauwe<ex>n</ex></expan></choice><pc resp="editor">.</pc>
        <ab xml:id="epilogue"/>Jrre
        <lb/>bekerrunge geschach vp den eirs<metamark function="line_break">-</metamark>
        <lb/>ten dach des mertz<pc resp="editor">.</pc> <name type="person" nymRef="Mary_Magdalene">
          <choice>
            <orig>m</orig>
            <corr resp="editor">M</corr>
          </choice>aria
          <choice>
            <orig>m</orig>
            <corr resp="editor">M</corr>
          </choice>
          mag<metamark function="line_break">-</metamark>
        <lb/>dalena</name> plach zo sagen<pc resp="editor">: </pc><pc resp="editor">"</pc>Och hait
        <lb/>myr got der
        <choice>
          <abbr>h<am>&#519;</am></abbr>
          <expan>he<ex>re</ex></expan>
        </choice>
        all myn
        <choice>
          <abbr>sunde<am>&#x305;</am></abbr>
          <expan>sunde<ex>n</ex></expan>
        </choice>
        <lb/>verguen<pc resp="editor">,</pc>
        <choice>
          <orig>J</orig>
          <reg type="capit" resp="editor">j</reg>
        </choice>ch en will sy myr
        <lb/>seluer numer mee vergeuen<pc resp="editor">.</pc><pc resp="editor">"</pc>
        <lb/><hi rend="underline">Deo gratias</hi>
    </body>
  </text>
</TEI>  
