<?xml version="1.0" encoding="UTF-8"?>
<?xml-model href="http://www.tei-c.org/release/xml/tei/custom/schema/relaxng/tei_lite.rng" type="application/xml" schematypens="http://relaxng.org/ns/structure/1.0"?
<?xml-model href="http://www.tei-c.org/release/xml/tei/custom/schema/relaxng/tei_lite.rng" type="application/xml" schematypens="http://purl.oclc.org/dsdl/schematron"?>
<TEI xmlns="http://www.tei-c.org/ns/1.0">
  <teiHeader>
    <fileDesc>
      <titleStmt>
        <title>Mary Magdalene Conversion Legend</title>
        <author ref="#PseudoIsidor">Pseudo Isidor</author>
      </titleStmt>
      <publicationStmt>
        <p>Publication information</p>
      </publicationStmt>
      <sourceDesc>
        <p>Information about the source</p>
        <msDesc>
                    <!-- (manuscript identifier) contains the information required to identify the manuscript being described -->
                    <msIdentifier>
                        <settlement>Berlin</settlement>
                        <repository>Staatsbibliothek Preußischer Kulturbesitz</repository>
                        <idno>Ms. germ. quart. 261</idno>
                    </msIdentifier>
                    <!-- history groups elements (such as origin or accquisition) describing the full history of a manuscript or manuscript part -->
                    <history>
                        <origin>
                            <p>Charterhouse St Barbara<origPlace>Cologne</origPlace> <origDate notAfter="1600" notBefore="1500">16th cent.</origDate>
                            </p>
                        </origin>
                    </history>
                </msDesc>
      </sourceDesc>
    </fileDesc>
  </teiHeader>
  <text>
    <body>
      <pb edRef="#B1" facs="#B1_186r"/> <ab>
      <ab xml:id="legend_title">Dyt is dat leven der seliger <name type="person" nymRef="Mary_Magdalene">marien <choice><abbr>magdalene&#x305;</abbr><expan>magdalenen</expan></choice></name></ab><lb/>
<ab xml:id="genealogy"><name rend="underline" type="person" nymRef="Mary_Magdalene"><hi rend="init_lombard">M</hi>aria magdalena</name> was geboeren van<lb/>
edelem <choice><abbr>stam<am>&#x305;</am>e</abbr><expan>stam<ex>m</ex>e</expan></choice> van eyme <choice><abbr>errliche&#x305;</abbr><expan>errlichen</expan></choice><lb/>
geslecht van der stat <name rend="underline" type="place" nymRef="Jerusalem"><choice><abbr>jhrlm&#834;</abbr><expan>Jherusalem</expan></choice></name><pc resp="editor">.</pc> Ir vader heysch <name rend="underline" type="person" nymRef="Syrus">Cerus</name><lb/>
ir moder <name rend="underline" type="person" nymRef="Eucharia">Eucharia</name> Ind sy hatten zwae <choice><abbr>docht<am>&#795;</am></abbr><expan>docht<ex>er</ex></expan></choice> ind<lb/>
eynen son<pc source="manuscript">.</pc> de <choice><abbr>ey&#x305;</abbr><expan>eyn</expan></choice> <choice><abbr>docht<am>&#795;</am></abbr><expan>docht<ex>er</ex></expan></choice> heisch <name rend="underline" type="person" nymRef="Mary_Magdalene"><choice><abbr>m<am>&#834;</am></abbr><expan>m<ex>aria</ex></expan>
</choice></name><pc source="manuscript">,</pc> de ander <name rend="underline" type="person" nymRef="Martha">martha</name><lb/>
ind der son heisch <name rend="underline" type="person" nymRef="Lazarus">lazarus</name> und der was den unse <name type="person" nymRef="Jesus_Christ">here</name> up<lb/>
erweckde van deme dode<pc resp="editor">.</pc></ab><ab xml:id="heritage">Ind na deme dode<lb/>
yrre alderen deylten de kynder ir vederliche ervve<pc resp="editor">.</pc><lb/>
 <name rend="underline" type="person" nymRef="Lazarus">lazarus</name> nam <choice><abbr>ey&#x305;</abbr><expan>eyn</expan></choice> groesse deyl in der stat van <name rend="underline" type="place" nymRef="Jerusalem"><choice><abbr>jhrlm&#834;</abbr><expan>Jherusalem</expan></choice></name> <subst><del rend="strikethrough" place="above">an</del><lb/><add><unclear>in</unclear></add></subst>
<choice><abbr>id&#x305;</abbr><expan>ind</expan></choice> oiffde sych in der <choice><abbr>ritt<am>&#795;</am>schaff</abbr><expan>ritt<ex>er</ex>schaff</expan></choice> want he was <choice><abbr>ey&#x305;</abbr><expan>eyn</expan></choice> <choice><abbr>ritt<am>&#795;</am></abbr><expan>ritt<ex>er</ex></expan></choice><pc resp="editor">.</pc> <name rend="underline" type="person" nymRef="Martha">martha</name><lb/>
geloeffde dem <name type="person" nymRef="Jesus_Christ">heren</name> zo denen in reynicht Ind<lb/>
wart eyn herbrigeirrersche der <choice><abbr>pylgrime&#x305;</abbr><expan>pylgrimen</expan></choice> Ind <choice><abbr>sunderliche&#x305;</abbr><expan>sunderlichen</expan></choice><pc resp="editor">.</pc><lb/>
umb irs h<pc source="manuscript">.</pc> levens wylle was sy wurdich zo herbrichen<lb/>
unssen heren <name rend="underline" type="person" nymRef="Jesus_Christ"><choice><abbr>jhm&#834; &#43859;m</abbr><expan>ihesum Christum</expan></choice></name> syn l<pc source="manuscript">.</pc> moder Ind de apostelen<pc resp="editor">.</pc> Ind ir<lb/>
ander deyl was dat stetgen  <name rend="underline" type="place" nymRef="Bethany">bethania</name> gelegen na by <name rend="underline" type="place" nymRef="Jerusalem"><choice><abbr>jhrlm&#834;</abbr><expan>Jherusalem</expan></choice></name><lb/>
Ind wat ihr overquam van eren rentten dat gaff sy den ar<lb/>
men umb gotz wyllen<pc resp="editor">.</pc> <name rend="underline" type="person" nymRef="Mary_Magdalene">maria </name>nam zo <choice><abbr>ire&#x305;</abbr><expan>iren</expan></choice> <choice><abbr>ey&#x305;</abbr><expan>eyn</expan></choice> deyl dat<lb/>
sloss <name type="place" subtype="residence" nymRef="magdalum"><choice><abbr>magdalu&#x305;</abbr><expan><ex>magdalum</ex></expan></choice></name> Ind da van hatte sy den namen <name type="person" rend="underline" nymRef="Mary_Magdalene"><choice><abbr>magdale<am>&#x305;</am>a</abbr><expan><ex>magdalena</ex></expan></choice></name><pc resp="editor">.</pc></ab><lb/>
<ab xml:id="MaryMagdalene_mismanagement">Ind alle ir goit braicht sy zo in groessen swaren <choice><abbr>su&#x305;den</abbr><expan>sunden</expan></choice><lb/>
myt boessen geselschaff Ind der boesse geist braicht sy zo<lb/>
va<subst><del rend="strikethrough" place="above">ne</del><add><unclear>ll</unclear></add></subst>zo manchen <choice><abbr>su&#x305;den</abbr><expan>sunden</expan></choice><pc source="manuscript">,</pc> zo dem erster mayl in <unclear><choice><abbr>hoverdei<am>&#x305;</am>e</abbr><expan>hoverdei<ex>ne</ex></expan></choice></unclear><lb/>
want sy was houerdich van hertzen dat ir doicht dat<lb/>
ir nemant gelich en was in <choice><abbr>schoy<am>&#x305;</am>heit</abbr><expan>schoy<ex>n</ex>heit</expan></choice><pc resp="editor">.</pc> Ouch so was sy<lb/>
</ab><pb/>
<pb edRef="#B1" facs="#B1_186v"/>
<ab><choice><abbr>hov<am>&#795;</am>dich</abbr><expan>hov<ex>er</ex>dich</expan></choice> in worden Ind in wercken myt <choice><abbr>cleyd<am>&#519;</am>n</abbr><expan>cleyde<ex>re</ex>n</expan></choice> myt<lb/>
zerrheit yrs lychams<pc resp="editor">.</pc> Sy was ouch gyrich van zijt<lb/>
lichen dyngen<pc source="manuscript">.</pc> got und ere<pc source="manuscript">.</pc> Und waillust der werelt<pc resp="editor">.</pc> Ouch<lb/>
was sy <subst> <del rend="strikethrough">gyrich</del> <add>unkuisch</add></subst> van worden Ind wercken<pc source="manuscript">.</pc> also<lb/>
dat sy ere goit geruicht verlorre Ind yren <choice><abbr>eygene&#x305;</abbr><expan>eygenen</expan></choice><choice><abbr>name&#x305;</abbr><expan>namen</expan></choice><lb/>
Ind ouch also swerrlichen dat sy <choice><abbr>ey&#x305;</abbr><expan>eyn</expan></choice> offenbare <choice><abbr>su&#x305;dery&#x305;ne</abbr><expan>sunderynne</expan></choice><lb/>
wart genant<pc resp="editor">.</pc></ab> Als ouch spricht <name type="person" nymRef="Luke">Lucas</name> der <choice><abbr>ewa&#x305;gelista</abbr><expan>ewangelista</expan></choice><pc source="manuscript">,</pc> <choice><abbr>wa&#x305;t</abbr><expan>want</expan></choice><lb/>
sy <choice><abbr>su&#x305;tge</abbr><expan>suntge</expan></choice> de swerrlich myt yrme gesijcht<pc resp="editor">.</pc> Ir <choice><abbr>sust<am>&#795;</am></abbr><expan>sust<ex>er</ex></expan></choice> <name rend="underline" type="person" nymRef="Martha">martha</name><lb/>
claigde dat <choice><abbr>leve&#x305;</abbr><expan>leven</expan></choice> yrre <choice><abbr>sust<am>&#795;</am></abbr><expan>sust<ex>er</ex></expan></choice> der <name type="person" nymRef="Virgin_Mary">moder</name><name rend="underline" type="person" nymRef="Jesus_Christ">christi</name> myt <choice><abbr>schrye&#x305;<abbr>de&#x305;</abbr></abbr><expan>schryenden</expan></choice><lb/>
ougen Ind batte sy dat sy den <name type="person" nymRef="Jesus_Christ">heren</name> vur sy woulde bydden<pc resp="editor">.</pc><lb/>
<ab xml:id="Martha_confronts_Mary"> Der leirre <name type="person" nymRef= "Pseudo_Isidore" >ysidorus</name> spricht<pc source="manuscript">,</pc> dat dese susteren quamen<lb/>
zo samen zo  <name type="place" nymRef="Bethany">bethanien</name><pc resp="editor">.</pc> Ind <name rend="underline" type="person" nymRef="Mary_Magdalene"><choice><abbr>m<am>&#834;</am></abbr><expan>m<ex>aria</ex></expan>
</choice>magdalena</name> geynck vur<lb/>
den spiegel stayn Ind vlechde ir <choice><abbr>schoy&#x305;</abbr><expan>schoyn</expan></choice> harr Ind zerrde<lb/>
yren licham<pc resp="editor">.</pc> Do sprach <name rend="underline" type="person" nymRef="Martha">martha</name> yrre <choice><abbr>sust<am>&#795;</am></abbr><expan>sust<ex>er</ex></expan></choice> zo myt cle<lb/>
glicher <choice><abbr>sty&#x305;men</abbr><expan>stymmen</expan></choice><pc resp="editor">:</pc> <pc resp="editor">"</pc>alsus<pc source="manuscript">,</pc> leiff <choice><abbr>sust<am>&#795;</am></abbr><expan>sust<ex>er</ex></expan></choice> we zerrt ir uren<lb/>
licham also sere Ind ure <choice><abbr>schoy&#x305;</abbr><expan>schoyn</expan></choice> sele de geschaffen is<lb/>
na deme gotlichen bylde<pc source="manuscript">,</pc> beuleckt ir myt <choice><abbr>ure&#x305;</abbr><expan>uren</expan></choice> <choice><abbr>groesse&#x305;</abbr><expan>groessen</expan></choice><lb/>
<choice><abbr>su&#x305;den</abbr><expan>sunden</expan></choice><pc resp="editor">.</pc> Ich bydden uch <choice><abbr>my&#x305;n</abbr><expan>myn</expan></choice> leve <choice><abbr>sust<am>&#795;</am></abbr><expan>sust<ex>er</ex></expan></choice> gedenckt dat<lb/>
ure lycham hait de <subst><del rend="strikethrough">schoinnt</del><add><unclear>schoynheit</unclear></add></subst> van der selen Ind dat <subst><del rend="strikethrough">dyn</del> <add>ure</add> </subst><choice><abbr>schoy&#x305;</abbr><expan>schoyn</expan></choice><lb/>
licham dat ir zerrt myt goulde und myt syluer sal wer<lb/>
den <choice><abbr>ey&#x305;</abbr><expan>eyn</expan></choice> spyse der woerme<pc resp="editor">!</pc><pc resp="editor">"</pc> Do antworde ir <name rend="underline" type="person" nymRef="Mary_Magdalene">maria</name>Ind sprach<pc resp="editor">:</pc><lb/>
<subst><add>Ind sprach</add></subst><pc resp="editor">"</pc><choice><abbr>my&#x305;n</abbr><expan>myn</expan></choice> usserkoeren lieve <choice><abbr>sust<am>&#795;</am></abbr><expan>sust<ex>er</ex></expan></choice><pc resp="editor">.</pc> na dem dat ich<lb/>
also <choice><abbr>schoy&#x305;</abbr><expan>schoyn</expan></choice> byn an myme licham Ind rych byn van ertz
</ab><pb/>
<pb edRef="#B1" facs="#B1_187r"/>
<ab>en goiden<pc source="manuscript">,</pc> so bydden ich dich bys zo vreden Ind lays mych<lb/>
myn goit <choice><abbr>ve<am>&#795;</am>tzeren</abbr><expan>vertzeren</expan></choice> myt vrouden myt den lieffhaveren deser<lb/>
werelt Ind lais uns nu zo samen vroelich syn<pc source="manuscript">,</pc> wer weyss<lb/>
we lange<pc resp="editor">.</pc><pc resp="editor">"</pc> Des <choice><abbr>andere&#x305;</abbr><expan>anderen</expan></choice> dachs zoich <name rend="underline" type="person" nymRef="Mary_Magdalene"><choice><abbr>m<am>&#834;</am></abbr><expan>m<ex>aria</ex></expan>
</choice></name> zo huyss Ind<lb/>
<name rend="underline" type="person" nymRef="Martha">martha</name> schrey und <choice><abbr>wey&#x305;de</abbr><expan>weynde</expan></choice> <choice><abbr>se<am>&#795;</am></abbr><expan>sere</expan></choice> dat ir <choice><abbr>sust<am>&#795;</am></abbr><expan>sust<ex>er</ex></expan></choice> so wylde was<pc resp="editor">.</pc></ab><lb/>
<ab xml:id="MaryMagdalene_lovers">Dar na <choice><abbr>ov<am>&#795;</am></abbr><expan>over</expan></choice> zwene maynde hatten de <choice><abbr>ju&#x305;gelynck&#x305;ne</abbr><expan>jungelynck</expan></choice> van <name rend="underline" type="place" nymRef="Jerusalem"><choice><abbr>jhrlm&#834;</abbr><expan>iherusalem</expan></choice></name><lb/>
eynen hoff Ind <choice><abbr>ey&#x305;</abbr><expan>eyn</expan></choice> vroelicheit<pc source="manuscript">,</pc> dar zo wart <name rend="underline" type="person" nymRef="Mary_Magdalene"><choice><abbr>m<am>&#834;</am></abbr><expan>m<ex>aria</ex></expan>
</choice>magdalena</name><lb/>
gebeden Ind sy quam myt groesser kostlicht ind<lb/>
zerrheit irs lichams als <choice><abbr>ey&#x305;</abbr><expan>eyn</expan></choice> <choice><abbr>lieffhau<am>&#795;</am>sche</abbr><expan>lieffhauersche</expan></choice> deser werelt Ind<lb/>
sprungen und dantzden ij dach Ind ij nacht so dat sy nau<lb/>
we spise nemen moicht van vroelicheit Ind wyldicheit<pc resp="editor">.</pc></ab><lb/>
<ab xml:id="market_scene">Ind in der <choice><abbr>selv<am>&#795;</am></abbr><expan>selver</expan></choice> zijt <choice><abbr>ve<am>&#795;</am>nam</abbr><expan>vernam</expan></choice> <name rend="underline" type="person" nymRef="Martha">martha</name> ir <choice><abbr>sust<am>&#795;</am></abbr><expan>sust<ex>er</ex></expan></choice> dat der <choice><abbr>he<am>&#795;</am></abbr><expan>here</expan></choice> <name rend="underline" type="person" nymRef="Jesus_Christ">jesus christus</name><lb/>
was in dem <name rend="underline" type="place" nymRef="Galilee">galileischen lande</name> Ind woulde er zo ir ko<lb/>
men zo  <name rend="underline" type="place" nymRef="Bethany">bethanien</name><pc resp="editor">.</pc> Do geyncken <name rend="underline" type="person" nymRef="Martha">martha</name> Ind <name rend="underline" type="person" nymRef="Martilla">marcella</name><pc resp="editor">,</pc> de <name rend="underline" type="person" nymRef="Martha">marthen</name> mait<lb/>
was<pc resp="editor">,</pc> des morgens vroe in de stat <name rend="underline" type="place" nymRef="Jerusalem"><choice><abbr>jhrlm&#834;</abbr><expan>iherusalem</expan></choice></name> zo gelden spise<lb/>
vur den <name type="person" nymRef="Jesus_Christ">heren</name> Ind syn <choice><abbr>yu&#x305;geren</abbr><expan>yungeren</expan></choice><pc source="manuscript">,</pc> so quamen sy van deme<lb/>
raytzhuiss myt pyfen und myt <choice><abbr>blasu&#x305;gen</abbr><expan>blasungen</expan></choice><pc resp="editor">.</pc> <name rend="underline" type="person" nymRef="Mary_Magdalene">maria <choice><abbr>magdale&#x305;a</abbr><expan>magdalena</expan></choice></name><lb/>
<choice><abbr>gey&#x305;ck</abbr><expan>geynck</expan></choice> vur in deme rey myt <choice><abbr>hov<am>&#795;</am>dichen</abbr><expan>hoverdichem</expan></choice> hertzen<pc source="manuscript">,</pc> dyt<lb/>
sach <name rend="underline" type="person" nymRef="Martilla">marcella</name> dat <name rend="underline" type="person" nymRef="Mary_Magdalene"><choice><abbr>m<am>&#834;</am></abbr><expan>m<ex>aria</ex></expan>
</choice></name> geleyt wart in groessen eren ind<lb/>
vroelicheit<pc resp="editor">.</pc> Do saicht sy zo yrre vrauwen <name rend="underline" type="person" nymRef="Martha">martha</name><pc resp="editor">:</pc><lb/>
<pc resp="editor">"</pc>iunffer seyt ure <choice><abbr>sust<am>&#795;</am></abbr><expan>sust<ex>er</ex></expan></choice><pc resp="editor">!</pc><pc resp="editor">"</pc><pc source="manuscript">,</pc> do sach <name type="person" nymRef="Martha">martha</name> umb ind wart<lb/>
<choice><abbr>bitt<am>&#795;</am>lichen</abbr><expan>bitterlichen</expan></choice> <choice><abbr>schreye&#x305;de</abbr><expan>schreyende</expan></choice> ind wranck ir hende zo <choice><abbr>same&#x305;</abbr><expan>samen</expan></choice> ind<lb/>
sprach <choice><abbr>y&#x305;ne&#x305;clichen</abbr><expan>ynnenclichen</expan></choice><pc resp="editor">:</pc> <pc resp="editor">"</pc>O <choice><abbr>my&#x305;</abbr><expan>myn</expan></choice> got ind <choice><abbr>my&#x305;</abbr><expan>myn</expan></choice> schepper<pc resp="editor">,</pc>we wail<lb/>
dat mych noch tunckt dat <choice><abbr>my&#x305;</abbr><expan>myn</expan></choice> <choice><abbr>sust<am>&#795;</am></abbr><expan>sust<ex>er</ex></expan></choice> gedeynt hat deme
</ab><pb/>
<pb edRef="#B1" facs="#B1_187v"/>
<ab>boesen geist<pc resp="editor">.</pc> nochtant bidden ich dich dattu sy anseyn<lb/>
wyls myt dynen <choice><abbr>bar&#x305;hertzichen</abbr><expan>barmhertzichen</expan></choice> ougen ind gyff ir eynen<lb/>
<choice><abbr>andere&#x305;</abbr><expan>anderen</expan></choice> <choice><abbr>sy&#x305;ne</abbr><expan>synne</expan></choice> dat sy ir leuen bessen<pc resp="editor">!</pc><pc resp="editor">"</pc> Ind myt desen beden<lb/>
bleyff <name rend="underline" type="person" nymRef="Martha">martha</name> <choice><abbr>stay&#x305;</abbr><expan>stayn</expan></choice> ind <choice><abbr>v<am>&#795;</am>leitte</abbr><expan>verleytte</expan></choice> na yrre <choice><abbr>sust<am>&#795;</am></abbr><expan>sust<ex>er</ex></expan></choice> <name rend="underline" type="person" nymRef="Mary_Magdalene">marien</name><pc resp="editor">.</pc><lb/>
Do <name rend="underline" type="person" nymRef="Mary_Magdalene"><choice><abbr>m<am>&#834;</am></abbr><expan>m<ex>aria</ex></expan>
</choice></name> quam zo yrre <choice><abbr>sust<am>&#795;</am></abbr><expan>sust<ex>er</ex></expan></choice><pc source="manuscript">,</pc> do sprach sy <name rend="underline" type="person" nymRef="Martha"><choice><abbr>marte&#x305;</abbr><expan>marten</expan></choice></name> zo ind<lb/>
vraichde sy wat sy so vroe woulde ind wat sy so vroe<lb/>
in der stat dede<pc resp="editor">.</pc> <name rend="underline" type="person" nymRef="Martha">martha</name> de h<pc source="manuscript">.</pc> <choice><abbr>ju&#x305;ffer</abbr><expan>junffer</expan></choice> antworde yr myt<lb/>
groessen <del rend="strikethrough">stat</del> oitmoidicht<pc source="manuscript">,</pc> dat sy were komen spise zo gelden<lb/>
vur eren gast<pc source="manuscript">,</pc> do en hatten de zwae neyt vyl wort<lb/>
zo samen umb des volcks wyllen dat da by <choice><abbr>stuy&#x305;t</abbr><expan>stuynt</expan></choice><pc resp="editor">.</pc> Mer<lb/>
<name rend="underline" type="person" nymRef="Mary_Magdalene"><choice><abbr>m<am>&#834;</am></abbr><expan>m<ex>aria</ex></expan>
</choice></name> sprach myt lachendem munde<pc resp="editor">:</pc><pc resp="editor">"</pc> leiff <choice><abbr>sust<am>&#795;</am></abbr><expan>sust<ex>er</ex></expan></choice><pc resp="editor">,</pc> geilt ouch<lb/>
get vur mych ich wyl zo dir komen und wylle myt dir<lb/>
essen<pc resp="editor">.</pc><pc resp="editor">"</pc> her up spricht sent <name rend="underline" type="person" nymRef="Augustine">Augustinus</name><pc source="manuscript">,</pc> dat <name rend="underline" type="person" nymRef="Mary_Magdalene"><choice><abbr>m<am>&#834;</am></abbr><expan>m<ex>aria</ex></expan>
</choice></name> <choice><abbr>by&#x305;ne&#x305;</abbr><expan>bynnen</expan></choice> <choice><abbr>alle&#x305;</abbr><expan>allen</expan></choice><lb/>
yren dagen ney bessen malzijten ass dan dese want he<lb/>
wart sy bekerrt van erem <choice><abbr>su&#x305;dlichen</abbr><expan>sundlichen</expan></choice> leven<pc resp="editor">.</pc> </ab> <ab xml:id="Mary_at_Marthas_house">Des <choice><abbr>andere&#x305;</abbr><expan>anderen</expan></choice><lb/> dachs van groessen moidicheit geynck <name rend="underline" type="person" nymRef="Mary_Magdalene"><choice><abbr>m<am>&#834;</am></abbr><expan>m<ex>aria</ex></expan>
</choice></name> alle <choice><abbr>hey&#x305;lichen</abbr><expan>heymlichen</expan></choice><lb/>
uff <name rend="underline" type="place" nymRef="Jerusalem"><choice><abbr>jhrlm&#834;</abbr><expan>jherusalem</expan></choice></name> Ind quam zo <name rend="underline" type="person" nymRef="Martha">marta</name> yrre <choice><abbr>sust<am>&#795;</am></abbr><expan>sust<ex>er</ex></expan></choice> huiss zo <name rend="underline" type="place" nymRef="Bethany">bethan<lb/>
nien</name> de sy lefflichen yntfeynck myt vroelicheit Ind<lb/>
heysch sy gayn sytzen<pc resp="editor">.</pc> Do sprach <name rend="underline" type="person" nymRef="Mary_Magdalene"><choice><abbr>m<am>&#834;</am></abbr><expan>m<ex>aria</ex></expan>
</choice></name><pc resp="editor">:</pc><pc resp="editor">"</pc>Och leve <choice><abbr>sust<am>&#795;</am></abbr><expan>sust<ex>er</ex></expan></choice><pc resp="editor">,</pc><lb/>
des is myr groess van noeden und ich behoeven is wail<lb/>
dat ich mych resten want ich han zwene <choice><abbr>gantz<am>&#795;</am></abbr><expan>gantzer</expan></choice> dage<lb/>
Ind ij naicht gesprungen ind vroelichen gewest myt<lb/>
den <choice><abbr>ju&#x305;gelyngen</abbr><expan>jungelyngen</expan></choice>jungelingen van <name rend="underline" type="place" nymRef="Jerusalem"><choice><abbr>jhrlm&#834;</abbr><expan>jherusalem</expan></choice></name> Ind en han ney so vroelich<lb/>
gewest in alle den dagen <choice><abbr>my&#x305;s</abbr><expan>myns</expan></choice> <choice><abbr>leve&#x305;s</abbr><expan>levens</expan></choice> als nu ind ich
</ab><pb/>
<pb edRef="#B1" facs="#B1_188r"/>
<ab>han de gantze stat van <name rend="underline" type="place" nymRef="Jerusalem"><choice><abbr>jhrlm&#834;</abbr><expan>jherusalem</expan></choice></name> vroelich gemaicht<pc resp="editor">.</pc><pc resp="editor">"</pc><lb/>
recht off sy sagen woulde<pc source="manuscript">,</pc> <pc resp="editor">"</pc>nu en danssen ich nimmerme<pc resp="editor">.</pc><pc resp="editor">"</pc><lb/>
<name rend="underline" type="person" nymRef="Martha">martha</name> de h <choice><abbr>ju&#x305;ffer</abbr><expan>junffer</expan></choice> antworde yrre <choice><abbr>sust<am>&#795;</am></abbr><expan>sust<ex>er</ex></expan></choice> alle <choice><abbr>vrage&#x305;de</abbr><expan>vragende</expan></choice><lb/>
ind sprach<pc resp="editor">:</pc> <pc resp="editor">"</pc>leyve <choice><abbr>sust<am>&#795;</am></abbr><expan>sust<ex>er</ex></expan></choice><pc resp="editor">,</pc> na dem dattu so vroelichen bys<lb/>
gewest<pc source="manuscript">,</pc> haistu ouch in den koenynck der alle hertzen vroe<lb/>
lichen kan machen ind der der <choice><abbr>schoy&#x305;ste</abbr><expan>schoynste</expan></choice> is <choice><abbr>bove&#x305;</abbr><expan>boven</expan></choice> allen <choice><abbr>koeny&#x305;n</abbr><expan>koenyn</expan></choice><lb/>
cken<pc resp="editor">?</pc><pc resp="editor">"</pc> Do sprach <name type="person" nymRef="Mary_Magdalene"><choice><abbr>m<am>&#834;</am></abbr><expan>m<ex>aria</ex></expan>
</choice></name> und saicht<pc source="manuscript">,</pc> <pc resp="editor">"</pc>by uns en waren <choice><abbr>gey&#x305;</abbr><expan>geyn</expan></choice> <choice><abbr>koeny&#x305;ck</abbr><expan>koenynck</expan></choice><pc resp="editor">.</pc><lb/>
wen meynstu<pc source="manuscript">,</pc> meynstu den keysen <name rend="underline" type="person" role="emperor" nymRef="Tiberius" ><choice><abbr>Tyberi<am>&#42864;</am></abbr><expan><ex>Tyberius</ex></expan></choice></name><pc resp="editor">?</pc><pc resp="editor">"</pc><name type="person" nymRef="Martha">martha</name> sprach<pc resp="editor">:</pc> <lb/>
<pc resp="editor">"</pc>ich en meynen neyt <name rend="underline" type="person" role= "emperor" nymRef="Tiberius"><choice><abbr>Tyberi<am>&#42864;</am></abbr><expan><ex>Tyberius</ex></expan></choice></name><pc source="manuscript">,</pc> der da is <choice><abbr>ey&#x305;</abbr><expan>eyn</expan></choice> <choice><abbr>koeny&#x305;ck</abbr><expan>koenynck</expan></choice> der<lb/>
<choice><abbr>my&#x305;schen</abbr><expan>mynschen</expan></choice><pc source="manuscript">,</pc> mer ich meynen den <choice><abbr>koeny&#x305;ck</abbr><expan>koenynck</expan></choice> alre <choice><abbr>koeny&#x305;ck</abbr><expan>koenynck</expan></choice><lb/>
ind <choice><abbr>rycht<am>&#795;</am></abbr><expan>rychter</expan></choice> hemelreichs ind ertriechs<pc source="manuscript">,</pc> der da ys <choice><abbr>ey&#x305;</abbr><expan>eyn</expan></choice> verloesser<lb/>
der <name type="org" subtype="religion" nymRef="Children_of_Israel"><choice><abbr>kynd<am>&#795;</am></abbr><expan>kynder</expan></choice> van<hi rend="underline"> Israhel</hi></name> ind der da an erre draigt alle <choice><abbr>schoy&#x305;</abbr><expan>schoyn</expan></choice><lb/>
heit der werelt<pc source="manuscript">,</pc> want syn vader is got und syn moder is<lb/>
<choice><abbr>ey&#x305;</abbr><expan>eyn</expan></choice> reyne <choice><abbr>ju&#x305;ffer</abbr><expan>junffer</expan></choice><pc source="manuscript">,</pc> de geboeren ys van deme koenynck<lb/>
lichen <name type="org" subtype="religion" nymRef="Tribe_of_David"><choice><abbr>stam<am>&#x305;</am>e</abbr><expan>stam<ex>m</ex>e</expan></choice> her <name rend="underline" type="person" nymRef="David">davitz</name></name><pc resp="editor">.</pc><pc resp="editor">"</pc> Do vraichde <name rend="underline" type="person" nymRef="Mary_Magdalene">maria </name> nadem<lb/>
leffhauer deser werelt ind sprach<pc resp="editor">:</pc> <pc resp="editor">"</pc>Och l. <choice><abbr>sust<am>&#795;</am></abbr><expan>sust<ex>er</ex></expan></choice><pc resp="editor">,</pc> ich byd<lb/>
den dich sage myr doch<pc source="manuscript">,</pc> wer deser schoyn  <choice><abbr>koeny&#x305;ck</abbr><expan>koenynck</expan></choice> is<lb/>
da du so groesse dynck aff spreichs<pc resp="editor">.</pc> Is he also <choice><abbr>schoy&#x305;</abbr><expan>schoyn</expan></choice><pc resp="editor">?</pc><lb/>
ich en wylle in <choice><abbr>v<am>&#795;wen</am></abbr><expan>v<ex>erwen</ex></expan></choice> myt myme gelde ind goide zo<lb/>
myr nemen zo myme leuen ind syn <choice><abbr>vru&#x305;tschaff</abbr><expan>vruntschaff</expan></choice> wyl ich<lb/>
krychen<pc resp="editor">.</pc><pc resp="editor">"</pc> Mer <name type="person" nymRef="Martha">martha</name> antworde ir<pc resp="editor">:</pc> <pc resp="editor">"</pc>leiff <choice><abbr>sust<am>&#795;</am></abbr><expan>sust<ex>er</ex></expan></choice><pc resp="editor">,</pc>den koe<lb/>
nynck den ich meynen is myn l<pc resp="editor">.</pc> here <name rend="underline" type="person" nymRef="Jesus_Christ"> <choice><abbr>Ihs &#43859;p&#771;&#42859;</abbr><expan>Ihesus Christus</expan></choice></name><pc source="manuscript">,</pc> der da is <choice><abbr>ey&#x305;</abbr><expan>eyn</expan></choice><lb/>
artzeden den selen<pc resp="editor">!</pc> <pc resp="editor">"</pc>Ind myt den worden weynde <name rend="underline" type="person" nymRef="Martha">martha</name><lb/>
dar umb dat <name rend="underline" type="person" nymRef="Mary_Magdalene">maria </name> dat neit geistlichen up en nam
</ab><pb/>
<pb edRef="#B1" facs="#B1_188v"/>
<ab>mer vleischlichen<pc resp="editor">.</pc> Als <name rend="underline" type="person" nymRef="Mary_Magdalene"><choice><abbr>m<am>&#834;</am></abbr><expan>m<ex>aria</ex></expan>
</choice></name> sach dat ir <choice><abbr>sust<am>&#795;</am></abbr><expan>sust<ex>er</ex></expan></choice> weynde<lb/>
do vraichde sy <name rend="underline" type="person" nymRef="Martha"><choice><sic>martha</sic><corr><choice><abbr>m<am>&#834;</am></abbr><expan>m<ex>aria</ex></expan>
</choice></corr></choice></name> ind sprach<pc resp="editor">:</pc> <pc resp="editor">"</pc>leue <choice><abbr>sust<am>&#795;</am></abbr><expan>sust<ex>er</ex></expan></choice><pc resp="editor">,</pc> wair umb<lb/>
weynstu allezijt als ich by dich komen is dat myn<lb/>
schoult saege it myr<pc resp="editor">?</pc> ich wylle van dir blyuen<pc resp="editor">.</pc><pc resp="editor">"</pc> Do sprach<lb/>
<name rend="underline" type="person" nymRef="Martha">martha</name><pc resp="editor">:</pc> <pc resp="editor">"</pc>Och l<pc resp="editor">.</pc> <choice><abbr>sust<am>&#795;</am></abbr><expan>sust<ex>er</ex></expan></choice> in mach ich neyt wail schreyen<lb/>
want ich hoiren alle zijt dattu dyn got geruicht<pc source="manuscript">,</pc> dat<lb/>
<choice><abbr>bess<am>&#795;</am></abbr><expan>besser</expan></choice> is dan goult ind sylver hais verloeren und dyn<lb/>
geselschaffen is neyt got und du beulecks dyn <choice><abbr>schoy&#x305;</abbr><expan>schoyn</expan></choice><lb/>
sele myt groessen swaeren <choice><abbr>su&#x305;den</abbr><expan>sunden</expan></choice> ind alle zijt moess<lb/>
ich dyn boese geruicht hoiren wa ich byn<pc resp="editor">.</pc><pc resp="editor">"</pc> <name rend="underline" type="person" nymRef="Mary_Magdalene">magdalena</name><lb/>
en <choice><abbr>kuy&#x305;t</abbr><expan>kuynt</expan></choice> sych neyt langer inthalden ind saicht myt schry<lb/>
enden ougen<pc resp="editor">:</pc> <pc resp="editor">"</pc>Och <choice><abbr>my&#x305;</abbr><expan>myn</expan></choice> l<pc resp="editor">.</pc> <choice><abbr>sust<am>&#795;</am></abbr><expan>sust<ex>er</ex></expan></choice><pc resp="editor">,</pc> alle is it dat ich <choice><abbr>my&#x305;</abbr><expan>myn</expan></choice><lb/>
got geruicht <choice><abbr>v&#519;loren</abbr><expan>verloren</expan></choice> han<pc source="manuscript">,</pc> giff myr doch <choice><abbr>eyne&#x305;</abbr><expan>eynen</expan></choice> goiden<lb/>
rayt dat ich <choice><abbr>my&#x305;</abbr><expan>myn</expan></choice> leven mach besseren ind <choice><abbr>my&#x305;</abbr><expan>myn</expan></choice> groesse<lb/>
<choice><abbr>su&#x305;den</abbr><expan>sunden</expan></choice> da ich <choice><abbr>y&#x305;ne</abbr><expan>ynne</expan></choice> byn<pc resp="editor">.</pc><pc resp="editor">"</pc> <name rend="underline" type="person" nymRef="Martha">martha</name> antworde<pc resp="editor">:</pc> <pc resp="editor">"</pc>ich en kan<lb/>
dir geynen <choice><abbr>bess&#519;n</abbr><expan>besseren</expan></choice> rayt <choice><abbr>geg<am>&#795;</am></abbr><expan>gegeben</expan></choice><pc source="manuscript">,</pc> dan beyde ind bleyff he<lb/>
by myr <choice><abbr>ey&#x305;</abbr><expan>eyn</expan></choice> kuirte wyle<pc source="manuscript">,</pc> hude off <choice><abbr>moi&#x305;</abbr><expan>moin</expan></choice> <choice><abbr>ku&#x305;pt</abbr><expan>kumpt</expan></choice> der artze der<lb/>
selen <name rend="underline" type="person" nymRef="Jesus_Christ"><choice><abbr>Ihus &#43859;p&#771;&#42859;</abbr><expan>Ihesus Christus</expan></choice></name> <choice><abbr>my&#x305;</abbr><expan>myn</expan></choice> hoichste troist ind <choice><abbr>my&#x305;</abbr><expan>myn</expan></choice> alre lieffste<lb/>
gast<pc source="manuscript">,</pc> bydde yn dat he dir affwesch dyn <choice><abbr>su&#x305;de&#x305;</abbr><expan>sunden</expan></choice> ind dat<lb/>
he dir wylle <choice><abbr>v&#519;geven</abbr><expan>vergeven</expan></choice> alle dyn <choice><abbr>su&#x305;den</abbr><expan>sunden</expan></choice><pc resp="editor">.</pc><pc resp="editor">"</pc> </ab> <ab xml:id="Jesus_enters">Do <name rend="underline" type="person" nymRef="Mary_Magdalene"><choice><abbr>m<am>&#834;</am></abbr><expan>m<ex>aria</ex></expan>
</choice></name> dese wort<lb/>
hoirte ey dat sy dar up antworde<pc source="manuscript">,</pc> sach de mayt uff de<lb/>
duyren ind sach <name rend="underline" type="person" nymRef="Jesus_Christ"><choice><abbr>Ihm&#x305;</abbr><expan>Ihesum</expan></choice></name> komen myt <choice><abbr>syne&#x305;</abbr><expan>synen</expan></choice> <choice><abbr>iu&#x305;g&#519;n</abbr><expan>iungeren</expan></choice><pc source="manuscript">,</pc> do<lb/>
sprach sy zo <name rend="underline" type="person" nymRef="Martha">martham</name><pc resp="editor">:</pc> <pc resp="editor">"</pc><choice><abbr>ju&#x305;ffer</abbr><expan>junffer</expan></choice> der <choice><abbr>he<am>&#795;</am></abbr><expan>here</expan></choice> <name type="person" nymRef="Jesus_Christ"></name> <choice><abbr>ku&#x305;pt</abbr><expan>kumpt</expan></choice><pc resp="editor">.</pc><pc resp="editor">"</pc> Do <choice><abbr>stuy&#x305;t</abbr><expan>stuynt</expan></choice>
</ab><pb/>
<pb edRef="#B1" facs="#B1_189r"/>
<ab><name rend="underline" type="person" nymRef="Martha">martha</name> up myt <choice><abbr>groijsse&#x305;</abbr><expan>groijssen</expan></choice> vroelicht ind ouch <name rend="underline" type="person" nymRef="Mary_Magdalene"><choice><abbr>m<am>&#834;</am></abbr><expan>m<ex>aria</ex></expan>
</choice></name><pc resp="editor">,</pc> ind<lb/>
<name rend="underline" type="person" nymRef="Martha">martha</name> sprach<pc resp="editor">:</pc> <pc resp="editor">"</pc><choice><abbr>my&#x305;</abbr><expan>myn</expan></choice> l<pc resp="editor">.</pc> suster<pc resp="editor">,</pc> bys nu vroelichen want he<lb/>
ys also liefflichen in synen worden dattu in allen dy<lb/>
nen dagen ney des gelichs gehoirt en hais<pc resp="editor">!</pc><pc resp="editor">"</pc> Do sprach<lb/>
<name rend="underline" type="person" nymRef="Mary_Magdalene"><choice><abbr>m<am>&#834;</am></abbr><expan>m<ex>aria</ex></expan></choice></name><pc resp="editor">:</pc> <pc resp="editor">"</pc>l. suster<pc resp="editor">,</pc> wylch is der <name type="person" nymRef="Jesus_Christ">here</name><pc resp="editor">?</pc><pc resp="editor">"</pc><pc source="manuscript">,</pc> do gaff sy ir <choice><abbr>ey&#x305;</abbr><expan>eyn</expan></choice> zeichen dat<lb/>
sy in kante vor den anderen iungeren ind do der here <name rend="underline" type="person" nymRef="Jesus_Christ"><choice><abbr>Ihu&#x305;&#42864;</abbr><expan>Ihesum</expan></choice></name><lb/>
in geynck in dat huyss<pc source="manuscript">,</pc> <choice><abbr>stuy&#x305;t</abbr><expan>stuynt</expan></choice> <name rend="underline" type="person" nymRef="Mary_Magdalene">maria </name> by der duyren ind<lb/>
schaymde sych<pc source="manuscript">,</pc> <name rend="underline" type="person" nymRef="Martha">martha</name> <choice><abbr>gey&#x305;ck</abbr><expan>geynck</expan></choice> deme <name type="person" nymRef="Jesus_Christ">heren</name> untgain ind<lb/>
myt gebouchden kneen<pc source="manuscript">,</pc> heysch sy in wylkome ind <choice><abbr>y&#x305;t</abbr><expan>ynt</expan></choice><lb/>
feynck in myt groessen eiwirdicheit<pc resp="editor"></pc> <name type="person" nymRef="Jesus_Christ">unse l<pc source="manuscript">.</pc> here</name><choice><abbr>gey&#x305;ck</abbr><expan>geynck</expan></choice><lb/>
vur <name rend="underline" type="person" nymRef="Mary_Magdalene">marien </name> hynne in dat huiss ind en sprach ir neit zo<pc resp="editor"></pc><lb/>
Do sprach <name rend="underline" type="person" nymRef="Martha">martha</name><pc resp="editor">:</pc> <pc resp="editor">"</pc><name type="person" nymRef="Jesus_Christ">l<pc resp="editor">.</pc> here</name>seyt dit is <choice><abbr>my&#x305;</abbr><expan>myn</expan></choice> <choice><abbr>sust<am>&#795;</am></abbr><expan>sust<ex>er</ex></expan></choice> <name type="person" nymRef="Mary_Magdalene"><choice><abbr>m<am>&#834;</am></abbr><expan>m<ex>aria</ex></expan>
</choice></name><pc resp="editor">"</pc><pc source="manuscript">,</pc> recht<lb/>
off sy saegen woulde<pc source="manuscript">,</pc> <pc resp="editor">"</pc>dit is dar umb ich alle zijt <choice><abbr>weyne&#x305;</abbr><expan>weynen</expan></choice><lb/>
ind schreyen dat sy also sweirlichen hat gesuntget<pc resp="editor">.</pc><lb/>
Suich sy doch an myt den ougen dynre grunderloesse<lb/>
barmhertzicht ind vergiff ir alle ir <choice><abbr>su&#x305;den</abbr><expan>sunden</expan></choice><pc resp="editor">.</pc><pc resp="editor">"</pc> Do kerrde<lb/>
sych der her umb ind sach sy an myt den ougen synre<lb/>
<choice><abbr>gru&#x305;derloessen</abbr><expan>grunderloessen</expan></choice> barmhertzicht<pc source="manuscript">,</pc> </ab> <ab xml:id="Mary_retreats"><name rend="underline" type="person" nymRef="Mary_Magdalene"><choice><abbr>m<am>&#834;</am></abbr><expan>m<ex>aria</ex></expan>
</choice></name> van groessen schempden de<lb/>
sy kreych in deme anseyn geynck sy in de slaiffka<lb/>
mer yrre <choice><abbr>sust<am>&#795;</am></abbr><expan>sust<ex>er</ex></expan></choice> ind veyl myt groessen ruwen ind<lb/>
weynen up de erde ind ir <choice><abbr>su&#x305;den</abbr><expan>sunden</expan></choice> waren ir leyt van<lb/>
gantzen hertzen ind sy ouerlaichte alle ir <choice><abbr>su&#x305;den</abbr><expan>sunden</expan></choice> de sy<lb/>
ey gedayn haite<pc resp="editor"></pc> <name rend="underline" type="person" nymRef="Martha">martha</name> bleyff staynde by deme heren
</ab><pb/>
<pb edRef="#B1" facs="#B1_189v"/>
<ab>ind sprach myt eme <choice><abbr>vru&#x305;tlichen</abbr><expan>vruntlichen</expan></choice><pc resp="editor">.</pc> in der <choice><abbr>selve&#x305;</abbr><expan>selven</expan></choice> <choice><abbr>stuy&#x305;t</abbr><expan>stuynt</expan></choice> quam<lb/>
<name type="person" nymRef="Simon" ><choice><abbr>simo&#x305;</abbr><expan>simon</expan></choice> leprosus</name> ind batte den <name type="person" nymRef="Jesus_Christ">heren</name>zo gast myt <choice><abbr>syne&#x305;</abbr><expan>synen</expan></choice><lb/>
<choice><abbr>yu&#x305;geren</abbr><expan>yungeren</expan></choice> ind do yt quam an de malzijt <choice><abbr>gey&#x305;ck</abbr><expan>geynck</expan></choice> der <name type="person" nymRef="Jesus_Christ">here</name> in<lb/>
<name rend="underline" type="person" nymRef="Simon" >symon</name> huyss </ab> <ab xml:id="Martha_encourages_Mary">ind <name rend="underline" type="person" nymRef="Martha">martha</name> <choice><abbr>gey&#x305;ck</abbr><expan>geynck</expan></choice> zo yrre <choice><abbr>sust<am>&#795;</am></abbr><expan>sust<ex>er</ex></expan></choice> ind<lb/>
saicht ir dat der <name type="person" nymRef="Jesus_Christ">here</name> e wech were<pc resp="editor">.</pc> Do sprach <name rend="underline" type="person" nymRef="Mary_Magdalene">magdalena</name><pc resp="editor">:</pc><lb/>
<pc resp="editor">"</pc>Och l<pc resp="editor">.</pc> <choice><abbr>sust<am>&#795;</am></abbr><expan>sust<ex>er</ex></expan></choice><pc resp="editor">,</pc> du hatz myr gesaicht dat der <name type="person" nymRef="Jesus_Christ">here</name> also lieff<lb/>
lichen were in syme angesicht ich sagen dir dat ich in alle<lb/>
myme leuen ney vreysslicher angesicht en han geseyn<lb/>
als myr der <name type="person" nymRef="Jesus_Christ">here</name> bewyssde do he mych ansach<pc resp="editor">.</pc> It <choice><abbr>gey&#x305;ck</abbr><expan>geynck</expan></choice><lb/>
myr durch <choice><abbr>my&#x305;</abbr><expan>myn</expan></choice> hertz<pc source="manuscript">,</pc> also dat ich bekant alle <choice><abbr>my&#x305;</abbr><expan>myn</expan></choice> <choice><abbr>su&#x305;den</abbr><expan>sunden</expan></choice><lb/>
de ich ey han gedain<pc resp="editor">.</pc><pc resp="editor">"</pc> <name rend="underline" type="person" nymRef="Martha">martha</name> sprach<pc resp="editor">:</pc> <pc resp="editor">"</pc>l<pc source="manuscript">.</pc> <choice><abbr>sust<am>&#795;</am></abbr><expan>sust<ex>er</ex></expan></choice> syt zo vreden<lb/>
ind halt uch wail, der <name type="person" nymRef="Jesus_Christ">here</name> sal uch noch <choice><abbr>v&#519;geven</abbr><expan>vergeven</expan></choice> alle ure<lb/>
<choice><abbr>su&#x305;den</abbr><expan>sunden</expan></choice> ind ich wylle gayn ind denen eme zo der tayffelen<lb/>
in <name type="person" nymRef="Simon" >symons</name> huiss da sal he essen<pc source="manuscript">,</pc> kum ouch dar<pc resp="editor">.</pc><pc resp="editor">"</pc> <name rend="underline" type="person" nymRef="Mary_Magdalene"><choice><abbr>m<am>&#834;</am></abbr><expan>m<ex>aria</ex></expan>
</choice></name> sloich<lb/>
ir angesycht zo der erden ind en antworde ir neyt </ab> <ab xml:id="Martha_in_Simons_house">ind<lb/>
<name rend="underline" type="person" nymRef="Martha">martha</name> <choice><abbr>gey&#x305;ck</abbr><expan>geynck</expan></choice> in dat huiss <name rend="underline" type="person" nymRef="Simon" >symons</name><pc source="manuscript">,</pc> deme <name type="person" nymRef="Jesus_Christ">heren</name> zo denen<pc resp="editor">.</pc><lb/>
Der <name type="person" nymRef="Jesus_Christ">here</name> vraichde ind sprach<pc resp="editor">:</pc> <pc resp="editor">"</pc><name rend="underline" type="person" nymRef="Martha">martha</name><pc resp="editor">,</pc> wa ys dyn <choice><abbr>sust<am>&#795;</am></abbr><expan>sust<ex>er</ex></expan></choice> wylt<lb/>
sy neyt ouch her komen<pc resp="editor">.</pc><pc resp="editor">"</pc> <name rend="underline" type="person" nymRef="Martha">martha</name> antworde dem <name type="person" nymRef="Jesus_Christ">heren</name><lb/>
ind sprach<pc resp="editor">:</pc> <pc resp="editor">"</pc>Och l<pc source="manuscript">.</pc> <name type="person" nymRef="Jesus_Christ">here</name><pc resp="editor">,</pc> <choice><abbr>my&#x305;</abbr><expan>myn</expan></choice> <choice><abbr>sust<am>&#795;</am></abbr><expan>sust<ex>er</ex></expan></choice> licht ind schreyt ind kloit.<lb/>
dattu sy so schrecklichen an hais geseyn<pc source="manuscript">,</pc> her umb bydden<lb/>
ich dich wanttu bys <choice><abbr>ey&#x305;</abbr><expan>eyn</expan></choice> troster alre bedroyffder hertzen<lb/>
kumpt sy her<pc source="manuscript">,</pc> sprich ir doch <choice><abbr>ey&#x305;</abbr><expan>eyn</expan></choice> goitlich wort zo<pc resp="editor">.</pc><pc resp="editor">"</pc> Der <name type="person" nymRef="Jesus_Christ">here</name><lb/>
sprach<pc resp="editor">:</pc> <pc resp="editor">"</pc><name rend="underline" type="person" nymRef="Martha">martha</name> <choice><abbr>my&#x305;</abbr><expan>myn</expan></choice> l<pc source="manuscript">.</pc> vruntynne<pc resp="editor">,</pc> ich geloeuen dir<pc source="manuscript">,</pc> kumpt
</ab><pb/>
<pb edRef="#B1" facs="#B1_190r"/>
<ab>sy her ich wylle ir <choice><abbr>vru&#x305;tlichen</abbr><expan>vruntlichen</expan></choice> zo sprechen<pc resp="editor">.</pc><pc resp="editor">"</pc> </ab> <ab xml:id="Gregory_comment">S Sanct <name type="person" nymRef="Gregory">Gre<lb/>
gorius</name> spricht als ich dencken<pc source="manuscript">,</pc> we <name rend="underline" type="person" nymRef="Mary_Magdalene">maria </name> geynck in dat<lb/>
huyss <name rend="underline" type="person" nymRef="Simon" >symons</name> ungelaeden ind ungebeden ind we dat<lb/>
sy dert ir trene ussgoiss up de voise uns <name type="person" nymRef="Jesus_Christ">heren</name> ind we sy<lb/>
myt yrme hayr de voese des <name type="person" nymRef="Jesus_Christ">heren</name> druichde so en kan<lb/>
sych <choice><abbr>my&#x305;</abbr><expan>myn</expan></choice> hertz ind ougen neyt langer inthalden van<lb/>
schreyen ind weynen<pc resp="editor">.</pc> </ab> <ab xml:id="Mary_in_Simons_house"><name rend="underline" type="person" nymRef= "Pseudo_Isidore" >Isydorus</name> spricht do der <name type="person" nymRef="Jesus_Christ"><choice><abbr>he&#519;</abbr><expan>here</expan></choice></name> woult<lb/>
gayn sytzen zo der tayffelen<pc source="manuscript">,</pc> do <choice><abbr>stuy&#x305;t</abbr><expan>stuynt</expan></choice> he eirst up synen<lb/>
gebendiden beynen ind loeffde synen h<pc source="manuscript">.</pc> vader ind geynck<lb/>
do sytzen zo der tayffelen<pc source="manuscript">,</pc> do quam <name rend="underline" type="person" nymRef="Mary_Magdalene"><choice><abbr>m<am>&#834;</am></abbr><expan>m<ex>aria</ex></expan>
</choice></name> in dat huyss van<lb/>
aichten zo ind goess deme <name type="person" nymRef="Jesus_Christ">heren</name> de wailriechende<lb/>
salff up syn houfft ind veyl vur de voese des <name type="person" nymRef="Jesus_Christ">heren</name><lb/>
ind kussde sy eme ind weynde also lange dat der here<lb/>
sprach<pc resp="editor">:</pc> <pc resp="editor">"</pc><name rend="underline" type="person" nymRef="Mary_Magdalene"><choice><abbr>m<am>&#834;</am></abbr><expan>m<ex>aria</ex></expan>
</choice></name><pc resp="editor">,</pc> dir synt alle dyn <choice><abbr>su&#x305;den</abbr><expan>sunden</expan></choice> vergeuen ganck in<lb/>
vreden<pc resp="editor">"</pc><pc source="manuscript">,</pc> <name rend="underline" type="person" nymRef="Mary_Magdalene">maria </name> <choice><abbr>stuy&#x305;t</abbr><expan>stuynt</expan></choice> up in groesser gotlichen leffden<lb/>
ind was gesunt an selen ind lijff ind sy geynck weder<lb/>
in <name rend="underline" type= "person" nymRef= "Martha"> marthen</name> yrre <choice><abbr>sust<am>&#795;</am></abbr><expan>sust<ex>er</ex></expan></choice> huyss ind veyl up de erde<lb/>
ind danckde myt <choice><abbr>weyne&#x305;den</abbr><expan>weynenden</expan></choice> ougen goede vur syn<lb/>
groesse waildeden<pc resp="editor">.</pc> </ab> <ab xml:id="VirginMary_visits"> in der seluer zijt hoirt <name rend="underline" type="person" nymRef="Virgin_Mary">maria</name> de <lb/>
moder <name type="person" nymRef="Jesus_Christ">christi</name> dat der <name rend="underline" type="person" nymRef="Jesus_Christ">here</name> ir l<pc resp="editor">.</pc> kynt was zo <name rend="underline" type="place" nymRef="Bethany">bethanien</name><pc source="manuscript">,</pc> her<lb/>
umb quam sy dar<pc source="manuscript">,</pc> zo sprechen ir leue kynt ind als sy<lb/>
vernam dat he hatte <name rend="underline" type="person" nymRef="Mary_Magdalene"><choice><abbr>marie&#x305;</abbr><expan>marien</expan></choice> magdalenen</name> <choice><abbr>v&#519;geven</abbr><expan>vergeven</expan></choice> alle<lb/>
yr <choice><abbr>su&#x305;den</abbr><expan>sunden</expan></choice><pc resp="editor">.</pc> Do <choice><abbr>gey&#x305;ck</abbr><expan>geynck</expan></choice> sy zo ir in dat huiss yrre <choice><abbr>sust<am>&#795;</am></abbr><expan>sust<ex>er</ex></expan></choice><lb/>
umb sy zo trosten zo eyme gotlichen leuen ind
</ab><pb/>
<pb edRef="#B1" facs="#B1_190v"/>
<ab>woulde sy myt ussereckden armen <choice><abbr>umbva&#x305;gen</abbr><expan>umbvangen</expan></choice><pc resp="editor">.</pc> <name rend="underline" type="person" nymRef="Mary_Magdalene"><choice><abbr>m<am>&#834;</am></abbr><expan>m<ex>aria</ex></expan>
</choice> mag<lb/>
dalena</name> sprach<pc resp="editor">:</pc> <pc resp="editor">"</pc>O du alre h<pc source="manuscript">.</pc><pc source="manuscript">,</pc> <choice><abbr>ey&#x305;</abbr><expan>eyn</expan></choice> <choice><abbr>schry&#x305;</abbr><expan>schryn</expan></choice> des hoegen gotz<pc resp="editor">,</pc><lb/>
gayt van myr want <choice><abbr>my&#x305;</abbr><expan>myn</expan></choice> <choice><abbr>su&#x305;dige</abbr><expan>sundige</expan></choice> lichamen is neyt vur<lb/>
dich an zo tasten den lycham<pc source="manuscript">,</pc> da <choice><abbr>my&#x305;</abbr><expan>myn</expan></choice> <choice><abbr>gesu&#x305;tmach&#519;</abbr><expan>gesuntmacher</expan></choice> in be<lb/>
slossen hayt gewest christo muynt<pc resp="editor">.</pc><pc resp="editor">"</pc> Do sprach <name rend="underline" type="person" nymRef="Virgin_Mary">maria</name> de moder<lb/>
<name type="person" nymRef="Jesus_Christ">gotz</name><pc resp="editor">:</pc> <pc resp="editor">"</pc>O fonteyn <choice><abbr>my&#x305;s</abbr><expan>myns</expan></choice> kyntz ind myns ich <choice><abbr>beke&#x305;ne&#x305;</abbr><expan>bekennen</expan></choice> van<lb/>
gotz wegen dattu bys reyn ann selen ind an lijff van<lb/>
allen vlecken<pc resp="editor">"</pc> ind de <name rend="underline" type="person" nymRef="Virgin_Mary">moder gotz</name> nam sy <choice><abbr>vru&#x305;tlichen</abbr><expan>vruntlichen</expan></choice> in<lb/>
ir armen ind kuyssde sy<pc resp="editor">.</pc> Do de zwae <choice><abbr>sust&#519;n</abbr><expan>susteren</expan></choice> unssen l<pc source="manuscript">.</pc><lb/>
vrauwen de myt ir komen waren ind <name rend="underline" type="person" nymRef="Martilla">marcella</name><pc source="manuscript">,</pc><lb/>
dat dese zwae <name rend="underline" type="person" nymRef="Virgin_Mary">marien</name> de moder <name type="person" nymRef="Jesus_Christ">gotz</name> ind <name rend="underline" type="person" nymRef="Mary_Magdalene"><choice><abbr>m<am>&#834;</am></abbr><expan>m<ex>aria</ex></expan>
</choice>magdalena</name><lb/>
woirden upgehauen van der erden zwae ellen hoege<lb/>
ind worden weder neder gesatte <choice><abbr>eirw&#519;decliche&#x305;</abbr><expan>eirwerdenclichen</expan></choice> up de<lb/>
erde<pc resp="editor">.</pc> </ab> <ab xml:id="Mary_rest_of_life">Dar na was <name rend="underline" type="person" nymRef="Mary_Magdalene"><choice><abbr>m<am>&#834;</am></abbr><expan>m<ex>aria</ex></expan>
</choice>magdalena</name><lb/>
alle de zijt irs <choice><abbr>leve&#x305;s</abbr><expan>levens</expan></choice><lb/>
in deme deynste gotz ind voilchde eme na ind hoirt<lb/>
syn goide lere ind was by eme zo syme doit zo ind<lb/>
na der hemel vart uns <name type="person" nymRef="Jesus_Christ">heren</name> geynck sy in de woestenye<lb/>
ind dede groesse <choice><abbr>pe&#x305;tencie</abbr><expan>pentencie</expan></choice> ind nam da <choice><abbr>gey&#x305;</abbr><expan>geyn</expan></choice> spise <choice><abbr>by&#x305;ne&#x305;</abbr><expan>bynnen</expan></choice><lb/>
alle eren leuedagen Mer<pc resp="editor">.</pc> de h<pc source="manuscript">.</pc> engel <choice><abbr>name&#x305;</abbr><expan>namen</expan></choice> sy up des<lb/>
dags zo vij mailen ind d <choice><abbr>sunge&#x305;</abbr><expan>sungen</expan></choice> ind loeffden den <name type="person" nymRef="Jesus_Christ">heren</name><lb/>
dar na als sy starff namen de h<pc source="manuscript">.</pc> <choice><abbr>e&#x305;gel</abbr><expan>engel</expan></choice> ir sele ind <choice><abbr>vorrt<am>&#795;</am></abbr><expan>vorrten</expan></choice><lb/>
sy myt groessen vrouden in dat ewige leuen<pc resp="editor">.</pc> Amen<pc resp="editor">.</pc></ab></ab>
    </body>
  </text>
</TEI>
