<?xml version="1.0" encoding="UTF-8"?>
<TEI xmlns="http://www.tei-c.org/ns/1.0">
    <teiHeader>
        <!-- (file description) contains a full bibliographic description of an electronic file   -->
        <!-- (file description) contains title, edition and publication statement as well as source description   -->
        <fileDesc>
            <!-- (title statement) groups information about the title of a work and those responsible for its content -->
            <titleStmt>
                <title>Mary Magdalene Conversion Legend</title>
                <author ref="#PseudoIsidor">Pseudo Isidor</author>
                <respStmt>
                    <name xml:id="NS">Susanne Zwierlein</name>
                    <resp>TEI encoder</resp>
                </respStmt>
            </titleStmt>
            <editionStmt>
                <edition>
                    <title>Mary Magdalene Conversion Legend - Digital Edition</title>
                    <date when="2017-08-25">August 25, 2017</date>
                </edition>
            </editionStmt>
            <!--  (publication statement) groups information concerning the publication or distribution of an electronic or other text. -->
            <publicationStmt>
                <!--  (release authority) supplies the name of a person or other agency responsible for making a work available, other than a publisher or distributor. -->
                <authority>
                    <ref target=""></ref>
                </authority>
                <availability status="free"><p>Published under <ref target=""></ref></p></availability>
            </publicationStmt>
            <sourceDesc>
                <msDesc>
                  <!-- Information taken from Kurras, Lotte: Die deutschen mittelalterlichen Handschriften, Teil 1: Die literarischen und religiösen Handschriften. Wiesbaden / Harrassowitz, 1974 -->
                    <msIdentifier>
                        <country>Germany</country>
					              <region>Berlin</region>
					              <settlement>Nürnberg</settlement>
                        <repository>Germanisches Nationalmuseum</repository>
                        <idno>Hs 8826</idno>
                    </msIdentifier>
                    <msContents>
                      <textLang mainlang="MLG" otherLangs="LG">Middle Low German, partly Low German</textLang>
                      <msItem n="1">
						            <locus>1r-8r</locus>
						            <title>Kalendar</title>
					            </msItem>
					            <msItem n="2">
						            <locus>12v</locus>
						            <title>Dis histori list man St. Reynolts abens</title>
					            </msItem>
					            <msItem n="3">
						            <locus>13ra-17vb</locus>
						            <title>Legende der Hl. Maria Magdalena</title>
						             <incipit> <locus>fol. 13ra</locus> Dit is die bekeirynge sent marien magdalena als ysiderus beschryfft
				                 </incipit>
						             <explicit> <locus>fol. 17rv</locus> Ich in sal sy myr nummerme vergeuen
							           </explicit>
						          </msItem>
					            <msItem n="4">
						            <locus>17vb/28ra</locus>
						            <title>Legende des Hl. Joseph</title>
					            </msItem>
					            <msItem n="5">
						            <locus>29ra-281ra</locus>
						            <author>Jacobus de Voragine</author>
						            <title>Legenda aurea</title>
						            <textLang mainLang="LG">Low German</textLang>
					            </msItem>
					            <msItem n="6">
						            <locus>281va-297ra</locus>
						            <title>Legende der Hl. Ida</title>
					            </msItem>
					            <msItem n="7">Inventory  <!-- of later times--> </msItem>
                    </msContents>
                    <physDesc>
                      <objectDesc form="codex">
						           <supportDesc material="paper">
							          <extent>288 fols. <dimensions scope="all" type="leaf" unit="cm">
							           <height>20</height> <width>13,5</width> </dimensions>
							          </extent>
							         </supportDesc>
							         <layoutDesc>
						              <p>double columns from fol. 13r-287r</p>
						           </layoutDesc>
                      </objectDesc>
                      <handDesc>
                        <!--provide description of hand-->
                      </handDesc>
                      <decoDesc>
                        <decoNote type="initial"></decoNote>
                      </decoDesc>
                    </physDesc>
                    <history>
                      <origin>
                       <p> written in the region of <origPlace>Niederrhein</origPlace> <origDate notAfter="1493" notBefore="1490">15th cent. (1490-93)</origDate> </p>
                      </origin>
                      <provenance>purchased by Ackermann in Munich on Nov. 26th 1885</provenance>
                    </history>
               </msDesc>
                <!-- (witness list) lists definitions for all the witnesses referred to by a critical apparatus, optionally grouped hierarchically -->
                <listWit>
                    <!-- if an apparatus is included in xml file, all witnesses should be listed - in our case this will be done through the platform  -->
                    <witness xml:id="N">N</witness>
                </listWit>
            </sourceDesc>
        </fileDesc>

        <!-- (encoding description) documents the relationship between an electronic text and the source or sources from which it was derived. -->
        <encodingDesc>
            <!-- (schema reference) describes or points to a related customization or schema file -->
            <schemaRef n="lbp-critical-1.0.0" url="https://raw.githubusercontent.com/lombardpress/lombardpress-schema/develop/src/out/critical.rng"/>
            <editorialDecl>
                <!-- (editorial practice declaration) provides details of editorial principles and practices applied during the encoding of a text. -->
                <p>Encoding of this text has followed the published guidlines on...</p>
            </editorialDecl>
        </encodingDesc>
        <!-- (revision description) summarizes the revision history for a file.  -->
        <revisionDesc status="draft">
            <!-- listChange groups a number of change descriptions (in reverse order!) associated with either the creation of a source text or the revision of an encoded text. -->
            <listChange>
                <change when="2017-08-28" status="draft" n="0.0.0"><p>Change date when editing file for the first time</p></change>
                <change when="2017-08-25" status="draft" n="0.0.0"><p>Created file for the first time.</p></change>
            </listChange>
        </revisionDesc>
</teiHeader>

    <text>
        <body>
           <pb edRef="#N" facs="#N_013r"/>
           <cb edRef="#N" facs="#N_013r_a"/>

              <lb facs="#N_013r_a_01"/>
            <ab xml:id="#N_legend_title" rend="rubr">Dit is die bekeirynge
              <lb facs="#N_013r_a_02"/>sent <name type="person" nymRef="Mary_Magdalene"><choice><orig>m</orig><reg resp="editor" type="capit">M</reg></choice>arien <choice><orig>m</orig><reg resp="editor" type="capit">M</reg></choice>agdalena</name>
              <lb facs="#N_013r_a_03"/>als <name type="person" nymRef="Pseudo_Isidore"><choice><orig>y</orig><reg resp="editor" type="capit">Y</reg></choice>siderus</name> beschryfft<pc resp="editor">.</pc>
                <app>
                  <rdg wit="B1">Dyt is dat leven der seliger Marien Magdalenen</rdg>
                  <rdg wit="B2">Hijr beghijnt de bekeringhe Sunte Marien Magdalenene</rdg>
                  <rdg wit="D">Dit is de bekeirunge sante Marien Magdalenen der viuryger vrundynnen gotz</rdg>
                  <rdg wit="K1">Her begynt die bekeirunge Sanck Maria Magdalena der helger vruntynen uns lieuen heren</rdg>
                  <rdg wit="K2">Her nach volgt eyn schoene hystori von der hilger ionfferen Maria Magdalena</rdg>
                  <rdg wit="N">Dit is die bekeirynge sent Marien Magdalena als Ysiderus beschryfft</rdg>
                  <rdg wit="S">Die bekeronge der selicher Marien Magdalenen ist geschehet, als die lerer schrybent, vff den irsten dags des mertze</rdg>
                </app>
           </ab>
              <lb facs="#N_013r_a_04"/>
            <ab xml:id="genealogy"><name type="person" nymRef="Mary_Magdalene"><hi rend="init_lombard">M</hi>Aria</name> was gebor
              <lb facs="#N_013r_a_05"/>en van eyme
              <lb facs="#N_013r_a_06"/>edelen stam ind
              <lb facs="#N_013r_a_07"/>van eyrlichen geslecht
              <lb facs="#N_013r_a_08"/>der stat van <name type="place" nymRef="Jerusalem"><choice><orig>j</orig><reg resp="editor" type="capit">J</reg></choice>herusalem</name><pc resp="editor">.</pc>
              <lb facs="#N_013r_a_09"/><choice><orig>y</orig><reg resp="editor" type="capit">Y</reg></choice>r vader heisch <name type="person" nymRef="Syrus">Cirus</name><pc resp="editor">,</pc> yr
              <lb facs="#N_013r_a_10"/>moder heisch <name type="person" nymRef="Eucharia">Enchria</name><pc resp="editor">,</pc>
              <lb facs="#N_013r_a_11"/>ind sy <choice><abbr>hatte&#x304;</abbr> <expan>hatten</expan></choice> tzwa dochter
              <lb facs="#N_013r_a_12"/>ind <choice><abbr>eyne&#x304;</abbr> <expan>eynen</expan></choice> sun<pc resp="editor">.</pc> Die eyn
              <lb facs="#N_013r_a_13"/>dochter heisch <name type="person" nymRef="Martha">Martha</name><pc resp="editor">,</pc>
              <lb facs="#N_013r_a_14"/>die ander <name type="person" nymRef="Mary_Magdalene"><choice><orig>m</orig><reg resp="editor" type="capit">M</reg></choice>aria</name><pc source="manuscript">.</pc> Der
              <lb facs="#N_013r_a_15"/>sun heisch <name type="person" nymRef="Lazarus"><choice><orig>l</orig><reg resp="editor" type="capit">L</reg></choice>asarus</name> ind
              <lb facs="#N_013r_a_16"/>was der<pc resp="editor">,</pc> den vns <name type="person" nymRef="Jesus_Christ">here</name>
              <lb facs="#N_013r_a_17"/>vperweckde van deme
              <lb facs="#N_013r_a_18"/>dode<pc><choice><orig>.</orig><reg resp="editor" type="punct">,</reg></choice></pc> <choice><orig>d</orig><reg resp="editor" type="capit">D</reg></choice>o hei veir dage in
              <lb facs="#N_013r_a_19"/>dem graue hat gewest<pc source="manuscript">.</pc>
            </ab>

              <lb facs="#N_013r_a_20"/>
            <ab xml:id="N_heritage"><choice><orig>i</orig><reg resp="editor" type="capit">I</reg></choice>nd na deme dode yrre
              <lb facs="#N_013r_a_21"/><choice><abbr>aldere&#x304;</abbr><expan>alderen</expan></choice> deilten die kynder
              <lb facs="#N_013r_a_22"/>yr vederlich erue<pc source="manuscript">.</pc> <name type="person" nymRef="Lazarus"><choice><abbr><choice><orig>l</orig><reg resp="editor" type="capit">L</reg></choice>asar&#42864;</abbr><expan><choice><orig>l</orig><reg resp="editor" type="capit">L</reg></choice>asarus</expan></choice></name>
              <lb facs="#N_013r_a_23"/>nam eyn grois deil in
              <lb facs="#N_013r_a_24"/>der stat van <name type="place" nymRef="Jerusalem"><choice><orig>i</orig><reg resp="editor" type="capit">I</reg></choice>herusalem</name>
              <lb facs="#N_013r_a_25"/>ind oiffde eme in rytter
              <lb facs="#N_013r_a_26"/>schaff<pc resp="editor">,</pc> want hei was <choice><abbr>ey&#x304;</abbr> <expan>eyn</expan></choice>
              <lb facs="#N_013r_a_27"/>rytter<pc source="manuscript">.</pc> <choice><orig>i</orig><reg resp="editor" type="capit">I</reg></choice>nd <name type="person" nymRef="Martha"><choice><orig>m</orig><reg resp="editor" type="capit">M</reg></choice>artha</name> gelo
              <lb facs="#N_013r_a_28"/>uede deme <choice><abbr>here&#x304;</abbr> <expan>heren</expan></choice> zo de<add place="above">i</add>nen
             <cb edRef="#N" facs="#N_013r_b"/>
              <lb facs="#N_013r_b_01"/>in reynicheit ind wart
              <lb facs="#N_013r_b_02"/>eyn herbergeirsche der
              <lb facs="#N_013r_b_03"/>pylgrym<pc source="manuscript">.</pc> <choice><orig>i</orig><reg resp="editor" type="capit">I</reg></choice>nd <choice><abbr>sunderliche&#x304;</abbr> <expan>sunderlichen</expan></choice>
              <lb facs="#N_013r_b_04"/>vmb eirs <choice><abbr>heilge&#x304;</abbr> <expan>heilgen</expan></choice> leuens
              <lb facs="#N_013r_b_05"/>wyllen was sy weirdich
              <lb facs="#N_013r_b_06"/>zo <choice><abbr>herberge&#x304;</abbr> <expan>herbergen</expan></choice> <name type="person" nymRef="Jesus_Christ" rend="rubr_underline"><choice><abbr>Ihm&#x305;</abbr><expan>Ihesum</expan></choice> <choice><abbr>xpm&#x305;</abbr><expan>Christum</expan></choice></name><pc resp="editor">,</pc>
              <lb facs="#N_013r_b_07"/>vnsen <choice><abbr>lieue&#x304;</abbr> <expan>lieuen</expan></choice> <choice><abbr>here&#x304;</abbr> <expan>heren</expan></choice><pc resp="editor">,</pc> ind syn
              <lb facs="#N_013r_b_08"/>lieue moder <name type="person" nymRef="Virgin_Mary"><choice><orig>m</orig><reg resp="editor" type="capit">M</reg></choice>aria</name> ind
              <lb facs="#N_013r_b_09"/>al die heilge <choice><abbr>apostele&#x304;</abbr> <expan>apostelen</expan></choice><pc source="manuscript">.</pc>
              <lb facs="#N_013r_b_10"/>Ind yr ander deil was
              <lb facs="#N_013r_b_11"/>dat stetgyn in <name type="place" nymRef="Bethany"><choice><abbr><choice><orig>b</orig><reg resp="editor" type="capit">B</reg></choice>ethanie&#x304;</abbr> <expan><choice><orig>b</orig><reg resp="editor" type="capit">B</reg></choice>ethanien</expan></choice></name><pc resp="editor">,</pc>
              <lb facs="#N_013r_b_12"/>gelegen na by <name type="place" nymRef="Jerusalem"><choice><orig>i</orig><reg resp="editor" type="capit">I</reg></choice>herusa
              <lb facs="#N_013r_b_13"/>lem</name><pc source="manuscript">.</pc> <choice><orig>i</orig><reg resp="editor" type="capit">I</reg></choice>nd wat ir ouerde
              <lb facs="#N_013r_b_14"/>van eirre renten<pc resp="editor">,</pc> dat gaff
              <lb facs="#N_013r_b_15"/>sy den <choice><abbr>arme&#x304;</abbr> <expan>armen</expan></choice> durch <name type="person" nymRef="God">gotz</name>
              <lb facs="#N_013r_b_16"/>wyllen<pc source="manuscript">.</pc> <name type="person" nymRef="Mary_Magdalene">Maria</name> nam zo
              <lb facs="#N_013r_b_17"/>eirme deil dat slos<pc resp="editor">,</pc> <choice><abbr>gehei
              <lb facs="#N_013r_b_18"/>sche&#x304;</abbr> <expan>geheischen</expan></choice> <name type="place" subtype="residence" nymRef="magdalum"><choice><orig>m</orig><reg resp="editor" type="capit">M</reg></choice>agdalum</name><pc resp="editor">,</pc> ind da
              <lb facs="#N_013r_b_19"/>van hat sy den namen
              <lb facs="#N_013r_b_20"/><choice><orig>m</orig><reg resp="editor" type="capit">M</reg></choice>agdalena aff <choice><abbr>gegeue&#x304;</abbr> <expan>gegeuen</expan></choice><pc resp="editor">.</pc>
            </ab>

              <lb facs="#N_013r_b_21"/>
            <ab xml:id="N_MaryMagdalene_mismanagement"><choice><orig>i</orig><reg resp="editor" type="capit">I</reg></choice>nd al yr goit ind <choice><abbr>rente&#x304;</abbr> <expan>renten</expan></choice>
              <lb facs="#N_013r_b_22"/>bracht sy zo <del rend="strikethrough">m</del>groissen
              <lb facs="#N_013r_b_23"/><choice><abbr>swaire&#x304;</abbr> <expan>swairen</expan></choice> sunden myt boe
              <lb facs="#N_013r_b_24"/>ser geselschaff<pc source="manuscript">.</pc> <choice><orig>i</orig><reg resp="editor" type="capit">I</reg></choice>nd die
              <lb facs="#N_013r_b_25"/>boese <choice><abbr>geiste&#x304;</abbr> <expan>geisten</expan></choice> <choice><abbr>brachte&#x304;</abbr> <expan>brachten</expan></choice> sy
              <lb facs="#N_013r_b_26"/>zo val in <choice><abbr>eire&#x304;</abbr> <expan>eiren</expan></choice> <choice><abbr>arge&#x304;</abbr> <expan>argen</expan></choice> wyl
              <lb facs="#N_013r_b_27"/>len in <choice><abbr>manche&#x304;</abbr> <expan>manchen</expan></choice> sunden<pc resp="editor">.</pc>
              <lb facs="#N_013r_b_28"/><choice><orig>z</orig><reg resp="editor" type="capit">Z</reg></choice>o deme <choice><abbr>eyrste&#x304;</abbr> <expan>eyrsten</expan></choice> mail in
             <pb edRef="#N" facs="#N_013v"/>
             <cb edRef="#N" facs="#N_013v_a"/>
              <lb facs="#N_013v_a_01"/><choice><abbr>houerdie&#x304;</abbr> <expan>houerdien</expan></choice> want sy so ho
              <lb facs="#N_013v_a_02"/>uerdich van hertzen was<pc resp="editor">,</pc>
              <lb facs="#N_013v_a_03"/>dat ir nyemant gelych
              <lb facs="#N_013v_a_04"/>in was in schoynheit<pc resp="editor">,</pc> in
              <lb facs="#N_013v_a_05"/>edelheit<pc resp="editor">,</pc> in rycheit<pc source="manuscript">.</pc> Ouch
              <lb facs="#N_013v_a_06"/>so was sy houerdich in
              <lb facs="#N_013v_a_07"/>worden ind in wercken<pc resp="editor">,</pc>
              <lb facs="#N_013v_a_08"/>myt <choice><abbr>cleydere&#x304;</abbr> <expan>cleyderen</expan></choice> ind myt
              <lb facs="#N_013v_a_09"/>ceirheit eirs lychams<pc resp="editor">.</pc>
              <lb facs="#N_013v_a_10"/>Sy was ouch girich <choice><abbr>va&#x304;</abbr> <expan>van</expan></choice>
              <lb facs="#N_013v_a_11"/><choice><abbr>tzijtliche&#x304;</abbr> <expan>tzijtlichen</expan></choice> <choice><abbr>dynge&#x304;</abbr> <expan>dyngen</expan></choice><pc resp="editor">,</pc> goit ind
              <lb facs="#N_013v_a_12"/>eir ind waillust der wer
              <lb facs="#N_013v_a_13"/>elt<pc source="manuscript">.</pc> Ouch so was sy vn
              <lb facs="#N_013v_a_14"/>kuysch in worden ind in
              <lb facs="#N_013v_a_15"/>werck ind in seden<pc><choice><orig>.</orig><reg resp="editor" type="punct">,</reg></choice></pc> also
              <lb facs="#N_013v_a_16"/>dat sy ir goede gerucht
              <lb facs="#N_013v_a_17"/>ind <choice><abbr>eire&#x304;</abbr> <expan>eiren</expan></choice> <choice><abbr>eyge&#x304;</abbr> <expan>eygen</expan></choice> <choice><abbr>name&#x304;</abbr> <expan>namen</expan></choice> ver
              <lb facs="#N_013v_a_18"/>loer<pc><choice><orig>.</orig><reg resp="editor" type="punct">,</reg></choice></pc> <!-- shows both punctuation marks!? --> ind ouch also sweir
              <lb facs="#N_013v_a_19"/>lich<pc resp="editor">,</pc> dat sy eyn offenbair
              <lb facs="#N_013v_a_20"/>sundersche wart gehei
              <lb facs="#N_013v_a_21"/><choice><abbr>sche&#x304;</abbr> <expan>geheischen</expan></choice><pc resp="editor">,</pc> als vns sait die
              <lb facs="#N_013v_a_22"/>ewangeliste Sent <name type="person" nymRef="Luke"><choice><orig>l</orig><reg resp="editor" type="capit">L</reg></choice>ucas</name><pc resp="editor">,</pc>
              <lb facs="#N_013v_a_23"/>want sy sundiget sweir
              <lb facs="#N_013v_a_24"/>liche myt yrem gesicht
              <lb facs="#N_013v_a_25"/>ind handelynge der vn
              <lb facs="#N_013v_a_26"/>gelicher personen<pc resp="editor">.</pc> Ir sus
              <lb facs="#N_013v_a_27"/>ter <name type="person" nymRef="Martha"><choice><orig>m</orig><reg resp="editor" type="capit">M</reg></choice>artha</name> clagede dat
              <lb facs="#N_013v_a_28"/>leuen irre suster der
             <cb edRef="#N" facs="#N_013v_b"/>
              <lb facs="#N_013v_b_01"/><name type="person" nymRef="Virgin_Mary">moder <name type="person" nymRef="Jesus_Christ"><choice><abbr>x&#xA751;&#x305;i</abbr><expan>Christi</expan></choice></name></name> myt schrien
              <lb facs="#N_013v_b_02"/>den <choice><abbr>ouge&#x304;</abbr> <expan>ougen</expan></choice> ind bat sy<pc resp="editor">,</pc> dat
              <lb facs="#N_013v_b_03"/>sy woilde <name type="person" nymRef="Jesus_Christ"><choice><abbr>x&#xA751;m&#x305;</abbr><expan>Christum</expan></choice></name> vur sy
              <lb facs="#N_013v_b_04"/><choice><abbr>bydde&#x304;</abbr> <expan>bydden</expan></choice><pc resp="editor">.</pc>
            </ab>

            <ab xml:id="N_Martha_confronts_Mary">Die leirre <name type="person" nymRef="Pseudo_Isidore"><choice><abbr><choice><orig>y</orig><reg resp="editor" type="capit">Y</reg></choice>sidor&#42864;</abbr><expan>Ysidorus</expan></choice></name><pc resp="editor">,</pc>
              <lb facs="#N_013v_b_05"/>die dit <choice><abbr>leue&#x304;</abbr> <expan>leuen</expan></choice> beschrift in
              <lb facs="#N_013v_b_06"/>deme boich<pc resp="editor">,</pc> <choice><abbr>geheische&#x304;</abbr> <expan>geheischen</expan></choice> is
              <lb facs="#N_013v_b_07"/>dat boich van dem dode
              <lb facs="#N_013v_b_08"/>der <choice><abbr>heilge&#x304;</abbr> <expan>heilgen</expan></choice><pc><choice><orig>.</orig><reg resp="editor" type="punct">,</reg></choice></pc> <choice><orig>I</orig><reg resp="editor" type="capit">i</reg></choice>nd spricht
              <lb facs="#N_013v_b_09"/>vort alsus<pc resp="editor">,</pc> dat dese <choice><abbr>sust&#795;</abbr><expan>suster</expan></choice>
              <lb facs="#N_013v_b_10"/>en <choice><abbr>quame&#x304;</abbr> <expan>quamen</expan></choice> zo <choice><abbr>same&#x304;</abbr> <expan>samen</expan></choice> zo <choice><orig>b</orig><reg resp="editor" type="capit">B</reg></choice>e
              <lb facs="#N_013v_b_11"/>tanien<pc resp="editor">,</pc> <del rend="strikethrough_rubr" reason="augensprung">zo sc</del> ind <name type="person" nymRef="Mary_Magdalene"><choice><orig>m</orig><reg resp="editor" type="capit">M</reg></choice>aria
              <lb facs="#N_013v_b_12"/><choice><orig>m</orig><reg resp="editor" type="capit">M</reg></choice>agdalena</name> geynck <choice><abbr>sytze&#x304;</abbr> <expan>sytzen</expan></choice>
              <lb facs="#N_013v_b_13"/>vur eyn speigel ind vlech<choice><orig>e</orig><corr resp="scribe" type="adapted_overwritten">d</corr></choice>e
              <lb facs="#N_013v_b_14"/>ir schoyn hair ind tzeirde
              <lb facs="#N_013v_b_15"/><choice><abbr>ire&#x304;</abbr> <expan>iren</expan></choice> lycham<pc resp="editor">.</pc> <choice><orig>d</orig><reg resp="editor" type="capit">D</reg></choice>o sprach ir
              <lb facs="#N_013v_b_16"/><name type="person" nymRef="Martha"><choice><orig>m</orig><reg resp="editor" type="capit">M</reg></choice>artha</name><pc resp="editor">,</pc> ir suster<pc resp="editor">,</pc> zo myt
              <lb facs="#N_013v_b_17"/>cleglicher <choice><abbr>stym&#x304;en</abbr> <expan>stymmen</expan></choice><pc resp="editor">: "</pc><choice><orig>a</orig><reg resp="editor" type="capit">A</reg></choice>lsus<pc resp="editor">,</pc>
              <lb facs="#N_013v_b_18"/>lieue suster<pc resp="editor">,</pc> we zeirs du
              <lb facs="#N_013v_b_19"/><choice><abbr>dyne&#x304;</abbr> <expan>dynen</expan></choice> lycham also seir na
              <lb facs="#N_013v_b_20"/>deme vleische<pc><choice><orig>.</orig><reg resp="editor" type="punct">?</reg></choice></pc> <choice><orig>i</orig><reg resp="editor" type="capit">I</reg></choice>nd dyn <choice><abbr>schoy&#x304;</abbr> <expan>schoyn</expan></choice>
              <lb facs="#N_013v_b_21"/>sele<pc resp="editor">,</pc> die <choice><abbr>geschaffe&#x304;</abbr> <expan>geschaffen</expan></choice> is na
              <lb facs="#N_013v_b_22"/>deme bylde <name type="person" nymRef="God">gotz</name><pc resp="editor">,</pc> bevleck
              <lb facs="#N_013v_b_23"/>stu myt <choice><abbr>dyne&#x304;</abbr> <expan>dynen</expan></choice> <choice><abbr>sunde&#x304;</abbr> <expan>sunden</expan></choice><pc source="manuscript">.</pc> Ich
              <lb facs="#N_013v_b_24"/><choice><abbr>bydde&#x304;</abbr> <expan>bydden</expan></choice> dich<pc resp="editor">,</pc> lieue suster<pc resp="editor">,</pc>
              <lb facs="#N_013v_b_25"/>gedenck dat dyn lycham
              <lb facs="#N_013v_b_26"/>hait die schoynheit van
              <lb facs="#N_013v_b_27"/>der <choice><abbr>sele&#x304;</abbr> <expan>selen</expan></choice><pc source="manuscript">.</pc> <choice><orig>i</orig><reg resp="editor" type="capit">I</reg></choice>nd gedenck<pc resp="editor">,</pc> dat
              <lb facs="#N_013v_b_28"/>dyn schoyn lycham<pc resp="editor">,</pc> dattu
             <pb edRef="#N" facs="#N_014r"/>
             <cb edRef="#N" facs="#N_014r_a"/>
              <lb facs="#N_014r_a_01"/>tzeirs myt goulde ind myt
              <lb facs="#N_014r_a_02"/>syluer<pc resp="editor">,</pc> sal werden eyn spij
              <lb facs="#N_014r_a_03"/>se der worme<pc resp="editor">."</pc> Do antwor
              <lb facs="#N_014r_a_04"/>de <name type="person" nymRef="Mary_Magdalene"><choice><orig>m</orig><reg resp="editor" type="capit">M</reg></choice>aria</name> ind sprach<pc resp="editor">: "</pc><choice><orig>m</orig><reg resp="editor" type="capit">M</reg></choice>yn
              <lb facs="#N_014r_a_05"/><choice><abbr>vsserkore&#x304;</abbr> <expan>vsserkoren</expan></choice> lieue suster<pc resp="editor">,</pc> na
              <lb facs="#N_014r_a_06"/>deme dat ich also schoyn <choice><abbr>by&#x304;</abbr> <expan>byn</expan></choice>
              <lb facs="#N_014r_a_07"/>van <choice><abbr>lycha&#x304;</abbr> <expan>lycham</expan></choice> ind in rijcheit
              <lb facs="#N_014r_a_08"/>deser werelt<pc resp="editor">,</pc> so <choice><abbr>bydde&#x304;</abbr> <expan>bydden</expan></choice> ich
              <lb facs="#N_014r_a_09"/>dich<pc resp="editor">,</pc> bys zo vreden ind lais
              <lb facs="#N_014r_a_10"/>mych myn goit <choice><abbr>vertzere&#x304;</abbr> <expan>vertzeren</expan></choice>
              <lb facs="#N_014r_a_11"/>myt <choice><abbr>leiffhauere&#x304;</abbr> <expan>leiffhaueren</expan></choice> deser wer
              <lb facs="#N_014r_a_12"/>elt<pc resp="editor">,</pc> ind lais vns nu vroe
              <lb facs="#N_014r_a_13"/>lich syn zo <choice><abbr>same&#x304;</abbr> <expan>samen</expan></choice><pc resp="editor">,</pc> wer weis
              <lb facs="#N_014r_a_14"/>we lange<pc resp="editor">."</pc> Des <choice><abbr>andere&#x304;</abbr> <expan>anderen</expan></choice> da
              <lb facs="#N_014r_a_15"/>ges zoich <name type="person" nymRef="Mary_Magdalene"><choice><orig>m</orig><reg resp="editor" type="capit">M</reg></choice>aria</name> zo huys<pc resp="editor">,</pc>
              <lb facs="#N_014r_a_16"/>ind <name type="person" nymRef="Martha"><choice><orig>m</orig><reg resp="editor" type="capit">M</reg></choice>artha</name> schree ind <choice><abbr>wey&#x304;</abbr> <expan>weyn</expan></choice>
              <lb facs="#N_014r_a_17"/>de<pc resp="editor">,</pc> dat ir suster so w<add place="above">e</add>ilde
              <lb facs="#N_014r_a_18"/>was<pc source="manuscript">.</pc>
            </ab>

            <ab xml:id="MaryMagdalene_lovers"><choice><orig>d</orig><reg resp="editor" type="capit">D</reg></choice>ar na<pc resp="editor">,</pc> ouer <choice><abbr>tzwey&#x304;</abbr> <expan>tzweyn</expan></choice>
              <lb facs="#N_014r_a_19"/>maende<pc resp="editor">,</pc> <choice><abbr>hatte&#x304;</abbr> <expan>hatten</expan></choice> die joncker
              <lb facs="#N_014r_a_20"/>en van <name type="place" nymRef="Jerusalem"><choice><orig>j</orig><reg resp="editor" type="capit">J</reg></choice>herusalem</name> <choice><abbr>eyne&#x304;</abbr> <expan>eynen</expan></choice>
              <lb facs="#N_014r_a_21"/>hoff ind eyn vroelicheit.
              <lb facs="#N_014r_a_22"/><choice><orig>d</orig><reg resp="editor" type="capit">D</reg></choice>a wart zo gebeden <name type="person" nymRef="Mary_Magdalene"><choice><orig>m</orig><reg resp="editor" type="capit">M</reg></choice>aria
              <lb facs="#N_014r_a_23"/><choice><orig>m</orig><reg resp="editor" type="capit">M</reg></choice>agdalena</name><pc source="manuscript">.</pc> <choice><orig>d</orig><reg resp="editor" type="capit">D</reg></choice>ar <choice><abbr>qua&#x304;</abbr> <expan>quam</expan></choice> sy
              <lb facs="#N_014r_a_24"/>myt groisser costlicheit <choice><abbr>i&#x304;d</abbr> <expan>ind</expan></choice>
              <lb facs="#N_014r_a_25"/><del rend="strikethrough_rubr">s</del>zeirheit irs lychams als
              <lb facs="#N_014r_a_26"/>eyne leyffhauerse deser
              <lb facs="#N_014r_a_27"/>werelt<pc><choice><orig>.</orig><reg resp="editor" type="punct">,</reg></choice></pc> ind spranck ind
              <lb facs="#N_014r_a_28"/>dansde tzweyn dage ind
             <cb edRef="#N" facs="#N_014r_b"/>
              <lb facs="#N_014r_b_01"/>tzwa nacht<pc resp="editor">,</pc> so dat sy nau
              <lb facs="#N_014r_b_02"/>spijse <choice><abbr>neme&#x304;</abbr> <expan>nemen</expan></choice> mochte <choice><abbr>va&#x304;</abbr> <expan>van</expan></choice>
              <lb facs="#N_014r_b_03"/>vroelicheiden<pc source="manuscript">.</pc>
            </ab>

            <ab xml:id="market_scene"> In deser
              <lb facs="#N_014r_b_04"/>seluer tzijt vernam <name type="person" nymRef="Martha"><choice><orig>m</orig><reg resp="editor" type="capit">M</reg></choice>ar
              <lb facs="#N_014r_b_05"/>tha</name><pc resp="editor">,</pc> ir suster<pc resp="editor">,</pc> zijdynge<pc resp="editor">,</pc> dat
              <lb facs="#N_014r_b_06"/>der here <name type="person" nymRef="Jesus_Christ" rend="rubr_underline"><choice><abbr>Ihu&#x305;s</abbr><expan>Ihesus</expan></choice></name> was in deme
              <lb facs="#N_014r_b_07"/><name type="place" nymRef="Galilee">galileeschen lande</name> ind <choice><abbr>ko
              <lb facs="#N_014r_b_08"/>me&#x304;</abbr> <expan>komen</expan></choice> woulde zo ir zo <name type="place" nymRef="Bethany"><choice><orig>b</orig><reg resp="editor" type="capit">B</reg></choice>etany
              <lb facs="#N_014r_b_09"/>en</name><pc source="manuscript">.</pc> <choice><orig>d</orig><reg resp="editor" type="capit">D</reg></choice>o geynck <name type="person" nymRef="Martha"><choice><orig>m</orig><reg resp="editor" type="capit">M</reg></choice>artha</name> ind
              <lb facs="#N_014r_b_10"/><name type="person" nymRef="Martilla"><choice><orig>m</orig><reg resp="editor" type="capit">M</reg></choice>arcelle</name><pc resp="editor">,</pc> die <name type="person" nymRef="Martha"><choice><orig>m</orig><reg resp="editor" type="capit">M</reg></choice>arthen</name> ma
              <lb facs="#N_014r_b_11"/>get was<pc resp="editor">,</pc> des morgens
              <lb facs="#N_014r_b_12"/>vroe in die stat van <name type="place" nymRef="Jerusalem"><choice><abbr><choice><orig>j</orig><reg resp="editor" type="capit">J</reg></choice>heru
              <lb facs="#N_014r_b_13"/>sale&#x304;</abbr> <expan><choice><orig>j</orig><reg resp="editor" type="capit">J</reg></choice>herusalem</expan></choice></name><pc resp="editor">,</pc> zo gelden spijse vur
              <lb facs="#N_014r_b_14"/>den <choice><abbr>here&#x304;</abbr> <expan>heren</expan></choice><pc resp="editor">.</pc> als <name type="person" nymRef="Martha"><choice><orig>m</orig><reg resp="editor" type="capit">M</reg></choice>artha</name> <choice><abbr>gey&#x304;ck</abbr> <expan>geynck</expan></choice>
              <lb facs="#N_014r_b_15"/>ouer den mart<pc resp="editor">,</pc> so <choice><abbr>quame&#x304;</abbr> <expan>quamen</expan></choice> <choice><abbr>va&#x304;</abbr> <expan>van</expan></choice> deme
              <lb facs="#N_014r_b_16"/>raithuys myt pijffen ind
              <lb facs="#N_014r_b_17"/>myt <choice><abbr>basu&#x304;nen</abbr> <expan>basunnen</expan></choice> <name type="person" nymRef="Mary_Magdalene"><choice><orig>m</orig><reg resp="editor" type="capit">M</reg></choice>aria <choice><orig>m</orig><reg resp="editor" type="capit">M</reg></choice>ag
              <lb facs="#N_014r_b_18"/>dalena</name> vur in deme reye
              <lb facs="#N_014r_b_19"/>myt <choice><abbr>houerdie&#x304;</abbr> <expan>houerdien</expan></choice><pc source="manuscript">.</pc> dit sach <name type="person" nymRef="Martilla"><choice><orig>m</orig><reg resp="editor" type="capit">M</reg></choice>ar
              <lb facs="#N_014r_b_20"/>cella</name><pc><choice><orig>.</orig><reg resp="editor" type="punct">,</reg></choice></pc> dat <name type="person" nymRef="Mary_Magdalene"><choice><orig>m</orig><reg resp="editor" type="capit">M</reg></choice>aria</name> geleit
              <lb facs="#N_014r_b_21"/>wart myt groiser eiren
              <lb facs="#N_014r_b_22"/>ind vroelicheit<pc source="manuscript">.</pc> <choice><orig>d</orig><reg resp="editor" type="capit">D</reg></choice>o sacht sy
              <lb facs="#N_014r_b_23"/>zo irre <choice><abbr>vrauwe&#x304;</abbr> <expan>vrauwen</expan></choice><name type="person" nymRef="Martha"> <choice><abbr><choice><orig>m</orig><reg resp="editor" type="capit">M</reg></choice>arthe&#x304;</abbr> <expan><choice><orig>m</orig><reg resp="editor" type="capit">M</reg></choice>arthen</expan></choice></name><pc resp="editor">: "</pc>
              <lb facs="#N_014r_b_24"/><choice><abbr>jonffrauwe&#x304;</abbr> <expan>jonffrauwen</expan></choice><pc resp="editor">,</pc> seit<pc resp="editor">,</pc> vr suster<pc resp="editor">!"</pc>
              <lb facs="#N_014r_b_25"/><choice><orig>d</orig><reg resp="editor" type="capit">D</reg></choice>o sach <name type="person" nymRef="Martha"><choice><orig>m</orig><reg resp="editor" type="capit">M</reg></choice>artha</name> vmb ind
              <lb facs="#N_014r_b_26"/>wart <choice><abbr>bytterliche&#x304;</abbr> <expan>bytterlichen</expan></choice> <choice><abbr>schreye&#x304;</abbr> <expan>schreyen</expan></choice>
              <lb facs="#N_014r_b_27"/>ind sprach<del rend="crossed_out_rubr"><choice><abbr>e&#x304;</abbr><expan>en</expan></choice></del> <choice><abbr>ynnycliche&#x304;</abbr> <expan>ynnyclichen</expan></choice><pc resp="editor">: "</pc><choice><orig>o</orig><reg resp="editor" type="capit">O</reg></choice>ch
              <lb facs="#N_014r_b_28"/>myn <name type="person" nymRef="God">got</name> ind myn schepper<pc resp="editor">,</pc>
             <pb edRef="#N" facs="#N_014v"/>
             <cb edRef="#N" facs="#N_014v_a"/>
              <lb facs="#N_014v_a_01"/>we wail mych doch <choice><abbr>du&#x304;ckt</abbr> <expan>dunckt</expan></choice><pc resp="editor">,</pc>
              <lb facs="#N_014v_a_02"/>dat myn suster hait <choice><abbr>de&#x304;</abbr> <expan>den</expan></choice>
              <lb facs="#N_014v_a_03"/>boesen geist<pc resp="editor">.</pc> <choice><orig>n</orig><reg resp="editor" type="capit">N</reg></choice>ochtant byd
              <lb facs="#N_014v_a_04"/>den ich dich<pc resp="editor">,</pc> dattu sy an
              <lb facs="#N_014v_a_05"/>seyn wyls myt <choice><abbr>dyne&#x304;</abbr> <expan>dynen</expan></choice> <choice><abbr>bar&#x304;
              <lb facs="#N_014v_a_06"/>hertzichen</abbr> <expan>barmhertzichen</expan></choice> ougen<pc source="manuscript">.</pc> <choice><orig>i</orig><reg resp="editor" type="capit">I</reg></choice>nd gyff
              <lb facs="#N_014v_a_07"/>ir <choice><abbr>eyne&#x304;</abbr> <expan>eynen</expan></choice> <choice><abbr>andere&#x304;</abbr> <expan>anderen</expan></choice> syn<pc resp="editor">,</pc> dat
              <lb facs="#N_014v_a_08"/>sy besser ir leue<pc source="manuscript">.</pc><pc resp="editor">"</pc> <damage agent="damage results from runny ink" degree="still legible">En</damage> myt
              <lb facs="#N_014v_a_09"/>deser bedynge blyff <name type="person" nymRef="Martha"><choice><orig>m</orig><reg resp="editor" type="capit">M</reg></choice>ar
              <lb facs="#N_014v_a_10"/>tha</name> stayn ind beite na ir
              <lb facs="#N_014v_a_11"/>re suster <name type="person" nymRef="Mary_Magdalene"><choice><orig>m</orig><reg resp="editor" type="capit">M</reg></choice>aria</name><pc resp="editor">.</pc> do <name type="person" nymRef="Mary_Magdalene"><choice><orig>m</orig><reg resp="editor" type="capit">M</reg></choice>a
              <lb facs="#N_014v_a_12"/>ria</name> nairre <choice><abbr>qua&#x304;</abbr> <expan>quam</expan></choice> zo irre
              <lb facs="#N_014v_a_13"/>suster<pc resp="editor">,</pc> do sprach sy <choice><abbr><choice><orig>m</orig><reg resp="editor" type="capit">M</reg></choice>ar
              <lb facs="#N_014v_a_14"/>the&#x304;</abbr> <expan><choice><orig>m</orig><reg resp="editor" type="capit">M</reg></choice>arthen</expan></choice> zo ind wragde ir<pc resp="editor">,</pc> wat
              <lb facs="#N_014v_a_15"/>dat sy so vroe in der stat <metamark function="addition"><add place="lmargin">dede</add></metamark><pc resp="editor">.</pc>
              <lb facs="#N_014v_a_16"/><name type="person" nymRef="Martha"><choice><orig>m</orig><reg resp="editor" type="capit">M</reg></choice>artha</name><pc resp="editor">,</pc> die heige jonf
              <lb facs="#N_014v_a_17"/>fer<pc resp="editor">,</pc> myt groisser oitmoit
              <lb facs="#N_014v_a_18"/>dicheit antworde sy ir<pc resp="editor">,</pc>
              <lb facs="#N_014v_a_19"/>dat sy weir <choice><abbr>gecome&#x304;</abbr> <expan>gecomen</expan></choice> zo
              <lb facs="#N_014v_a_20"/>gelden spijse <choice><abbr>irre&#x304;</abbr> <expan>irren</expan></choice> <choice><abbr>geste&#x304;</abbr> <expan>gesten</expan></choice><pc source="manuscript">.</pc>
              <lb facs="#N_014v_a_21"/><choice><orig>d</orig><reg resp="editor" type="capit">D</reg></choice>o in hatte die susteren
              <lb facs="#N_014v_a_22"/>neit vijl worde zo <choice><abbr>same&#x304;</abbr> <expan>samen</expan></choice>
              <lb facs="#N_014v_a_23"/>vmb des volcks wyllen<pc resp="editor">,</pc>
              <lb facs="#N_014v_a_24"/>dat da by stoynt<pc source="manuscript">.</pc> <choice><orig>m</orig><reg resp="editor" type="capit">M</reg></choice>er
              <lb facs="#N_014v_a_25"/><name type="person" nymRef="Mary_Magdalene"><choice><orig>m</orig><reg resp="editor" type="capit">M</reg></choice>aria</name> sprach myt <choice><abbr>eyne&#x304;</abbr> <expan>eynen</expan></choice>
              <lb facs="#N_014v_a_26"/><choice><abbr>lachende&#x304;</abbr> <expan>lachenden</expan></choice> monde<pc><choice><orig>.</orig><reg resp="editor" type="punct">: "</reg></choice></pc><choice><orig>s</orig><reg resp="editor" type="capit">S</reg></choice>uster<pc resp="editor">,</pc>
              <lb facs="#N_014v_a_27"/>lieue<pc resp="editor">,</pc> gylt ouch wat vur
              <lb facs="#N_014v_a_28"/>mych<pc resp="editor">,</pc> ich wyl zo dir <choice><abbr>come&#x304;</abbr> <expan>comen</expan></choice>
             <cb edRef="#N" facs="#N_014v_b"/>
              <lb facs="#N_014v_b_01"/>ind myt dir essen<pc source="manuscript">.</pc><pc resp="editor">"</pc> Hie aff
              <lb facs="#N_014v_b_02"/>spricht der heilge leirre <choice><orig>s</orig><reg resp="editor" type="capit">S</reg></choice>ent
              <lb facs="#N_014v_b_03"/><name type="person" nymRef="Augustine"><choice><abbr>Augustyn&#42864;</abbr><expan>Augustynus</expan></choice></name><pc><choice><orig>.</orig><reg resp="editor" type="punct">,</reg></choice></pc> dat <name type="person" nymRef="Mary_Magdalene"><choice><orig>m</orig><reg resp="editor" type="capit">M</reg></choice>aria</name> <choice><abbr>by&#x304;
              <lb facs="#N_014v_b_04"/>ne&#x304;</abbr> <expan>bynnen</expan></choice> al <choice><abbr>ire&#x304;</abbr> <expan>iren</expan></choice> <choice><abbr>leue&#x304;</abbr> <expan>leuen</expan></choice> nye besser
              <lb facs="#N_014v_b_05"/>mailtzijt in as<pc resp="editor">,</pc> dan dese<pc resp="editor">,</pc>
              <lb facs="#N_014v_b_06"/>want hie wart sy bekeirt
              <lb facs="#N_014v_b_07"/>van <choice><abbr>ire&#x304;</abbr> <expan>iren</expan></choice> <choice><abbr>sundige&#x304;</abbr> <expan>sundigen</expan></choice> <choice><abbr>leue&#x304;</abbr> <expan>leuen</expan></choice><pc source="manuscript">.</pc>
            </ab>

            <ab xml:id="Mary_at_Marthas_house"> Des
              <lb facs="#N_014v_b_08"/><choice><abbr>andere&#x304;</abbr> <expan>anderen</expan></choice> dages van grois
              <lb facs="#N_014v_b_09"/>ser moidicheit <choice><abbr>wege&#x304;</abbr> <expan>wegen</expan></choice> <choice><abbr>gey&#x304;ck</abbr> <expan>geynck</expan></choice>
              <lb facs="#N_014v_b_10"/><name type="person" nymRef="Mary_Magdalene"><choice><orig>m</orig><reg resp="editor" type="capit">M</reg></choice>aria</name> al <choice><abbr>heymliche&#x304;</abbr> <expan>heymlichen</expan></choice> ws
              <lb facs="#N_014v_b_11"/><name type="place" nymRef="Jerusalem"><choice><abbr>ihrlm&#x305;</abbr><expan>Iherusalem</expan></choice></name> ind <choice><abbr>qua&#x304;</abbr> <expan>quam</expan></choice> zo <name type="person" nymRef="Martha"><choice><abbr><choice><orig>m</orig><reg resp="editor" type="capit">M</reg></choice>arthe&#x304;</abbr> <expan><choice><orig>m</orig><reg resp="editor" type="capit">M</reg></choice>arthen</expan></choice></name>
              <lb facs="#N_014v_b_12"/>huys<pc resp="editor">,</pc> irre suster zo <name type="place" nymRef="Bethany"><choice><orig>b</orig><reg resp="editor" type="capit">B</reg></choice>ethani
              <lb facs="#N_014v_b_13"/>en</name><pc resp="editor">,</pc> die sy <choice><abbr>leyffliche&#x304;</abbr> <expan>leyfflichen</expan></choice> intfeynck
              <lb facs="#N_014v_b_14"/>myt vroelicheit ind heisch
              <lb facs="#N_014v_b_15"/>sy <choice><abbr>sytze&#x304;</abbr> <expan>sytzen</expan></choice> gayn<pc source="manuscript">.</pc> <choice><orig>d</orig><reg resp="editor" type="capit">D</reg></choice>o sprach sy<pc resp="editor">:
              <lb facs="#N_014v_b_16"/>"</pc><choice><orig>o</orig><reg resp="editor" type="capit">O</reg></choice>ch suster<pc resp="editor">,</pc> des is myr groi
              <lb facs="#N_014v_b_17"/>se noit<pc resp="editor">.</pc> <choice><orig>i</orig><reg resp="editor" type="capit">I</reg></choice>ch <choice><abbr>behoyue&#x304;</abbr> <expan>behoyuen</expan></choice> wail<pc resp="editor">,</pc>
              <lb facs="#N_014v_b_18"/>dat ich resten<pc resp="editor">,</pc> want ich
              <lb facs="#N_014v_b_19"/>tzweyn dage ind nacht ge
              <lb facs="#N_014v_b_20"/>danst ind <choice><abbr>gespronge&#x304;</abbr> <expan>gesprongen</expan></choice> <choice><abbr>hay&#x304;</abbr> <expan>hayn</expan></choice>
              <lb facs="#N_014v_b_21"/>ind vroelich gewest myt
              <lb facs="#N_014v_b_22"/>den <choice><abbr>jonckhere&#x304;</abbr> <expan>jonckheren</expan></choice> van <name type="place" nymRef="Jerusalem"><choice><orig>i</orig><reg resp="editor" type="capit">I</reg></choice>heru
              <lb facs="#N_014v_b_23"/>salem</name><pc resp="editor">.</pc> <choice><orig>i</orig><reg resp="editor" type="capit">I</reg></choice>nd ich in hayn alle
              <lb facs="#N_014v_b_24"/>myn leuedage vp eyn tzijt
              <lb facs="#N_014v_b_25"/><del rend="strikethrough_rubr" reason="omission_of_word">so v</del> nye so vroelich gewest
              <lb facs="#N_014v_b_26"/>als nu<pc source="manuscript">.</pc> <choice><orig>i</orig><reg resp="editor" type="capit">I</reg></choice>nd ich hayn die
              <lb facs="#N_014v_b_27"/>gantze stat <choice><abbr>va&#x304;</abbr> <expan>van</expan></choice> <name type="place" nymRef="Jerusalem"><choice><abbr>iherusale&#x304;</abbr> <expan><choice><orig>i</orig><reg resp="editor" type="capit">I</reg></choice>herusalem</expan></choice></name>
              <lb facs="#N_014v_b_28"/>vroelich gemacht<pc><choice><orig>.</orig><reg resp="editor">",</reg></choice></pc> recht
             <pb edRef="#N" facs="#N_015r"/>
             <cb edRef="#N" facs="#N_015r_a"/>
              <lb facs="#N_015r_a_01"/>off sy <choice><abbr>sage&#x304;</abbr> <expan>sagen</expan></choice> woilde<pc resp="editor">: "</pc><choice><orig>n</orig><reg resp="editor" type="capit">N</reg></choice>u in
              <lb facs="#N_015r_a_02"/><choice><abbr>dantze&#x304;</abbr> <expan>dantzen</expan></choice> ich <choice><abbr>nu&#x304;merme</abbr> <expan>nummerme</expan></choice><pc resp="editor">."</pc> Mar
              <lb facs="#N_015r_a_03"/>tha<pc resp="editor">,</pc> die heilge jonffrauwe<pc resp="editor">,</pc>
              <lb facs="#N_015r_a_04"/>antworde irre suster ind
              <lb facs="#N_015r_a_05"/>vragde sy<pc resp="editor">: "</pc><choice><orig>l</orig><reg resp="editor" type="capit">L</reg></choice>yeue suster<pc resp="editor">,</pc> na
              <lb facs="#N_015r_a_06"/>deme dattu so rechte vroe
              <lb facs="#N_015r_a_07"/>liche nu gewest bys<pc><choice><orig>.</orig><reg resp="editor" type="punct">,</reg></choice></pc> hetz
              <lb facs="#N_015r_a_08"/>du ouch nu den konynck<pc resp="editor">,</pc>
              <lb facs="#N_015r_a_09"/>die al <choice><abbr>hertze&#x304;</abbr> <expan>hertzen</expan></choice> vroelichen
              <lb facs="#N_015r_a_10"/>machde ind de der <choice><abbr>schoy&#x304;
              <lb facs="#N_015r_a_11"/>ste</abbr> <expan>schoynste</expan></choice> is <choice><abbr>boue&#x304;</abbr> <expan>bouen</expan></choice> <choice><abbr>alle&#x304;</abbr> <expan>allen</expan></choice> konynck
              <lb facs="#N_015r_a_12"/>en<pc><choice><orig>.</orig><reg resp="editor" type="punct">?"</reg></choice></pc> <choice><orig>d</orig><reg resp="editor" type="capit">D</reg></choice>o sprach <name type="person" nymRef="Mary_Magdalene"><choice><orig>m</orig><reg resp="editor" type="capit">M</reg></choice>aria</name> ind
              <lb facs="#N_015r_a_13"/>sacht<pc resp="editor">: "</pc><choice><orig>m</orig><reg resp="editor" type="capit">M</reg></choice>yt vns in syn <choice><abbr>gey&#x304;</abbr> <expan>geyn</expan></choice>
              <lb facs="#N_015r_a_14"/>konynck<pc resp="editor">.</pc> <choice><orig>w</orig><reg resp="editor" type="capit">W</reg></choice>en meyns du<pc resp="editor">,</pc>
              <lb facs="#N_015r_a_15"/>den keyster <name type="person" nymRef="Tiberius">Tiberius</name> <del>d</del><pc resp="editor">?"</pc>
              <lb facs="#N_015r_a_16"/><name type="person" nymRef="Martha"><choice><orig>m</orig><reg resp="editor" type="capit">M</reg></choice>artha</name> sacht<pc resp="editor">: "</pc><choice><orig>i</orig><reg resp="editor" type="capit">I</reg></choice>ch <add place="above">in</add> <choice><abbr>meyne&#x304;</abbr> <expan>meynen</expan></choice>
              <lb facs="#N_015r_a_17"/>neit <name type="person" nymRef="Tiberius">Ti<del rend="strikethrough_rubr">r</del>berius</name><pc resp="editor">,</pc> de da is
              <lb facs="#N_015r_a_18"/>eyn konynck der <choice><abbr>mynsche&#x304;</abbr> <expan>mynschen</expan></choice><pc resp="editor">,</pc>
              <lb facs="#N_015r_a_19"/><choice><orig>M</orig><reg resp="editor" type="capit">m</reg></choice>er ich <choice><abbr>meyne&#x304;</abbr> <expan>meynen</expan></choice> den <name type="person" nymRef="King_of_Kings">ko
              <lb facs="#N_015r_a_20"/>nynck alre konynck</name> ind
              <lb facs="#N_015r_a_21"/>eyn rychter hemelrichs
              <lb facs="#N_015r_a_22"/>ind ertrichs ind die dar
              <lb facs="#N_015r_a_23"/>is eyn verloeser der <name type="org" subtype="religion" nymRef="Children_of_Israel">kyn
              <lb facs="#N_015r_a_24"/>der van <name type="place" nymRef="Israel"><choice><orig>j</orig><reg resp="editor" type="capit">J</reg></choice>srahel</name></name><pc resp="editor"> <del rend="strikethrough">ind die</del>,</pc>
              <lb facs="#N_015r_a_25"/>dar an eme drait al <choice><abbr>scho&#x304;
              <lb facs="#N_015r_a_26"/>heit</abbr> <expan>schonheit</expan></choice> der werelt<pc resp="editor">,</pc> want <choice><abbr>sy&#x304;</abbr> <expan>syn</expan></choice>
              <lb facs="#N_015r_a_27"/>vader is <name type="person" nymRef="God"><choice><orig>g</orig><reg resp="editor" type="capit">G</reg></choice>ot</name><pc><choice><orig>.</orig><reg resp="editor">,</reg></choice></pc> ind syn <choice><abbr>mod&#795;</abbr><expan>moder</expan></choice>
              <lb facs="#N_015r_a_28"/>eyn reyn jonffer<pc resp="editor">,</pc> de da <del rend="strikethrough_rubr">u</del>
             <cb edRef="#N" facs="#N_015r_b"/>
              <lb facs="#N_015r_b_01"/>geboren is van deme <choice><abbr>ko
              <lb facs="#N_015r_b_02"/>nynckliche&#x304;</abbr> <expan>konyncklichen</expan></choice> <name type="org" subtype="religion" nymRef="Tribe_of_David">stam her <choice><orig>d</orig><reg resp="editor" type="capit">D</reg></choice>a
              <lb facs="#N_015r_b_03"/>uytz</name><pc source="manuscript">.</pc><pc resp="editor">"</pc> <choice><orig>d</orig><reg resp="editor" type="capit">D</reg></choice>o vragde <name type="person" nymRef="Mary_Magdalene"><choice><orig>m</orig><reg resp="editor" type="capit">M</reg></choice>aria</name> <choice><abbr>va&#x304;</abbr> <expan>van</expan></choice>
              <lb facs="#N_015r_b_04"/>deme leyffhauer deser wer
              <lb facs="#N_015r_b_05"/>elt ind sacht<pc resp="editor">: "</pc><choice><orig>o</orig><reg resp="editor" type="capit">O</reg></choice>ch lieue suster<pc resp="editor">,</pc>
              <lb facs="#N_015r_b_06"/>ich <choice><abbr>bydde&#x304;</abbr> <expan>bydden</expan></choice> dych<pc resp="editor">,</pc> berycht mych<pc resp="editor">,</pc>
              <lb facs="#N_015r_b_07"/>wa is de konynck schoyn<pc resp="editor">,</pc>
              <lb facs="#N_015r_b_08"/>da <damage agent="damage results from runny ink" degree="still legible">du</damage> so grois dyn aff sprichs<pc resp="editor">?</pc>
              <lb facs="#N_015r_b_09"/><choice><orig>i</orig><reg resp="editor" type="capit">I</reg></choice>s hei also schoyn<pc resp="editor">,</pc> ich wyl
              <lb facs="#N_015r_b_10"/>in <choice><abbr>v&#x304;mer</abbr> <expan>vmmer</expan></choice> myt myme gelde
              <lb facs="#N_015r_b_11"/>ind goide zo myme lieue
              <lb facs="#N_015r_b_12"/>neme ind wyl syn <choice><abbr>vru&#x304;t
              <lb facs="#N_015r_b_13"/>schaff</abbr> <expan>vruntschaff</expan></choice> <choice><abbr>cryge&#x304;</abbr> <expan>crygen</expan></choice><pc source="manuscript">.</pc><pc resp="editor">"</pc> <name type="person" nymRef="Martha">Martha</name> ant
              <lb facs="#N_015r_b_14"/>worde<pc><choice><orig>.</orig><reg resp="editor" type="punct">: "</reg></choice></pc><choice><orig>l</orig><reg resp="editor" type="capit">L</reg></choice>ieue suster<pc resp="editor">,</pc> den
              <lb facs="#N_015r_b_15"/>konynck<pc resp="editor">,</pc> den ich <choice><abbr>meyne&#x304;</abbr> <expan>meynen</expan></choice><pc resp="editor">,</pc>
              <lb facs="#N_015r_b_16"/>is myn here <name type="person" nymRef="Jesus_Christ"><choice><abbr>jhu&#x305;s</abbr><expan>Jhesus</expan></choice> <choice><abbr>x&#xA751;&#x305;s</abbr><expan>Christus</expan></choice></name><pc resp="editor">,</pc> de
              <lb facs="#N_015r_b_17"/>da is eyn artzeter der <choice><abbr>sele&#x304;</abbr> <expan>selen</expan></choice><pc resp="editor">."</pc>
              <lb facs="#N_015r_b_18"/><choice><orig>i</orig><reg resp="editor" type="capit">I</reg></choice>nd myt den worden <choice><abbr>wey&#x304;</abbr> <expan>weyn</expan></choice>
              <lb facs="#N_015r_b_19"/>de <name type="person" nymRef="Martha"><choice><orig>m</orig><reg resp="editor" type="capit">M</reg></choice>artha</name> dar vumb<pc resp="editor">,</pc> dat
              <lb facs="#N_015r_b_20"/><name type="person" nymRef="Mary_Magdalene"><choice><orig>m</orig><reg resp="editor" type="capit">M</reg></choice>aria</name> dat neit vur in
              <lb facs="#N_015r_b_21"/>nam geistlichen mer <choice><abbr>vleis
              <lb facs="#N_015r_b_22"/>liche&#x304;</abbr> <expan>vleislichen</expan></choice><pc source="manuscript">.</pc> <choice><orig>d</orig><reg resp="editor" type="capit">D</reg></choice>o sach <name type="person" nymRef="Mary_Magdalene"><choice><orig>m</orig><reg resp="editor" type="capit">M</reg></choice>aria</name><pc resp="editor">,</pc> dat
              <lb facs="#N_015r_b_23"/><name type="person" nymRef="Martha"><choice><orig>m</orig><reg resp="editor" type="capit">M</reg></choice>artha</name> weynde<pc resp="editor">,</pc> ind vrach
              <lb facs="#N_015r_b_24"/>de ir<pc resp="editor">: "</pc><name type="person" nymRef="Martha"><choice><sic>Marthti</sic><corr>Martha</corr></choice></name> <pc resp="editor">,</pc> lieue suster<pc resp="editor">,</pc>
              <lb facs="#N_015r_b_25"/>war umb weynstu altzijt<pc resp="editor">,</pc>
              <lb facs="#N_015r_b_26"/>als ich zo dir <choice><abbr>kome&#x304;</abbr> <expan>komen</expan></choice><pc><choice><orig>.</orig><reg resp.="editor" type="punct">?</reg></choice></pc> <choice><orig>i</orig><reg resp="editor" type="capit">I</reg></choice>s dat
              <lb facs="#N_015r_b_27"/>myn schoult<pc resp="editor">?</pc> <choice><orig>d</orig><reg resp="editor" type="capit">D</reg></choice>at sage myr,
              <lb facs="#N_015r_b_28"/>ich wyl van dyr blyuen<pc resp="editor">."</pc>
             <pb edRef="#N" facs="#N_015v"/>
             <cb edRef="#N" facs="#N_015v_a"/>
              <lb facs="#N_015v_a_01"/><choice><orig>dm</orig><reg resp="editor" type="capit">D</reg></choice>o sprach <name type="person" nymRef="Martha"><choice><orig>m</orig><reg resp="editor" type="capit">M</reg></choice>artha</name><pc resp="editor"> "</pc><choice><orig>o</orig><reg resp="editor" type="capit">O</reg></choice>ch <choice><abbr>my&#x304;</abbr> <expan>myn</expan></choice>
              <lb facs="#N_015v_a_02"/>lieue suster<pc resp="editor">,</pc> in mach ich
              <lb facs="#N_015v_a_03"/>neit wail <choice><abbr>weyne&#x304;</abbr> <expan>weynen</expan></choice><pc resp="editor">,</pc> want
              <lb facs="#N_015v_a_04"/>ich <choice><abbr>hoere&#x304;</abbr> <expan>hoeren</expan></choice> altzijt<pc resp="editor">,</pc> dattu <choice><abbr>dy&#x304;</abbr> <expan>dyn</expan></choice>
              <lb facs="#N_015v_a_05"/>goide geruycht<pc resp="editor">,</pc> dat besser
              <lb facs="#N_015v_a_06"/>is dan siluer ind gult<pc resp="editor">,</pc>
              <lb facs="#N_015v_a_07"/>haistu verloren<pc resp="editor">,</pc> ind dyn
              <lb facs="#N_015v_a_08"/>geselschaff in is neit goit<pc resp="editor">,</pc>
              <lb facs="#N_015v_a_09"/>ind du bevleckest dyn <choice><abbr>scho&#x304;e</abbr> <expan>schone</expan></choice>
              <lb facs="#N_015v_a_10"/>sele myt groissen sunden<pc resp="editor">.</pc>
              <lb facs="#N_015v_a_11"/><choice><orig>i</orig><reg resp="editor" type="capit">I</reg></choice>nd altzijt mois ich dyn
              <lb facs="#N_015v_a_12"/>boese geruchte <choice><abbr>hoere&#x304;</abbr> <expan>hoeren</expan></choice><pc resp="editor">,</pc> wa
              <lb facs="#N_015v_a_13"/>ich byn<pc resp="editor">."</pc> <name type="person" nymRef="Mary_Magdalene">Magda<del rend="strikethrough_rubr">i</del>lena</name> in
              <lb facs="#N_015v_a_14"/>kunde ir neit langer nit
              <lb facs="#N_015v_a_15"/><choice><abbr>halde&#x304;</abbr> <expan>halden</expan></choice><pc resp="editor">.</pc> <choice><orig>d</orig><reg resp="editor" type="capit">D</reg></choice>o sy <name type="person" nymRef="Martha"><choice><orig>m</orig><reg resp="editor" type="capit">M</reg></choice>arthen</name> <del rend="strikethrough_rubr"><choice><abbr>sage&#x304;</abbr><expan>sagen</expan></choice></del>
              <lb facs="#N_015v_a_16"/>sach weynen<pc resp="editor">,</pc> do sprach sy
              <lb facs="#N_015v_a_17"/>myt <choice><abbr>schriende&#x304;</abbr> <expan>schrienden</expan></choice> <choice><abbr>ouge&#x304;</abbr> <expan>ougen</expan></choice><pc resp="editor">: "</pc>O <choice><abbr>my&#x304;</abbr> <expan>myn</expan></choice>
              <lb facs="#N_015v_a_18"/>lieue suster<pc resp="editor">,</pc> al ist dat ich
              <lb facs="#N_015v_a_19"/><choice><abbr>verlore&#x304;</abbr> <expan>verloren</expan></choice> haue<pc resp="editor">,</pc> myn eir <choice><abbr>in&#x304;</abbr> <expan>ind</expan></choice>
              <lb facs="#N_015v_a_20"/>myn goide gerucht<pc resp="editor">.</pc> <choice><orig>g</orig><reg resp="editor" type="capit">G</reg></choice>yff
              <lb facs="#N_015v_a_21"/>myr doch <choice><abbr>eyne&#x304;</abbr> <expan>eynen</expan></choice> goden rait<pc resp="editor">,</pc>
              <lb facs="#N_015v_a_22"/>dat ich myn <choice><abbr>leue&#x304;</abbr> <expan>leuen</expan></choice> mach
              <lb facs="#N_015v_a_23"/><choice><abbr>bessere&#x304;</abbr> <expan>besseren</expan></choice> ind myn groisse <choice><abbr>su&#x304;
              <lb facs="#N_015v_a_24"/>den</abbr> <expan>sunden</expan></choice><pc resp="editor">,</pc> da ich in byn<pc source="manuscript">.</pc><pc resp="editor">"</pc> Do ant
              <lb facs="#N_015v_a_25"/>worde <name type="person" nymRef="Martha"><choice><orig>m</orig><reg resp="editor" type="capit">M</reg></choice>artha</name><pc resp="editor">: "</pc><choice><orig>m</orig><reg resp="editor" type="capit">M</reg></choice>yn lie
              <lb facs="#N_015v_a_26"/>ue suster<pc resp="editor">,</pc> ich in kan dir
              <lb facs="#N_015v_a_27"/>neit gehelpen<pc resp="editor">,</pc> noch gey
              <lb facs="#N_015v_a_28"/>nen <choice><abbr>bessere&#x304;</abbr> <expan>besseren</expan></choice> rait <choice><abbr>gegeue&#x304;</abbr> <expan>gegeuen</expan></choice><pc resp="editor">,</pc>
             <cb edRef="#N" facs="#N_015v_b"/>
              <lb facs="#N_015v_b_01"/>dan beide ind blijff hie
              <lb facs="#N_015v_b_02"/>myt myr eyn corte wyle.
              <lb facs="#N_015v_b_03"/><del rend="strikethrough_rubr" reason="omission_of_word">off</del> <choice><orig>h</orig><reg resp="editor" type="capit">H</reg></choice>uden off morn kumpt
              <lb facs="#N_015v_b_04"/>der artzeter der selen<pc resp="editor">,</pc>
              <lb facs="#N_015v_b_05"/><name type="person" nymRef="Jesus_Christ"><choice><abbr>x&#xA751;&#x305;us</abbr><expan>Christus</expan></choice> <choice><abbr>ih&#x312;s</abbr><expan>Ihesus</expan></choice></name><pc resp="editor">,</pc> myn hoester
              <lb facs="#N_015v_b_06"/>troist ind myn alre leif
              <lb facs="#N_015v_b_07"/>ste gast<pc source="manuscript">.</pc> bydde in<pc resp="editor">,</pc> dat hei
              <lb facs="#N_015v_b_08"/>dir aff welche dyn <choice><abbr>sunde&#x304;</abbr> <expan>sunden</expan></choice><pc resp="editor">."</pc>
            </ab>

              <lb facs="#N_015v_b_09"/>
            <ab xml:id="Jesus_enters">Do <name type="person" nymRef="Mary_Magdalene"><choice><orig>m</orig><reg resp="editor" type="capit">M</reg></choice>aria</name> dese worde hor
              <lb facs="#N_015v_b_10"/>te<pc resp="editor">,</pc> ee sy antworde<pc resp="editor">,</pc> so sach
              <lb facs="#N_015v_b_11"/>die maget ws der doren
              <lb facs="#N_015v_b_12"/><del rend="strikethrough" reason="repetition">ind sach</del> ind sach<pc resp="editor">,</pc> dat <name type="person" nymRef="Jesus_Christ"><choice><abbr>ih&#x312;s</abbr><expan>Ihesus</expan></choice></name>
              <lb facs="#N_015v_b_13"/><choice><abbr>qua&#x304;</abbr> <expan>quam</expan></choice> myt <choice><abbr>syne&#x304;</abbr> <expan>synen</expan></choice> heilgen
              <lb facs="#N_015v_b_14"/><choice><abbr>iongere&#x304;</abbr> <expan>iongeren</expan></choice><pc source="manuscript">.</pc> <choice><orig>d</orig><reg resp="editor" type="capit">D</reg></choice>o sprach sy zo
              <lb facs="#N_015v_b_15"/><name type="person" nymRef="Martha"><choice><abbr>marthe&#x304;</abbr> <expan><choice><orig>m</orig><reg resp="editor" type="capit">M</reg></choice>arthen</expan></choice></name><pc resp="editor">: "</pc>Jonffrauwe<pc resp="editor">,</pc> der
              <lb facs="#N_015v_b_16"/>heren compt<pc source="manuscript">.</pc><pc resp="editor">"</pc> <choice><orig>d</orig><reg resp="editor" type="capit">D</reg></choice>o stoynt
              <lb facs="#N_015v_b_17"/><name type="person" nymRef="Martha"><choice><orig>m</orig><reg resp="editor" type="capit">M</reg></choice>artha</name> vp myt groisser
              <lb facs="#N_015v_b_18"/>vreuden<pc resp="editor">,</pc> ind ouch <name type="person" nymRef="Mary_Magdalene"><choice><orig>m</orig><reg resp="editor" type="capit">M</reg></choice>aria</name><pc resp="editor">.</pc>
              <lb facs="#N_015v_b_19"/><choice><orig>d</orig><reg resp="editor" type="capit">D</reg></choice>o sacht <name type="person" nymRef="Martha"><choice><orig>m</orig><reg resp="editor" type="capit">M</reg></choice>artha</name><pc resp="editor">: "</pc><choice><orig>m</orig><reg resp="editor" type="capit">M</reg></choice>yn lie
              <lb facs="#N_015v_b_20"/>ue suster<pc resp="editor">,</pc> bys nu vroelich<pc resp="editor">,</pc>
              <lb facs="#N_015v_b_21"/>want hei is so lustlich in
              <lb facs="#N_015v_b_22"/>synen worden<pc><choice><orig>.</orig><reg resp="editor" type="punct">,</reg></choice></pc> dattu in al
              <lb facs="#N_015v_b_23"/>dynen dagen nye syns ge
              <lb facs="#N_015v_b_24"/>lichs gehoirt in hais<pc source="manuscript">.</pc><pc resp="editor">"</pc> <choice><orig>d</orig><reg resp="editor" type="capit">D</reg></choice>o
              <lb facs="#N_015v_b_25"/>sprach <name type="person" nymRef="Mary_Magdalene"><choice><orig>m</orig><reg resp="editor" type="capit">M</reg></choice>aria</name><pc resp="editor">: "</pc><choice><orig>l</orig><reg resp="editor" type="capit">L</reg></choice>ieue suster<pc resp="editor">,</pc>
              <lb facs="#N_015v_b_26"/>wylch is der here<pc><choice><orig>.</orig><reg resp="editor" type="punct">?"</reg></choice></pc> <choice><orig>d</orig><reg resp="editor" type="capit">D</reg></choice>o gaff
              <lb facs="#N_015v_b_27"/>sy ir eyn zeichen<pc resp="editor"> <del>s.</del>,</pc> dat sy
              <lb facs="#N_015v_b_28"/>in <choice><abbr>erke&#x304;nen</abbr> <expan>erkennen</expan></choice> moicht vur
             <pb edRef="#N" facs="#N_016r"/>
             <cb edRef="#N" facs="#N_016r_a"/>
              <lb facs="#N_016r_a_01"/>den <choice><abbr>andere&#x304;</abbr> <expan>anderen</expan></choice> aposte<add place="above">le</add>n<pc source="manuscript">.</pc> Do
              <lb facs="#N_016r_a_02"/>die here <name type="person" nymRef="Jesus_Christ" rend="rubr_underline"><choice><abbr>ih&#x312;s</abbr><expan>Ihesus</expan></choice></name> in geynck in
              <lb facs="#N_016r_a_03"/>dat huys<pc source="manuscript">.</pc> <name type="person" nymRef="Mary_Magdalene"><choice><orig>m</orig><reg resp="editor" type="capit">M</reg></choice>aria</name> die <choice><abbr>stoy&#x304;t</abbr> <expan>stoynt</expan></choice>
              <lb facs="#N_016r_a_04"/>by der doren ind schamde
              <lb facs="#N_016r_a_05"/>sich<pc source="manuscript">.</pc> <name type="person" nymRef="Martha"><choice><orig>m</orig><reg resp="editor" type="capit">M</reg></choice>artha</name> geynck deme
              <lb facs="#N_016r_a_06"/><choice><abbr>here&#x304;</abbr> <expan>heren</expan></choice> intgayn myt geboig
              <lb facs="#N_016r_a_07"/>den kneyn ind heisch in
              <lb facs="#N_016r_a_08"/>wylkom ind intfeynck in
              <lb facs="#N_016r_a_09"/>myt groisser <choice><abbr>eirweirdich&#7511;</abbr><expan>eirweirdicheit</expan></choice>
              <lb facs="#N_016r_a_10"/>ind loue<pc source="manuscript">.</pc> <choice><orig>v</orig><reg resp="editor" type="capit">V</reg></choice>nse here <name type="person" nymRef="Jesus_Christ" rend="rubr_underline"><choice><abbr>ih&#x312;s</abbr><expan>Ihesus</expan></choice> <choice><abbr>xp&#x305;s</abbr><expan>Christus</expan></choice></name>
              <lb facs="#N_016r_a_11"/>geynck vur <name type="person" nymRef="Mary_Magdalene"><choice><abbr><choice><orig>m</orig><reg resp="editor" type="capit">M</reg></choice>arie&#x304;</abbr> <expan><choice><orig>m</orig><reg resp="editor" type="capit">M</reg></choice>arien</expan></choice></name> hyn in
              <lb facs="#N_016r_a_12"/>dat huys<pc><choice><orig>.</orig><reg resp="editor" type="punct">,</reg></choice></pc> ind in sprach ir
              <lb facs="#N_016r_a_13"/>neit zo<pc source="manuscript">.</pc> <choice><orig>d</orig><reg resp="editor" type="capit">D</reg></choice>o sprach <name type="person" nymRef="Martha"><choice><orig>m</orig><reg resp="editor" type="capit">M</reg></choice>artha</name>
              <lb facs="#N_016r_a_14"/>zo deme <choice><abbr>here&#x304;</abbr> <expan>heren</expan></choice><pc resp="editor">: "</pc><choice><orig>s</orig><reg resp="editor" type="capit">S</reg></choice>eit<pc resp="editor">,</pc> dit is
              <lb facs="#N_016r_a_15"/>myn suster <name type="person" nymRef="Mary_Magdalene"><choice><orig>m</orig><reg resp="editor" type="capit">M</reg></choice>aria</name><pc><choice><orig>.</orig><reg resp="editor">",</reg></choice></pc> recht
              <lb facs="#N_016r_a_16"/>off sy sagen woilde<pc><choice><orig>.</orig><reg resp="editor" type="punct">: "</reg></choice></pc><choice><orig>d</orig><reg resp="editor" type="capit">D</reg></choice>it is
              <lb facs="#N_016r_a_17"/>sy<pc resp="editor">,</pc> da ich vmb <choice><abbr>weyne&#x304;</abbr> <expan>weynen</expan></choice> ind
              <lb facs="#N_016r_a_18"/><choice><abbr>schreye&#x304;</abbr> <expan>schreyen</expan></choice><pc source="manuscript">.</pc> <choice><orig>d</orig><reg resp="editor" type="capit">D</reg></choice>it is si<pc resp="editor">,</pc> die also
              <lb facs="#N_016r_a_19"/><choice><abbr>sweirliche&#x304;</abbr> <expan>sweirlichen</expan></choice> hait gesundiget<pc resp="editor">.</pc>
              <lb facs="#N_016r_a_20"/><choice><orig>s</orig><reg resp="editor" type="capit">S</reg></choice>ich si an myt den ougen
              <lb facs="#N_016r_a_21"/>dynre barmhertzicheit
              <lb facs="#N_016r_a_22"/>ind vergyff ir al ir sunden<pc resp="editor">."</pc>
              <lb facs="#N_016r_a_23"/><choice><orig>d</orig><reg resp="editor" type="capit">D</reg></choice>o keirde sich der here vmb
              <lb facs="#N_016r_a_24"/>ind sach sy an myt den geist
              <lb facs="#N_016r_a_25"/>lichen <choice><abbr>ouge&#x304;</abbr> <expan>ougen</expan></choice> synre barm
              <lb facs="#N_016r_a_26"/>hertzicheit<pc source="manuscript">.</pc> <choice><orig>d</orig><reg resp="editor" type="capit">D</reg></choice>a hei myt an
              <lb facs="#N_016r_a_27"/>sach den heilgen apostel
              <lb facs="#N_016r_a_28"/><choice><orig>s</orig><reg resp="editor" type="capit">S</reg></choice>ent <name type="person" nymRef="Peter"><choice><orig>p</orig><reg resp="editor" type="capit">P</reg></choice>eter</name> in der tzijt<pc resp="editor">,</pc> do
             <cb edRef="#N" facs="#N_016r_b"/>
              <lb facs="#N_016r_b_01"/>hei in versacht hatte<pc source="manuscript">.</pc>
            </ab>

            <ab xml:id="Mary_retreats"> <name type="person" nymRef="Mary_Magdalene">Ma
              <lb facs="#N_016r_b_02"/>ria</name><pc resp="editor">,</pc> van groisser <choice><abbr>schemde&#x304;</abbr> <expan>schemden</expan></choice><pc resp="editor">,</pc>
              <lb facs="#N_016r_b_03"/>die sy krich in deme an
              <lb facs="#N_016r_b_04"/>seyn<pc><choice><orig>.</orig><reg resp="editor" type="punct">,</reg></choice></pc> geynck sy in die slayf
              <lb facs="#N_016r_b_05"/>kamer irre suster ind veil
              <lb facs="#N_016r_b_06"/>myt groisser <choice><abbr>weynu&#x304;gen</abbr> <expan>weynungen</expan></choice>
              <lb facs="#N_016r_b_07"/>vp de erde<pc resp="editor">,</pc> ind ir sunden
              <lb facs="#N_016r_b_08"/>berouden sy van <choice><abbr>gantze&#x304;</abbr> <expan>gantzen</expan></choice>
              <lb facs="#N_016r_b_09"/><choice><abbr>hertze&#x304;</abbr> <expan>hertzen</expan></choice><pc><choice><orig>.</orig><reg resp="editor" type="punct">,</reg></choice></pc> in dachte ir <choice><abbr>sunde&#x304;</abbr> <expan>sunden</expan></choice>
              <lb facs="#N_016r_b_10"/>ouer<pc resp="editor">,</pc> die sy gedayn hatte
              <lb facs="#N_016r_b_11"/>alle ir dage<pc source="manuscript">.</pc> <name type="person" nymRef="Martha">Martha</name> blyff
              <lb facs="#N_016r_b_12"/>myt deme <choice><abbr>here&#x304;</abbr> <expan>heren</expan></choice> stayn ind
              <lb facs="#N_016r_b_13"/>sprach myt eme <choice><abbr>vru&#x304;tliche&#x304;</abbr> <expan>vruntlichen</expan></choice><pc resp="editor">.</pc>
              <lb facs="#N_016r_b_14"/>In der seluer <choice><abbr>stu&#x304;t</abbr> <expan>stunt</expan></choice> <choice><abbr>qua&#x304;</abbr> <expan>quam</expan></choice> ouch
              <lb facs="#N_016r_b_15"/><name type="person" nymRef="Simon"><choice><orig>s</orig><reg resp="editor" type="capit">S</reg></choice>ymon</name> <choice><orig>l</orig><reg resp="editor" type="capit">L</reg></choice>eprosus ind bat
              <lb facs="#N_016r_b_16"/>den <choice><abbr>here&#x304;</abbr> <expan>heren</expan></choice> zo gast myt <choice><abbr>syne&#x304;</abbr> <expan>synen</expan></choice>
              <lb facs="#N_016r_b_17"/>jonger<pc resp="editor">.</pc> <choice><orig>i</orig><reg resp="editor" type="capit">I</reg></choice>nd do it <choice><abbr>qua&#x304;</abbr> <expan>quam</expan></choice> by der
              <lb facs="#N_016r_b_18"/>mailtzijt<pc resp="editor">,</pc> geynck die here
              <lb facs="#N_016r_b_19"/>in <name type="person" nymRef="Simon"><choice><orig>s</orig><reg resp="editor" type="capit">S</reg></choice>ymons</name> huys<pc source="manuscript">.</pc>
            </ab>

            <ab xml:id="Martha_encourages_Mary"> <choice><orig>i</orig><reg resp="editor" type="capit">I</reg></choice>nd <name type="person" nymRef="Martha"><choice><orig>m</orig><reg resp="editor" type="capit">M</reg></choice>artha</name>
              <lb facs="#N_016r_b_20"/>geynck zo irre suster ind
              <lb facs="#N_016r_b_21"/>sachte ir<pc resp="editor">,</pc> dat der here weire
              <lb facs="#N_016r_b_22"/>ewech <choice><abbr>gegange&#x304;</abbr> <expan>gegangen</expan></choice><pc source="manuscript">.</pc> <choice><orig>d</orig><reg resp="editor" type="capit">D</reg></choice>o sachte
              <lb facs="#N_016r_b_23"/><name type="person" nymRef="Mary_Magdalene">Magdalena</name><pc resp="editor">: "</pc><choice><orig>o</orig><reg resp="editor" type="capit">O</reg></choice>ch myn lieue
              <lb facs="#N_016r_b_24"/>suster<pc resp="editor">,</pc> du hatz myr gesacht<pc resp="editor">,</pc>
              <lb facs="#N_016r_b_25"/>dat der here also <choice><abbr>leyffliche&#x304;</abbr> <expan>leyfflichen</expan></choice>
              <lb facs="#N_016r_b_26"/>were in syme angesicht<pc resp="editor">.</pc>
              <lb facs="#N_016r_b_27"/>Ich <choice><abbr>sage&#x304;</abbr> <expan>sagen</expan></choice> dyr<pc resp="editor">,</pc> dat ich in alle
              <lb facs="#N_016r_b_28"/>myme <choice><abbr>leue&#x304;</abbr> <expan>leuen</expan></choice> vreylicher
             <pb edRef="#N" facs="#N_016v"/>
             <cb edRef="#N" facs="#N_016v_a"/>
              <lb facs="#N_016v_a_01"/>angesicht ni hayn geseyn<pc resp="editor">,</pc>
              <lb facs="#N_016v_a_02"/>als myr der here beweys<pc resp="editor">,</pc>
              <lb facs="#N_016v_a_03"/>do hei mych ansach<pc resp="editor">,</pc> want
              <lb facs="#N_016v_a_04"/>hei sach durch die dur <choice><abbr>my&#x304;s</abbr> <expan>myns</expan></choice>
              <lb facs="#N_016v_a_05"/><choice><abbr>hertze&#x304;</abbr> <expan>hertzen</expan></choice><pc resp="editor">,</pc> also dat ich bekant
              <lb facs="#N_016v_a_06"/>al myn <choice><abbr>sunde&#x304;</abbr> <expan>sunden</expan></choice><pc resp="editor">,</pc> die ich <choice><abbr>hay&#x304;</abbr> <expan>hayn</expan></choice>
              <lb facs="#N_016v_a_07"/>gedayn<pc source="manuscript">.</pc><pc resp="editor">"</pc> <name type="person" nymRef="Martha">Martha</name> die sprach<pc resp="editor">:
              <lb facs="#N_016v_a_08"/>"</pc><choice><orig>l</orig><reg resp="editor" type="capit">L</reg></choice>ieue suster<pc resp="editor">,</pc> haue dich wail<pc resp="editor">,</pc>
              <lb facs="#N_016v_a_09"/>der here sal die noch ver
              <lb facs="#N_016v_a_10"/><choice><abbr>geue&#x304;</abbr> <expan>geuen</expan></choice> alle dyn sunden<pc source="manuscript">.</pc> <choice><orig>i</orig><reg resp="editor" type="capit">I</reg></choice>nd
              <lb facs="#N_016v_a_11"/>ich wyl gayn ind dienen
              <lb facs="#N_016v_a_12"/>eme zo der taiffelen in
              <lb facs="#N_016v_a_13"/><name type="person" nymRef="Simon"><choice><orig>s</orig><reg resp="editor" type="capit">S</reg></choice>ymons</name> huys<pc resp="editor">,</pc> da sal hei
              <lb facs="#N_016v_a_14"/>essen<pc source="manuscript">.</pc> cum myt dar<pc source="manuscript">.</pc><pc resp="editor">"</pc> <name type="person" nymRef="Mary_Magdalene"><choice><orig>m</orig><reg resp="editor" type="capit">M</reg></choice>a
              <lb facs="#N_016v_a_15"/>ria</name> sloich ir angesicht zo
              <lb facs="#N_016v_a_16"/>der erden ind ni antowr
              <lb facs="#N_016v_a_17"/>ir neit<pc source="manuscript">.</pc>
            </ab>

            <ab xml:id="Martha_in_Simons_house"> <name type="person" nymRef="Martha"><choice><orig>m</orig><reg resp="editor" type="capit">M</reg></choice>artha</name> geynck
              <lb facs="#N_016v_a_18"/>in <name type="person" nymRef="Simon"><choice><orig>sm</orig><reg resp="editor" type="capit">S</reg></choice>ymons</name> huys<pc resp="editor">,</pc> deme <choice><abbr>he
              <lb facs="#N_016v_a_19"/>re&#x304;</abbr> <expan>heren</expan></choice> zo <choice><abbr>diene&#x304;</abbr> <expan>dienen</expan></choice><pc source="manuscript">.</pc> <choice><orig>d</orig><reg resp="editor" type="capit">D</reg></choice>er here <name type="person" nymRef="Jesus_Christ"><choice><abbr>ih&#x312;s</abbr><expan>Ihesus</expan></choice></name>
              <lb facs="#N_016v_a_20"/>vragede <name type="person" nymRef="Martha"><choice><orig>m</orig><reg resp="editor" type="capit">M</reg></choice>arthen</name><pc resp="editor">: "</pc><choice><orig>w</orig><reg resp="editor" type="capit">W</reg></choice>as is
              <lb facs="#N_016v_a_21"/>dyn suster<pc resp="editor">?</pc> <choice><orig>w</orig><reg resp="editor" type="capit">W</reg></choice>ylt sy ouch
              <lb facs="#N_016v_a_22"/><choice><abbr>kome&#x304;</abbr> <expan>komen</expan></choice><pc><choice><orig>.</orig><reg resp="editor" type="punct">?"</reg></choice></pc> <name type="person" nymRef="Martha">Martha</name> antwor
              <lb facs="#N_016v_a_23"/>de deme <choice><abbr>here&#x304;</abbr> <expan></expan></choice> ind sprach<pc resp="editor">:
              <lb facs="#N_016v_a_24"/>"</pc><choice><orig>o</orig><reg resp="editor" type="capit">O</reg></choice>ch lieue here<pc resp="editor">,</pc> myn suster
              <lb facs="#N_016v_a_25"/>licht ind schreyt ind clacht<pc resp="editor">,</pc>
              <lb facs="#N_016v_a_26"/>dattu sy also strenge an
              <lb facs="#N_016v_a_27"/>seichs<pc source="manuscript">.</pc> <choice><orig>h</orig><reg resp="editor" type="capit">H</reg></choice>er vmb <choice><abbr>bydde&#x304;</abbr> <expan>bydden</expan></choice>
              <lb facs="#N_016v_a_28"/>ich dich<pc resp="editor">,</pc> du troister alre
             <cb edRef="#N" facs="#N_016v_b"/>
              <lb facs="#N_016v_b_01"/>bedroifder <choice><abbr>hertze&#x304;</abbr> <expan>hertzen</expan></choice><pc resp="editor">,</pc> ist dat
              <lb facs="#N_016v_b_02"/>sy her cumpt<pc resp="editor">,</pc> sprich ir
              <lb facs="#N_016v_b_03"/>doch eyn troistlich wort
              <lb facs="#N_016v_b_04"/>zo<pc source="manuscript">.</pc><pc resp="editor">"</pc> <choice><orig>v</orig><reg resp="editor" type="capit">V</reg></choice>ns lieue here sacht<pc resp="editor">:
              <lb facs="#N_016v_b_05"/>"</pc><name type="person" nymRef="Martha"><choice><orig>m</orig><reg resp="editor" type="capit">M</reg></choice>artha</name><pc resp="editor">,</pc> myn lieue <choice><abbr>vru&#x304;
              <lb facs="#N_016v_b_06"/>dyn</abbr> <expan>vrundyn</expan></choice><pc resp="editor">,</pc> ich <choice><abbr><add place="above">ge</add>loue&#x304;</abbr> <expan>gelouen</expan></choice> dyr<pc resp="editor">,</pc> cumpt
              <lb facs="#N_016v_b_07"/>dyn suster<pc resp="editor">,</pc> ich wyl ir <choice><abbr>vru&#x304;t
              <lb facs="#N_016v_b_08"/>liche&#x304;</abbr> <expan>vruntlichen</expan></choice> zo sprechen<pc source="manuscript">.</pc><pc resp="editor">"</pc>
            </ab>

            <ab xml:id="Gregory_comment"> Sent
              <lb facs="#N_016v_b_09"/><name type="person" nymRef="Gregory"><choice><abbr><choice><orig>g</orig><reg resp="editor" type="capit">G</reg></choice>regori&#42864;</abbr><expan><choice><orig>g</orig><reg resp="editor" type="capit">G</reg></choice>regorius</expan></choice></name> spricht<pc resp="editor">,</pc> als ich
              <lb facs="#N_016v_b_10"/>dencken<pc resp="editor">,</pc> we <name type="person" nymRef="Mary_Magdalene"><choice><orig>m</orig><reg resp="editor" type="capit">M</reg></choice>aria</name> <choice><abbr>gey&#x304;ck</abbr> <expan>geynck</expan></choice>
              <lb facs="#N_016v_b_11"/>in <name type="person" nymRef="Simon"><choice><orig>s</orig><reg resp="editor" type="capit">S</reg></choice>ymons</name> huys <choice><abbr>vngleade&#x304;</abbr> <expan>vngleaden</expan></choice>
              <lb facs="#N_016v_b_12"/>ind <choice><abbr>vngebede&#x304;</abbr> <expan>vngebeden</expan></choice><pc resp="editor">,</pc> ind we dat
              <lb facs="#N_016v_b_13"/>sy ir trane ws gous up
              <lb facs="#N_016v_b_14"/>de vois des <choice><abbr>here&#x304;</abbr> <expan>heren</expan></choice><pc source="manuscript">.</pc> <choice><orig>i</orig><reg resp="editor" type="capit">I</reg></choice>nd we
              <lb facs="#N_016v_b_15"/>dat sy myt <choice><abbr>ire&#x304;</abbr> <expan>iren</expan></choice> [getilgt: <choice><abbr>trane&#x304;</abbr> <expan>tranen</expan></choice>] hair
              <lb facs="#N_016v_b_16"/>die vois des <choice><abbr>here&#x304;</abbr> <expan>heren</expan></choice> druegde.
              <lb facs="#N_016v_b_17"/><choice><orig>s</orig><reg resp="editor" type="capit">S</reg></choice>o in kan ich myn hertze
              <lb facs="#N_016v_b_18"/>ind <choice><abbr>ouge&#x304;</abbr> <expan>ougen</expan></choice> neit langer int
              <lb facs="#N_016v_b_19"/>halden van schryen ind
              <lb facs="#N_016v_b_20"/>van <choice><abbr>weyne&#x304;</abbr> <expan>weynen</expan></choice><pc resp="editor">.</pc>
            </ab>

            <ab xml:id="Mary_in_Simons_house"> <name type="person" nymRef="Pseudo_Isidore">Isydorus</name> be
              <lb facs="#N_016v_b_21"/>schryfft<pc resp="editor">,</pc> do de here woul
              <lb facs="#N_016v_b_22"/>de gayn <choice><abbr>sijtze&#x304;</abbr> <expan>sijtzen</expan></choice> zo der taif
              <lb facs="#N_016v_b_23"/>fellen<pc resp="editor">,</pc> do veil hei eirste vp
              <lb facs="#N_016v_b_24"/>syn gebenedijde kneyn
              <lb facs="#N_016v_b_25"/>ind louede <choice><abbr>syne&#x304;</abbr> <expan>synen</expan></choice> hemel
              <lb facs="#N_016v_b_26"/>schen vader<pc source="manuscript">.</pc> <choice><orig>d</orig><reg resp="editor" type="capit">D</reg></choice>o so geynck
              <lb facs="#N_016v_b_27"/>in dat huys zo deme <choice><abbr>here&#x304;</abbr> <expan>heren</expan></choice>
              <lb facs="#N_016v_b_28"/>die edel vrauwe <name type="person" nymRef="Mary_Magdalene"><choice><orig>m</orig><reg resp="editor" type="capit">M</reg></choice>aria
             <pb edRef="#N" facs="#N_017r"/>
             <cb edRef="#N" facs="#N_017r_a"/>
              <lb facs="#N_017r_a_01"/><choice><abbr>Magdale&#x304;a</abbr> <expan>Magdalena</expan></choice></name> myt groisser
              <lb facs="#N_017r_a_02"/>vreuden ind gous deme
              <lb facs="#N_017r_a_03"/><choice><abbr>here&#x304;</abbr> <expan>heren</expan></choice> die wailruchende
              <lb facs="#N_017r_a_04"/>salue up syn houfft<pc source="manuscript">.</pc> <choice><orig>i</orig><reg resp="editor" type="capit">I</reg></choice>nd
              <lb facs="#N_017r_a_05"/>veil vur die vois vns he
              <lb facs="#N_017r_a_06"/>ren cussende ind <choice><abbr>weyne&#x304;de</abbr> <expan>weynende</expan></choice><pc resp="editor">,</pc>
              <lb facs="#N_017r_a_07"/>also lange dat der here
              <lb facs="#N_017r_a_08"/>sprach<pc resp="editor">: "</pc><name type="person" nymRef="Mary_Magdalene">Maria</name><pc resp="editor">,</pc> dir synt all
              <lb facs="#N_017r_a_09"/>dyn sunden <choice><abbr>vergeue&#x304;</abbr> <expan>vergeuen</expan></choice><pc resp="editor">,</pc> <choice><abbr>ga&#x304;ck</abbr> <expan>ganck</expan></choice>
              <lb facs="#N_017r_a_10"/>in vreden<pc source="manuscript">.</pc><pc resp="editor">"</pc> <name type="person" nymRef="Mary_Magdalene">Maria</name> stoynt
              <lb facs="#N_017r_a_11"/>up in gotlicher begerden
              <lb facs="#N_017r_a_12"/>ind l<add place="above">e</add>yffden ind was <choice><abbr>gesu&#x304;t</abbr> <expan>gesunt</expan></choice>
              <lb facs="#N_017r_a_13"/>in selen ind in lijue <pc><del>.</del></pc> ind
              <lb facs="#N_017r_a_14"/>geynck weder in <name type="person" nymRef="Martha">Marthen</name>
              <lb facs="#N_017r_a_15"/>huys ind veil vp die erde
              <lb facs="#N_017r_a_16"/>ind danckde goede myt
              <lb facs="#N_017r_a_17"/><choice><abbr>weynende&#x304;</abbr> <expan></expan></choice> <choice><abbr>ouge&#x304;</abbr> <expan>ougen</expan></choice> vur syn
              <lb facs="#N_017r_a_18"/>groisse <choice><abbr>waildade&#x304;</abbr> <expan>waildaden</expan></choice><pc source="manuscript">.</pc>
            </ab>

            <ab xml:id="VirginMary_visits"> In der
              <lb facs="#N_017r_a_19"/>seluer tzijt hoirte de <name type="person" nymRef="Virgin_Mary"><choice><abbr>mod&#795;</abbr><expan>moder</expan></choice>
              <lb facs="#N_017r_a_20"/><name type="person" nymRef="Jesus_Christ"><choice><abbr>xp&#x305;i</abbr><expan>Christi</expan></choice></name></name><pc resp="editor">,</pc> dat ir leiff kynt was
              <lb facs="#N_017r_a_21"/>zo <name type="place" nymRef="Bethany"><choice><orig>b</orig><reg resp="editor" type="capit">B</reg></choice>ethanien</name><pc resp="editor">.</pc> her vumb <choice><abbr>qua&#x304;</abbr> <expan>quam</expan></choice>
              <lb facs="#N_017r_a_22"/>sy dar den <choice><abbr>here&#x304;</abbr> <expan>heren</expan></choice> zo <choice><abbr>spreche&#x304;</abbr> <expan>sprechen</expan></choice>
              <lb facs="#N_017r_a_23"/>ind vernam<pc resp="editor">,</pc> dat hei <name type="person" nymRef="Mary_Magdalene"><choice><abbr><choice><orig>m</orig><reg resp="editor" type="capit">M</reg></choice>arie&#x304;</abbr> <expan><choice><orig>m</orig><reg resp="editor" type="capit">M</reg></choice>arien</expan></choice>
              <lb facs="#N_017r_a_24"/><choice><abbr>magdalene&#x304;</abbr> <expan><choice><orig>m</orig><reg resp="editor" type="capit">M</reg></choice>agdalenen</expan></choice></name> al ir sunden
              <lb facs="#N_017r_a_25"/>hat <choice><abbr>vergeue&#x304;</abbr> <expan>vergeuen</expan></choice><pc source="manuscript">.</pc> <choice><orig>d</orig><reg resp="editor" type="capit">D</reg></choice>o geynck sy
              <lb facs="#N_017r_a_26"/>zo <name type="person" nymRef="Mary_Magdalene"><choice><orig>m</orig><reg resp="editor" type="capit">M</reg></choice>arien</name> in dat huys yr
              <lb facs="#N_017r_a_27"/>re suster<pc resp="editor">,</pc> vmb sy zo <choice><abbr>troiste&#x304;</abbr> <expan>troisten</expan></choice>
              <lb facs="#N_017r_a_28"/>zo eyme goden <choice><abbr>gotliche&#x304;</abbr> <expan>gotlichen</expan></choice> <choice><abbr>leue&#x304;</abbr> <expan>leuen</expan></choice><pc resp="editor">.</pc>
             <cb edRef="#N" facs="#N_017r_b"/>
              <lb facs="#N_017r_b_01"/><choice><orig>d</orig><reg resp="editor" type="capit">D</reg></choice>e <name type="person" nymRef="Virgin_Mary">moder <name type="person" nymRef="Jesus_Christ"><choice><abbr>xp&#x305;i</abbr><expan>Christi</expan></choice></name></name> geynck in
              <lb facs="#N_017r_b_02"/>dat huys ind woulde myt
              <lb facs="#N_017r_b_03"/>vffgereckden <choice><abbr>arme&#x304;</abbr> <expan>armen</expan></choice> <name type="person" nymRef="Mary_Magdalene"><choice><abbr><choice><orig>m</orig><reg resp="editor" type="capit">M</reg></choice>agda
              <lb facs="#N_017r_b_04"/>lene&#x304;</abbr> <expan>magdalenen</expan></choice></name> vmb gryffen<pc source="manuscript">.</pc> do sprach
              <lb facs="#N_017r_b_05"/><name type="person" nymRef="Mary_Magdalene"><choice><orig>m</orig><reg resp="editor" type="capit">M</reg></choice>agdalene</name><pc resp="editor">: "</pc>O du alre heil
              <lb facs="#N_017r_b_06"/>lichste maget<pc resp="editor">,</pc> schryn des
              <lb facs="#N_017r_b_07"/>hoisten konyncks<pc resp="editor">,</pc> gayt <choice><abbr>va&#x304;</abbr> <expan>van</expan></choice>
              <lb facs="#N_017r_b_08"/>myr<pc resp="editor">,</pc> want myn sundige
              <lb facs="#N_017r_b_09"/>lycham in is neit weirdich
              <lb facs="#N_017r_b_10"/>an zo roeren dat lycham<pc resp="editor">,</pc>
              <lb facs="#N_017r_b_11"/>da myn selich mecher in be
              <lb facs="#N_017r_b_12"/>slossen hait gewest<pc resp="editor">,</pc> myn
              <lb facs="#N_017r_b_13"/>here <name type="person" nymRef="Jesus_Christ"><choice><abbr>ih&#x031B;us</abbr><expan>Ihesus</expan></choice> <choice><abbr>xp&#x305;s</abbr><expan>Christus</expan></choice></name><pc source="manuscript">.</pc><pc resp="editor">"</pc> do sprach
              <lb facs="#N_017r_b_14"/>de <name type="person" nymRef="Virgin_Mary">moder <name type="person" nymRef="God"><choice><orig>g</orig><reg resp="editor" type="capit">G</reg></choice>otz</name></name><pc resp="editor">: "</pc>O du fun
              <lb facs="#N_017r_b_15"/>teyn myns kyntz ind <choice><abbr>my&#x304;</abbr> <expan>myn</expan></choice><pc resp="editor">,</pc>
              <lb facs="#N_017r_b_16"/>ich <choice><abbr>beke&#x304;ne</abbr> <expan>bekenne</expan></choice> van <choice><orig>g</orig><reg resp="editor" type="capit">G</reg></choice>odes we
              <lb facs="#N_017r_b_17"/>gen<pc resp="editor">,</pc> dattu bys reyn an <choice><abbr>sele&#x304;</abbr> <expan>selen</expan></choice>
              <lb facs="#N_017r_b_18"/>ind an lijue van allen
              <lb facs="#N_017r_b_19"/>vlecken<pc source="manuscript">.</pc><pc resp="editor">"</pc> <choice><orig>i</orig><reg resp="editor" type="capit">I</reg></choice>nd die <name type="person" nymRef="Virgin_Mary">moder
              <lb facs="#N_017r_b_20"/><name type="person" nymRef="God"><choice><orig>g</orig><reg resp="editor" type="capit">G</reg></choice>otz</name></name> nam sy <choice><abbr>my&#x304;neclichen</abbr> <expan>mynneclichen</expan></choice>
              <lb facs="#N_017r_b_21"/>in ir <choice><abbr>arme&#x304;</abbr> <expan>armen</expan></choice> ind cusde sy<pc source="manuscript">.</pc> <choice><orig>d</orig><reg resp="editor" type="capit">D</reg></choice>o
              <lb facs="#N_017r_b_22"/>sagen die tzwa susteren
              <lb facs="#N_017r_b_23"/>vnser lieuer vrauwen<pc resp="editor">,</pc> de
              <lb facs="#N_017r_b_24"/>dar <choice><abbr>kome&#x304;</abbr> <expan>komen</expan></choice> <choice><abbr>waire&#x304;</abbr> <expan>wairen</expan></choice> zo <choice><abbr>vnse&#x304;</abbr> <expan>vnsen</expan></choice>
              <lb facs="#N_017r_b_25"/><choice><abbr>lieue&#x304;</abbr> <expan>lieuen</expan></choice> <choice><abbr>here&#x304;</abbr> <expan>heren</expan></choice> ind <name type="person" nymRef="Martilla"><choice><orig>m</orig><reg resp="editor" type="capit">M</reg></choice>arcella</name><pc resp="editor">,</pc>
              <lb facs="#N_017r_b_26"/>dat dese tzway <name type="person" nymRef="Virgin_Mary"><choice><orig>m</orig><reg resp="editor" type="capit">M</reg></choice>arien<pc resp="editor">,</pc>
              <lb facs="#N_017r_b_27"/>die moder <name type="person" nymRef="God"><choice><orig>g</orig><reg resp="editor" type="capit">G</reg></choice>otz</name></name> ind <name type="person" nymRef="Mary_Magdalene"><choice><orig>m</orig><reg resp="editor" type="capit">M</reg></choice>ag
              <lb facs="#N_017r_b_28"/>dalena</name><pc resp="editor">,</pc> worden vp <choice><abbr>erhaue&#x304;</abbr> <expan>erhauen</expan></choice>
             <pb edRef="#N" facs="#N_017v"/>
             <cb edRef="#N" facs="#N_017v_a"/>
              <lb facs="#N_017v_a_01"/>van der erden tzwa <choice><abbr>elle&#x304;</abbr> <expan>ellen</expan></choice>
              <lb facs="#N_017v_a_02"/>hoege ind worden neder
              <lb facs="#N_017v_a_03"/>gesat eirwerdentlichen
              <lb facs="#N_017v_a_04"/>zo der erden<pc source="manuscript">.</pc>
            </ab>

            <ab xml:id="Mary_rest_of_life"> <choice><orig>d</orig><reg resp="editor" type="capit">D</reg></choice>a was <name type="person" nymRef="Mary_Magdalene"><choice><orig>m</orig><reg resp="editor" type="capit">M</reg></choice>a
              <lb facs="#N_017v_a_05"/>ria <choice><orig>m</orig><reg resp="editor" type="capit">M</reg></choice>agdalena</name> alle de
              <lb facs="#N_017v_a_06"/>tzijt irs leuens in deme
              <lb facs="#N_017v_a_07"/>dynste <choice><orig>g</orig><reg resp="editor" type="capit">G</reg></choice>otz<pc><choice><orig>.</orig><reg resp="editor"></reg></choice></pc> ind volgde
              <lb facs="#N_017v_a_08"/>eme na<pc resp="editor">,</pc> hoerede syn gode
              <lb facs="#N_017v_a_09"/>leire ind was by eme zo
              <lb facs="#N_017v_a_10"/>syme dode<pc source="manuscript">.</pc> <choice><orig>i</orig><reg resp="editor" type="capit">I</reg></choice>nd na der he
              <lb facs="#N_017v_a_11"/>melvart vns heren <choice><abbr>geync&#x304;</abbr> <expan>geynck</expan></choice>
              <lb facs="#N_017v_a_12"/>sy in die woestenye ind
              <lb facs="#N_017v_a_13"/>nam dar geyn spyse <choice><abbr>by&#x304;</abbr><expan>byn</expan></choice>
              <lb facs="#N_017v_a_14"/><del rend="strikethrough" reason="?">nen</del> alle <choice><abbr>ire&#x304;</abbr> <expan>iren</expan></choice> <choice><abbr>leuendage&#x304;</abbr> <expan>leuendagen</expan></choice><pc resp="editor">.</pc>
              <lb facs="#N_017v_a_15"/>Mer die heilge engel na
              <lb facs="#N_017v_a_16"/>men sy vp des dages zo
              <lb facs="#N_017v_a_17"/><choice><abbr>seue&#x304;</abbr> <expan>seuen</expan></choice> <choice><abbr>zijde&#x304;</abbr> <expan>zijden</expan></choice> ind <choice><abbr>sunge&#x304;</abbr> <expan>sungen</expan></choice> ind
              <lb facs="#N_017v_a_18"/><choice><abbr>louede&#x304;</abbr> <expan>loueden</expan></choice> <name type="person" nymRef="God">got</name> den <choice><abbr>here&#x304;</abbr> <expan>heren</expan></choice><pc source="manuscript">.</pc> Dar
              <lb facs="#N_017v_a_19"/>na<pc resp="editor">,</pc> do sy starff<pc resp="editor">,</pc> <choice><abbr>name&#x304;</abbr> <expan>namen</expan></choice> die
              <lb facs="#N_017v_a_20"/>heilge engel ir sele ind
              <lb facs="#N_017v_a_21"/>voirten sy myt groisser
              <lb facs="#N_017v_a_22"/><choice><abbr>eire&#x304;</abbr> <expan>eiren</expan></choice> zo deme ewigen
              <lb facs="#N_017v_a_23"/><choice><abbr>leue&#x304;</abbr> <expan>leuen</expan></choice> in dat gotliche <choice><abbr>an
              <lb facs="#N_017v_a_24"/>schauwe&#x304;</abbr> <expan>anschauwen</expan></choice><pc source="manuscript">.</pc>
            </ab>

            <ab xml:id="epilogue"> Ir bekeirynge
              <lb facs="#N_017v_a_25"/>geschach<pc resp="editor">,</pc> als die leirers
              <lb facs="#N_017v_a_26"/><choice><abbr>schryue&#x304;</abbr> <expan>schryuen</expan></choice><pc resp="editor">,</pc> vp den eirsten
              <lb facs="#N_017v_a_27"/>dach des mertz<pc resp="editor" source="manuscript">.</pc> Sent
              <lb facs="#N_017v_a_28"/><name type="person" nymRef="Mary_Magdalene"><choice><orig>m</orig><reg resp="editor" type="capit">M</reg></choice>aria <choice><orig>m</orig><reg resp="editor" type="capit">M</reg></choice>agdalena</name> spricht<pc resp="editor">:
             <cb edRef="#N" facs="#N_017v_b"/>
              <lb facs="#N_017v_b_01"/>"</pc>Alle hait myr <choice><orig>g</orig><reg resp="editor" type="capit">G</reg></choice>ot al <choice><abbr>my&#x304;</abbr> <expan>myn</expan></choice>
              <lb facs="#N_017v_b_02"/>sunden <choice><abbr>vergeue&#x304;</abbr> <expan>vergeuen</expan></choice><pc resp="editor">.</pc> Ich in sal
              <lb facs="#N_017v_b_03"/>sy myr <choice><abbr>nu&#x304;merme</abbr> <expan>nummerme</expan></choice> verge
              <lb facs="#N_017v_b_04"/>uen.<pc resp="editor">"</pc>
            </ab>

        </body>
    </text>
</TEI>
